apk;config;num_flows;time;total_TP;detected_TP;total_FP;detected_FP
/home/asm140830/Documents/benchmarks/fossdroid/results/amandroid/replication3/singleconf/eu.kanade.tachiyomi_41.apk;config_Amandroid_kcontext0.xml;0;20262.930150842294;0;0;0;0
/home/asm140830/Documents/benchmarks/fossdroid/results/amandroid/replication3/singleconf/net.tedstein.AndroSS_17.apk;config_Amandroid_kcontext0.xml;0;44719.42840400152;0;0;0;0
/home/asm140830/Documents/benchmarks/fossdroid/results/amandroid/replication3/singleconf/org.dnaq.dialer2_17.apk;config_Amandroid_kcontext0.xml;0;44891.962552210316;0;0;0;0
/home/asm140830/Documents/benchmarks/fossdroid/results/amandroid/replication3/singleconf/com.nutomic.ensichat_17.apk;config_Amandroid_kcontext0.xml;0;18905.761890113354;0;0;0;0
/home/asm140830/Documents/benchmarks/fossdroid/results/amandroid/replication3/singleconf/pt.isec.tp.am_4.apk;config_Amandroid_kcontext0.xml;0;46802.02346807346;0;0;0;0
/home/asm140830/Documents/benchmarks/fossdroid/results/amandroid/replication3/singleconf/eu.polarclock_10.apk;config_Amandroid_kcontext0.xml;0;44676.19553115219;0;0;0;0
/home/asm140830/Documents/benchmarks/fossdroid/results/amandroid/replication3/singleconf/eu.kanade.tachiyomi_41.apk;config_Amandroid_default.xml;0;21842.319315997884;0;0;0;0
/home/asm140830/Documents/benchmarks/fossdroid/results/amandroid/replication3/singleconf/io.github.alketii.mightyknight_1.apk;config_Amandroid_kcontext0.xml;0;46511.63964299485;0;0;0;0
/home/asm140830/Documents/benchmarks/fossdroid/results/amandroid/replication3/singleconf/org.dyndns.sven_ola.debian_kit_6.apk;config_Amandroid_kcontext0.xml;0;43696.75010209903;0;0;0;0
/home/asm140830/Documents/benchmarks/fossdroid/results/amandroid/replication3/singleconf/org.zamedev.gloomydungeons2.opensource_1602221800.apk;config_Amandroid_kcontext0.xml;0;20346.82287904434;0;0;0;0
/home/asm140830/Documents/benchmarks/fossdroid/results/amandroid/replication3/singleconf/ru.henridellal.dialer_10.apk;config_Amandroid_kcontext0.xml;0;44731.70922603458;0;0;0;0
/home/asm140830/Documents/benchmarks/fossdroid/results/amandroid/replication3/singleconf/com.notriddle.budget_44.apk;config_Amandroid_kcontext0.xml;0;45247.77427781373;0;0;0;0
/home/asm140830/Documents/benchmarks/fossdroid/results/amandroid/replication3/singleconf/org.jsl.wfwt_14.apk;config_Amandroid_kcontext0.xml;0;43714.42466694862;0;0;0;0
/home/asm140830/Documents/benchmarks/fossdroid/results/amandroid/replication3/singleconf/protect.budgetwatch_29.apk;config_Amandroid_default.xml;0;43715.5349990353;0;0;0;0
/home/asm140830/Documents/benchmarks/fossdroid/results/amandroid/replication3/singleconf/daniel_32.flexiblewallpaper_2.apk;config_Amandroid_kcontext0.xml;0;45251.253084046766;0;0;0;0
/home/asm140830/Documents/benchmarks/fossdroid/results/amandroid/replication3/singleconf/com.angrydoughnuts.android.alarmclock_15.apk;config_Amandroid_kcontext0.xml;0;43442.04815197736;0;0;0;0
/home/asm140830/Documents/benchmarks/fossdroid/results/amandroid/replication3/singleconf/nya.miku.wishmaster_54.apk;config_Amandroid_kcontext0.xml;0;44330.95138706267;0;0;0;0
/home/asm140830/Documents/benchmarks/fossdroid/results/amandroid/replication3/singleconf/uk.co.yahoo.p1rpp.calendartrigger_7.apk;config_Amandroid_kcontext0.xml;0;45274.24684492871;0;0;0;0
/home/asm140830/Documents/benchmarks/fossdroid/results/amandroid/replication3/singleconf/org.ninthfloor.copperpdf_4.apk;config_Amandroid_kcontext0.xml;0;46223.505737958476;0;0;0;0
/home/asm140830/Documents/benchmarks/fossdroid/results/amandroid/replication3/singleconf/com.github.yeriomin.workoutlog_2.apk;config_Amandroid_kcontext0.xml;0;44867.03410791233;0;0;0;0
/home/asm140830/Documents/benchmarks/fossdroid/results/amandroid/replication3/singleconf/org.jfedor.frozenbubble_54.apk;config_Amandroid_kcontext0.xml;0;46748.10393596999;0;0;0;0
/home/asm140830/Documents/benchmarks/fossdroid/results/amandroid/replication3/singleconf/net.khertan.forrunners_101030.apk;config_Amandroid_kcontext0.xml;0;46838.665480026975;0;0;0;0
/home/asm140830/Documents/benchmarks/fossdroid/results/amandroid/replication3/singleconf/org.ninthfloor.copperpdf_4.apk;config_Amandroid_default.xml;0;44624.81845007278;0;0;0;0
/home/asm140830/Documents/benchmarks/fossdroid/results/amandroid/replication3/singleconf/protect.budgetwatch_29.apk;config_Amandroid_kcontext0.xml;0;44278.42836803757;0;0;0;0
/home/asm140830/Documents/benchmarks/fossdroid/results/amandroid/replication3/singleconf/anupam.acrylic_17.apk;config_Amandroid_kcontext0.xml;0;46729.13184505887;0;0;0;0
/home/asm140830/Documents/benchmarks/fossdroid/results/amandroid/replication3/singleconf/net.osmand.plus_355.apk;config_Amandroid_kcontext0.xml;0;7214647.966301069;0;0;0;0
/home/asm140830/Documents/benchmarks/fossdroid/results/amandroid/replication3/singleconf/jackpal.androidterm_72.apk;config_Amandroid_kcontext0.xml;0;44736.54211289249;0;0;0;0
/home/asm140830/Documents/benchmarks/fossdroid/results/amandroid/replication3/singleconf/com.miqote.shanawp_10.apk;config_Amandroid_kcontext0.xml;0;45380.48354606144;0;0;0;0
/home/asm140830/Documents/benchmarks/fossdroid/results/amandroid/replication3/singleconf/jackpal.androidterm_72.apk;config_Amandroid_default.xml;0;43642.78110093437;0;0;0;0
/home/asm140830/Documents/benchmarks/fossdroid/results/amandroid/replication3/singleconf/anupam.acrylic_17.apk;config_Amandroid_default.xml;0;45634.802639018744;0;0;0;0
/home/asm140830/Documents/benchmarks/fossdroid/results/amandroid/replication3/singleconf/trikita.talalarmo_19.apk;config_Amandroid_kcontext0.xml;0;46217.97648794018;0;0;0;0
/home/asm140830/Documents/benchmarks/fossdroid/results/amandroid/replication3/singleconf/uk.co.yahoo.p1rpp.calendartrigger_7.apk;config_Amandroid_default.xml;0;45124.7411291115;0;0;0;0
/home/asm140830/Documents/benchmarks/fossdroid/results/amandroid/replication3/singleconf/daniel_32.flexiblewallpaper_2.apk;config_Amandroid_default.xml;0;43635.084856068715;0;0;0;0
/home/asm140830/Documents/benchmarks/fossdroid/results/amandroid/replication3/singleconf/trikita.talalarmo_19.apk;config_Amandroid_default.xml;0;45127.86256684922;0;0;0;0
/home/asm140830/Documents/benchmarks/fossdroid/results/amandroid/replication3/singleconf/io.github.lonamiwebs.klooni_820.apk;config_Amandroid_default.xml;0;45664.458472048864;0;0;0;0
/home/asm140830/Documents/benchmarks/fossdroid/results/amandroid/replication3/singleconf/com.angrydoughnuts.android.alarmclock_15.apk;config_Amandroid_default.xml;0;44627.75333086029;0;0;0;0
/home/asm140830/Documents/benchmarks/fossdroid/results/amandroid/replication3/singleconf/org.tuxpaint_923.apk;config_Amandroid_kcontext0.xml;0;48872.74960707873;0;0;0;0
/home/asm140830/Documents/benchmarks/fossdroid/results/amandroid/replication3/singleconf/ru.henridellal.dialer_10.apk;config_Amandroid_default.xml;0;44137.508146930486;0;0;0;0
/home/asm140830/Documents/benchmarks/fossdroid/results/amandroid/replication3/singleconf/com.gitlab.ardash.appleflinger.android_1005006.apk;config_Amandroid_kcontext0.xml;0;47677.03705909662;0;0;0;0
/home/asm140830/Documents/benchmarks/fossdroid/results/amandroid/replication3/singleconf/net.zygotelabs.locker_11.apk;config_Amandroid_kcontext0.xml;0;46209.705193992704;0;0;0;0
/home/asm140830/Documents/benchmarks/fossdroid/results/amandroid/replication3/singleconf/io.github.lonamiwebs.klooni_820.apk;config_Amandroid_kcontext0.xml;0;46455.42793883942;0;0;0;0
/home/asm140830/Documents/benchmarks/fossdroid/results/amandroid/replication3/singleconf/org.jsl.wfwt_14.apk;config_Amandroid_default.xml;0;44621.62070395425;0;0;0;0
/home/asm140830/Documents/benchmarks/fossdroid/results/amandroid/replication3/singleconf/com.gitlab.ardash.appleflinger.android_1005006.apk;config_Amandroid_default.xml;0;46590.67966393195;0;0;0;0
/home/asm140830/Documents/benchmarks/fossdroid/results/amandroid/replication3/singleconf/pt.isec.tp.am_4.apk;config_Amandroid_default.xml;0;46141.77532005124;0;0;0;0
/home/asm140830/Documents/benchmarks/fossdroid/results/amandroid/replication3/singleconf/org.tuxpaint_923.apk;config_Amandroid_default.xml;0;50223.360392963514;0;0;0;0
/home/asm140830/Documents/benchmarks/fossdroid/results/amandroid/replication3/singleconf/net.tedstein.AndroSS_17.apk;config_Amandroid_default.xml;0;45630.05617307499;0;0;0;0
/home/asm140830/Documents/benchmarks/fossdroid/results/amandroid/replication3/singleconf/com.github.yeriomin.workoutlog_2.apk;config_Amandroid_default.xml;0;46607.54050500691;0;0;0;0
/home/asm140830/Documents/benchmarks/fossdroid/results/amandroid/replication3/singleconf/org.jfedor.frozenbubble_54.apk;config_Amandroid_default.xml;0;47627.45828181505;0;0;0;0
/home/asm140830/Documents/benchmarks/fossdroid/results/amandroid/replication3/singleconf/com.nutomic.ensichat_17.apk;config_Amandroid_default.xml;0;46654.33563711122;0;0;0;0
/home/asm140830/Documents/benchmarks/fossdroid/results/amandroid/replication3/singleconf/com.nutomic.ensichat_17.apk;config_Amandroid_kcontext2.xml;0;47382.967587094754;0;0;0;0
/home/asm140830/Documents/benchmarks/fossdroid/results/amandroid/replication3/singleconf/uk.co.yahoo.p1rpp.calendartrigger_7.apk;config_Amandroid_kcontext2.xml;0;47335.95072897151;0;0;0;0
/home/asm140830/Documents/benchmarks/fossdroid/results/amandroid/replication3/singleconf/eu.polarclock_10.apk;config_Amandroid_default.xml;0;45613.59937209636;0;0;0;0
/home/asm140830/Documents/benchmarks/fossdroid/results/amandroid/replication3/singleconf/io.github.alketii.mightyknight_1.apk;config_Amandroid_default.xml;0;47294.682445935905;0;0;0;0
/home/asm140830/Documents/benchmarks/fossdroid/results/amandroid/replication3/singleconf/org.dnaq.dialer2_17.apk;config_Amandroid_default.xml;0;47119.51624206267;0;0;0;0
/home/asm140830/Documents/benchmarks/fossdroid/results/amandroid/replication3/singleconf/org.dyndns.sven_ola.debian_kit_6.apk;config_Amandroid_default.xml;0;46141.96735504083;0;0;0;0
/home/asm140830/Documents/benchmarks/fossdroid/results/amandroid/replication3/singleconf/net.khertan.forrunners_101030.apk;config_Amandroid_default.xml;0;47501.596929039806;0;0;0;0
/home/asm140830/Documents/benchmarks/fossdroid/results/amandroid/replication3/singleconf/com.github.yeriomin.workoutlog_2.apk;config_Amandroid_kcontext2.xml;0;47309.32817189023;0;0;0;0
/home/asm140830/Documents/benchmarks/fossdroid/results/amandroid/replication3/singleconf/ru.henridellal.dialer_10.apk;config_Amandroid_kcontext2.xml;0;47289.72379700281;0;0;0;0
/home/asm140830/Documents/benchmarks/fossdroid/results/amandroid/replication3/singleconf/nya.miku.wishmaster_54.apk;config_Amandroid_default.xml;0;46769.29776603356;0;0;0;0
/home/asm140830/Documents/benchmarks/fossdroid/results/amandroid/replication3/singleconf/net.zygotelabs.locker_11.apk;config_Amandroid_default.xml;0;46636.29684690386;0;0;0;0
/home/asm140830/Documents/benchmarks/fossdroid/results/amandroid/replication3/singleconf/net.khertan.forrunners_101030.apk;config_Amandroid_kcontext2.xml;0;49065.736764110625;0;0;0;0
/home/asm140830/Documents/benchmarks/fossdroid/results/amandroid/replication3/singleconf/org.zamedev.gloomydungeons2.opensource_1602221800.apk;config_Amandroid_default.xml;0;47228.879225905985;0;0;0;0
/home/asm140830/Documents/benchmarks/fossdroid/results/amandroid/replication3/singleconf/com.notriddle.budget_44.apk;config_Amandroid_default.xml;0;47136.49976393208;0;0;0;0
/home/asm140830/Documents/benchmarks/fossdroid/results/amandroid/replication3/singleconf/com.miqote.shanawp_10.apk;config_Amandroid_default.xml;0;46368.47200803459;0;0;0;0
/home/asm140830/Documents/benchmarks/fossdroid/results/amandroid/replication3/singleconf/jackpal.androidterm_72.apk;config_Amandroid_kcontext2.xml;0;47307.77352885343;0;0;0;0
/home/asm140830/Documents/benchmarks/fossdroid/results/amandroid/replication3/singleconf/anupam.acrylic_17.apk;config_Amandroid_kcontext2.xml;0;48764.654346043244;0;0;0;0
/home/asm140830/Documents/benchmarks/fossdroid/results/amandroid/replication3/singleconf/nya.miku.wishmaster_54.apk;config_Amandroid_kcontext2.xml;0;47126.593749038875;0;0;0;0
/home/asm140830/Documents/benchmarks/fossdroid/results/amandroid/replication3/singleconf/net.osmand.plus_355.apk;config_Amandroid_default.xml;0;7214810.746458126;0;0;0;0
/home/asm140830/Documents/benchmarks/fossdroid/results/amandroid/replication3/singleconf/org.dnaq.dialer2_17.apk;config_Amandroid_kcontext2.xml;0;47271.3248799555;0;0;0;0
/home/asm140830/Documents/benchmarks/fossdroid/results/amandroid/replication3/singleconf/org.zamedev.gloomydungeons2.opensource_1602221800.apk;config_Amandroid_kcontext2.xml;0;48596.27305390313;0;0;0;0
/home/asm140830/Documents/benchmarks/fossdroid/results/amandroid/replication3/singleconf/org.jsl.wfwt_14.apk;config_Amandroid_kcontext3.xml;0;51150.509214028716;0;0;0;0
/home/asm140830/Documents/benchmarks/fossdroid/results/amandroid/replication3/singleconf/pt.isec.tp.am_4.apk;config_Amandroid_kcontext2.xml;0;48776.50101785548;0;0;0;0
/home/asm140830/Documents/benchmarks/fossdroid/results/amandroid/replication3/singleconf/org.dyndns.sven_ola.debian_kit_6.apk;config_Amandroid_kcontext2.xml;0;48759.2862569727;0;0;0;0
/home/asm140830/Documents/benchmarks/fossdroid/results/amandroid/replication3/singleconf/org.jsl.wfwt_14.apk;config_Amandroid_kcontext2.xml;0;47277.51393918879;0;0;0;0
/home/asm140830/Documents/benchmarks/fossdroid/results/amandroid/replication3/singleconf/net.tedstein.AndroSS_17.apk;config_Amandroid_kcontext2.xml;0;48791.704455856234;0;0;0;0
/home/asm140830/Documents/benchmarks/fossdroid/results/amandroid/replication3/singleconf/com.nutomic.ensichat_17.apk;config_Amandroid_kcontext3.xml;0;51099.11714307964;0;0;0;0
/home/asm140830/Documents/benchmarks/fossdroid/results/amandroid/replication3/singleconf/org.ninthfloor.copperpdf_4.apk;config_Amandroid_kcontext2.xml;0;48810.44200994074;0;0;0;0
/home/asm140830/Documents/benchmarks/fossdroid/results/amandroid/replication3/singleconf/com.angrydoughnuts.android.alarmclock_15.apk;config_Amandroid_kcontext2.xml;0;48776.07925888151;0;0;0;0
/home/asm140830/Documents/benchmarks/fossdroid/results/amandroid/replication3/singleconf/pt.isec.tp.am_4.apk;config_Amandroid_kcontext3.xml;0;51236.12980125472;0;0;0;0
/home/asm140830/Documents/benchmarks/fossdroid/results/amandroid/replication3/singleconf/net.zygotelabs.locker_11.apk;config_Amandroid_kcontext2.xml;0;48856.64053214714;0;0;0;0
/home/asm140830/Documents/benchmarks/fossdroid/results/amandroid/replication3/singleconf/com.miqote.shanawp_10.apk;config_Amandroid_kcontext2.xml;0;47392.69987610169;0;0;0;0
/home/asm140830/Documents/benchmarks/fossdroid/results/amandroid/replication3/singleconf/io.github.alketii.mightyknight_1.apk;config_Amandroid_kcontext2.xml;0;48936.298836022615;0;0;0;0
/home/asm140830/Documents/benchmarks/fossdroid/results/amandroid/replication3/singleconf/eu.kanade.tachiyomi_41.apk;config_Amandroid_kcontext2.xml;0;48621.96309003048;0;0;0;0
/home/asm140830/Documents/benchmarks/fossdroid/results/amandroid/replication3/singleconf/protect.budgetwatch_29.apk;config_Amandroid_kcontext2.xml;0;48628.028322942555;0;0;0;0
/home/asm140830/Documents/benchmarks/fossdroid/results/amandroid/replication3/singleconf/daniel_32.flexiblewallpaper_2.apk;config_Amandroid_kcontext2.xml;0;48706.00851485506;0;0;0;0
/home/asm140830/Documents/benchmarks/fossdroid/results/amandroid/replication3/singleconf/org.jfedor.frozenbubble_54.apk;config_Amandroid_kcontext2.xml;0;48834.88422515802;0;0;0;0
/home/asm140830/Documents/benchmarks/fossdroid/results/amandroid/replication3/singleconf/io.github.lonamiwebs.klooni_820.apk;config_Amandroid_kcontext2.xml;0;49002.347219968215;0;0;0;0
/home/asm140830/Documents/benchmarks/fossdroid/results/amandroid/replication3/singleconf/com.notriddle.budget_44.apk;config_Amandroid_kcontext2.xml;0;48793.62772312015;0;0;0;0
/home/asm140830/Documents/benchmarks/fossdroid/results/amandroid/replication3/singleconf/trikita.talalarmo_19.apk;config_Amandroid_kcontext2.xml;0;48771.982087986544;0;0;0;0
/home/asm140830/Documents/benchmarks/fossdroid/results/amandroid/replication3/singleconf/eu.polarclock_10.apk;config_Amandroid_kcontext2.xml;0;50748.67026088759;0;0;0;0
/home/asm140830/Documents/benchmarks/fossdroid/results/amandroid/replication3/singleconf/com.gitlab.ardash.appleflinger.android_1005006.apk;config_Amandroid_kcontext2.xml;0;48767.629125854;0;0;0;0
/home/asm140830/Documents/benchmarks/fossdroid/results/amandroid/replication3/singleconf/org.tuxpaint_923.apk;config_Amandroid_kcontext2.xml;0;116144.65564698912;0;0;0;0
/home/asm140830/Documents/benchmarks/fossdroid/results/amandroid/replication3/singleconf/net.osmand.plus_355.apk;config_Amandroid_kcontext2.xml;0;7214795.527712908;0;0;0;0
/home/asm140830/Documents/benchmarks/fossdroid/results/amandroid/replication3/singleconf/com.github.yeriomin.workoutlog_2.apk;config_Amandroid_kcontext3.xml;0;51164.68996601179;0;0;0;0
/home/asm140830/Documents/benchmarks/fossdroid/results/amandroid/replication3/singleconf/eu.polarclock_10.apk;config_Amandroid_kcontext3.xml;0;50961.29816584289;0;0;0;0
/home/asm140830/Documents/benchmarks/fossdroid/results/amandroid/replication3/singleconf/daniel_32.flexiblewallpaper_2.apk;config_Amandroid_kcontext3.xml;0;51186.87240406871;0;0;0;0
/home/asm140830/Documents/benchmarks/fossdroid/results/amandroid/replication3/singleconf/ru.henridellal.dialer_10.apk;config_Amandroid_kcontext3.xml;0;51126.46494386718;0;0;0;0
/home/asm140830/Documents/benchmarks/fossdroid/results/amandroid/replication3/singleconf/org.dyndns.sven_ola.debian_kit_6.apk;config_Amandroid_kcontext3.xml;0;51163.194017950445;0;0;0;0
/home/asm140830/Documents/benchmarks/fossdroid/results/amandroid/replication3/singleconf/io.github.lonamiwebs.klooni_820.apk;config_Amandroid_kcontext3.xml;0;50811.66318105534;0;0;0;0
/home/asm140830/Documents/benchmarks/fossdroid/results/amandroid/replication3/singleconf/protect.budgetwatch_29.apk;config_Amandroid_kcontext3.xml;0;50661.338691134006;0;0;0;0
/home/asm140830/Documents/benchmarks/fossdroid/results/amandroid/replication3/singleconf/net.tedstein.AndroSS_17.apk;config_Amandroid_kcontext3.xml;0;51242.649032734334;0;0;0;0
/home/asm140830/Documents/benchmarks/fossdroid/results/amandroid/replication3/singleconf/anupam.acrylic_17.apk;config_Amandroid_kcontext3.xml;0;51008.52906610817;0;0;0;0
/home/asm140830/Documents/benchmarks/fossdroid/results/amandroid/replication3/singleconf/org.zamedev.gloomydungeons2.opensource_1602221800.apk;config_Amandroid_kcontext3.xml;0;51038.13227312639;0;0;0;0
/home/asm140830/Documents/benchmarks/fossdroid/results/amandroid/replication3/singleconf/com.angrydoughnuts.android.alarmclock_15.apk;config_Amandroid_kcontext3.xml;0;51143.08501500636;0;0;0;0
/home/asm140830/Documents/benchmarks/fossdroid/results/amandroid/replication3/singleconf/org.ninthfloor.copperpdf_4.apk;config_Amandroid_kcontext3.xml;0;50837.32703514397;0;0;0;0
/home/asm140830/Documents/benchmarks/fossdroid/results/amandroid/replication3/singleconf/uk.co.yahoo.p1rpp.calendartrigger_7.apk;config_Amandroid_kcontext3.xml;0;50913.31645799801;0;0;0;0
/home/asm140830/Documents/benchmarks/fossdroid/results/amandroid/replication3/singleconf/com.gitlab.ardash.appleflinger.android_1005006.apk;config_Amandroid_kcontext3.xml;0;50922.273918055;0;0;0;0
/home/asm140830/Documents/benchmarks/fossdroid/results/amandroid/replication3/singleconf/nya.miku.wishmaster_54.apk;config_Amandroid_kcontext3.xml;0;50893.915408756584;0;0;0;0
/home/asm140830/Documents/benchmarks/fossdroid/results/amandroid/replication3/singleconf/trikita.talalarmo_19.apk;config_Amandroid_kcontext3.xml;0;51218.87476416305;0;0;0;0
/home/asm140830/Documents/benchmarks/fossdroid/results/amandroid/replication3/singleconf/io.github.alketii.mightyknight_1.apk;config_Amandroid_kcontext3.xml;0;50930.7612827979;0;0;0;0
/home/asm140830/Documents/benchmarks/fossdroid/results/amandroid/replication3/singleconf/org.jfedor.frozenbubble_54.apk;config_Amandroid_kcontext3.xml;0;51162.55521308631;0;0;0;0
/home/asm140830/Documents/benchmarks/fossdroid/results/amandroid/replication3/singleconf/jackpal.androidterm_72.apk;config_Amandroid_kcontext3.xml;0;51313.32525610924;0;0;0;0
/home/asm140830/Documents/benchmarks/fossdroid/results/amandroid/replication3/singleconf/eu.kanade.tachiyomi_41.apk;config_Amandroid_kcontext3.xml;0;50811.131871305406;0;0;0;0
/home/asm140830/Documents/benchmarks/fossdroid/results/amandroid/replication3/singleconf/com.notriddle.budget_44.apk;config_Amandroid_kcontext3.xml;0;51183.2839846611;0;0;0;0
/home/asm140830/Documents/benchmarks/fossdroid/results/amandroid/replication3/singleconf/net.khertan.forrunners_101030.apk;config_Amandroid_kcontext3.xml;0;50915.91723682359;0;0;0;0
/home/asm140830/Documents/benchmarks/fossdroid/results/amandroid/replication3/singleconf/net.zygotelabs.locker_11.apk;config_Amandroid_kcontext3.xml;0;51182.14741582051;0;0;0;0
/home/asm140830/Documents/benchmarks/fossdroid/results/amandroid/replication3/singleconf/net.zygotelabs.locker_11.apk;config_Amandroid_kcontext4.xml;0;49146.94459363818;0;0;0;0
/home/asm140830/Documents/benchmarks/fossdroid/results/amandroid/replication3/singleconf/pt.isec.tp.am_4.apk;config_Amandroid_kcontext4.xml;0;49320.39955072105;0;0;0;0
/home/asm140830/Documents/benchmarks/fossdroid/results/amandroid/replication3/singleconf/net.osmand.plus_355.apk;config_Amandroid_kcontext3.xml;0;7214296.929005999;0;0;0;0
/home/asm140830/Documents/benchmarks/fossdroid/results/amandroid/replication3/singleconf/org.dnaq.dialer2_17.apk;config_Amandroid_kcontext3.xml;0;51136.64934504777;0;0;0;0
/home/asm140830/Documents/benchmarks/fossdroid/results/amandroid/replication3/singleconf/com.miqote.shanawp_10.apk;config_Amandroid_kcontext3.xml;0;51222.146827261895;0;0;0;0
/home/asm140830/Documents/benchmarks/fossdroid/results/amandroid/replication3/singleconf/org.tuxpaint_923.apk;config_Amandroid_kcontext3.xml;0;53127.83238617703;0;0;0;0
/home/asm140830/Documents/benchmarks/fossdroid/results/amandroid/replication3/singleconf/org.zamedev.gloomydungeons2.opensource_1602221800.apk;config_Amandroid_kcontext4.xml;0;49131.70409295708;0;0;0;0
/home/asm140830/Documents/benchmarks/fossdroid/results/amandroid/replication3/singleconf/org.tuxpaint_923.apk;config_Amandroid_kcontext4.xml;0;49258.87686898932;0;0;0;0
/home/asm140830/Documents/benchmarks/fossdroid/results/amandroid/replication3/singleconf/org.jfedor.frozenbubble_54.apk;config_Amandroid_kcontext4.xml;0;48948.43274122104;0;0;0;0
/home/asm140830/Documents/benchmarks/fossdroid/results/amandroid/replication3/singleconf/daniel_32.flexiblewallpaper_2.apk;config_Amandroid_kcontext4.xml;0;49097.439917735755;0;0;0;0
/home/asm140830/Documents/benchmarks/fossdroid/results/amandroid/replication3/singleconf/anupam.acrylic_17.apk;config_Amandroid_kcontext4.xml;0;49177.36951587722;0;0;0;0
/home/asm140830/Documents/benchmarks/fossdroid/results/amandroid/replication3/singleconf/com.miqote.shanawp_10.apk;config_Amandroid_kcontext4.xml;0;49163.110964000225;0;0;0;0
/home/asm140830/Documents/benchmarks/fossdroid/results/amandroid/replication3/singleconf/net.tedstein.AndroSS_17.apk;config_Amandroid_kcontext4.xml;0;49238.24732983485;0;0;0;0
/home/asm140830/Documents/benchmarks/fossdroid/results/amandroid/replication3/singleconf/org.dyndns.sven_ola.debian_kit_6.apk;config_Amandroid_kcontext4.xml;0;49220.95053829253;0;0;0;0
/home/asm140830/Documents/benchmarks/fossdroid/results/amandroid/replication3/singleconf/io.github.lonamiwebs.klooni_820.apk;config_Amandroid_kcontext4.xml;0;49235.3882859461;0;0;0;0
/home/asm140830/Documents/benchmarks/fossdroid/results/amandroid/replication3/singleconf/nya.miku.wishmaster_54.apk;config_Amandroid_kcontext4.xml;0;49446.22198399156;0;0;0;0
/home/asm140830/Documents/benchmarks/fossdroid/results/amandroid/replication3/singleconf/com.github.yeriomin.workoutlog_2.apk;config_Amandroid_kcontext4.xml;0;49196.63267675787;0;0;0;0
/home/asm140830/Documents/benchmarks/fossdroid/results/amandroid/replication3/singleconf/com.notriddle.budget_44.apk;config_Amandroid_kcontext4.xml;0;49217.03952923417;0;0;0;0
/home/asm140830/Documents/benchmarks/fossdroid/results/amandroid/replication3/singleconf/com.nutomic.ensichat_17.apk;config_Amandroid_kcontext4.xml;0;49343.232315033674;0;0;0;0
/home/asm140830/Documents/benchmarks/fossdroid/results/amandroid/replication3/singleconf/eu.polarclock_10.apk;config_Amandroid_kcontext4.xml;0;49194.68897767365;0;0;0;0
/home/asm140830/Documents/benchmarks/fossdroid/results/amandroid/replication3/singleconf/uk.co.yahoo.p1rpp.calendartrigger_7.apk;config_Amandroid_kcontext4.xml;0;49251.431128941476;0;0;0;0
/home/asm140830/Documents/benchmarks/fossdroid/results/amandroid/replication3/singleconf/org.jsl.wfwt_14.apk;config_Amandroid_kcontext4.xml;0;49216.183414682746;0;0;0;0
/home/asm140830/Documents/benchmarks/fossdroid/results/amandroid/replication3/singleconf/eu.kanade.tachiyomi_41.apk;config_Amandroid_kcontext4.xml;0;49329.69095511362;0;0;0;0
/home/asm140830/Documents/benchmarks/fossdroid/results/amandroid/replication3/singleconf/com.gitlab.ardash.appleflinger.android_1005006.apk;config_Amandroid_kcontext4.xml;0;49152.29089604691;0;0;0;0
/home/asm140830/Documents/benchmarks/fossdroid/results/amandroid/replication3/singleconf/jackpal.androidterm_72.apk;config_Amandroid_kcontext4.xml;0;49191.81500328705;0;0;0;0
/home/asm140830/Documents/benchmarks/fossdroid/results/amandroid/replication3/singleconf/org.dnaq.dialer2_17.apk;config_Amandroid_kcontext4.xml;0;49232.324111275375;0;0;0;0
/home/asm140830/Documents/benchmarks/fossdroid/results/amandroid/replication3/singleconf/net.khertan.forrunners_101030.apk;config_Amandroid_kcontext4.xml;0;49381.954931188375;0;0;0;0
/home/asm140830/Documents/benchmarks/fossdroid/results/amandroid/replication3/singleconf/org.ninthfloor.copperpdf_4.apk;config_Amandroid_kcontext4.xml;0;49232.278851792216;0;0;0;0
/home/asm140830/Documents/benchmarks/fossdroid/results/amandroid/replication3/singleconf/protect.budgetwatch_29.apk;config_Amandroid_kcontext4.xml;0;49343.26165821403;0;0;0;0
/home/asm140830/Documents/benchmarks/fossdroid/results/amandroid/replication3/singleconf/ru.henridellal.dialer_10.apk;config_Amandroid_kcontext4.xml;0;49176.44215095788;0;0;0;0
/home/asm140830/Documents/benchmarks/fossdroid/results/amandroid/replication3/singleconf/anupam.acrylic_17.apk;config_Amandroid_kcontext5.xml;0;48073.0285202153;0;0;0;0
/home/asm140830/Documents/benchmarks/fossdroid/results/amandroid/replication3/singleconf/trikita.talalarmo_19.apk;config_Amandroid_kcontext4.xml;0;49204.42808885127;0;0;0;0
/home/asm140830/Documents/benchmarks/fossdroid/results/amandroid/replication3/singleconf/com.angrydoughnuts.android.alarmclock_15.apk;config_Amandroid_kcontext4.xml;0;49241.19554599747;0;0;0;0
/home/asm140830/Documents/benchmarks/fossdroid/results/amandroid/replication3/singleconf/com.angrydoughnuts.android.alarmclock_15.apk;config_Amandroid_kcontext5.xml;0;48129.39322879538;0;0;0;0
/home/asm140830/Documents/benchmarks/fossdroid/results/amandroid/replication3/singleconf/com.github.yeriomin.workoutlog_2.apk;config_Amandroid_kcontext5.xml;0;48122.66142992303;0;0;0;0
/home/asm140830/Documents/benchmarks/fossdroid/results/amandroid/replication3/singleconf/io.github.alketii.mightyknight_1.apk;config_Amandroid_kcontext5.xml;0;48383.00554221496;0;0;0;0
/home/asm140830/Documents/benchmarks/fossdroid/results/amandroid/replication3/singleconf/eu.kanade.tachiyomi_41.apk;config_Amandroid_kcontext5.xml;0;47986.62962624803;0;0;0;0
/home/asm140830/Documents/benchmarks/fossdroid/results/amandroid/replication3/singleconf/net.zygotelabs.locker_11.apk;config_Amandroid_kcontext5.xml;0;48036.066540982574;0;0;0;0
/home/asm140830/Documents/benchmarks/fossdroid/results/amandroid/replication3/singleconf/org.ninthfloor.copperpdf_4.apk;config_Amandroid_kcontext5.xml;0;48160.148636903614;0;0;0;0
/home/asm140830/Documents/benchmarks/fossdroid/results/amandroid/replication3/singleconf/org.jsl.wfwt_14.apk;config_Amandroid_kcontext5.xml;0;48143.94986210391;0;0;0;0
/home/asm140830/Documents/benchmarks/fossdroid/results/amandroid/replication3/singleconf/daniel_32.flexiblewallpaper_2.apk;config_Amandroid_kcontext5.xml;0;48047.24523983896;0;0;0;0
/home/asm140830/Documents/benchmarks/fossdroid/results/amandroid/replication3/singleconf/org.dyndns.sven_ola.debian_kit_6.apk;config_Amandroid_kcontext5.xml;0;48049.19253196567;0;0;0;0
/home/asm140830/Documents/benchmarks/fossdroid/results/amandroid/replication3/singleconf/io.github.alketii.mightyknight_1.apk;config_Amandroid_kcontext4.xml;0;49142.295588273555;0;0;0;0
/home/asm140830/Documents/benchmarks/fossdroid/results/amandroid/replication3/singleconf/org.tuxpaint_923.apk;config_Amandroid_kcontext5.xml;0;48147.253539413214;0;0;0;0
/home/asm140830/Documents/benchmarks/fossdroid/results/amandroid/replication3/singleconf/com.nutomic.ensichat_17.apk;config_Amandroid_kcontext5.xml;0;48197.88096193224;0;0;0;0
/home/asm140830/Documents/benchmarks/fossdroid/results/amandroid/replication3/singleconf/ru.henridellal.dialer_10.apk;config_Amandroid_kcontext5.xml;0;48116.438649594784;0;0;0;0
/home/asm140830/Documents/benchmarks/fossdroid/results/amandroid/replication3/singleconf/net.khertan.forrunners_101030.apk;config_Amandroid_kcontext5.xml;0;48227.237957995385;0;0;0;0
/home/asm140830/Documents/benchmarks/fossdroid/results/amandroid/replication3/singleconf/com.gitlab.ardash.appleflinger.android_1005006.apk;config_Amandroid_kcontext5.xml;0;48140.853913966566;0;0;0;0
/home/asm140830/Documents/benchmarks/fossdroid/results/amandroid/replication3/singleconf/net.osmand.plus_355.apk;config_Amandroid_kcontext4.xml;0;7213481.715618167;0;0;0;0
/home/asm140830/Documents/benchmarks/fossdroid/results/amandroid/replication3/singleconf/io.github.lonamiwebs.klooni_820.apk;config_Amandroid_kcontext5.xml;0;48091.36571036652;0;0;0;0
/home/asm140830/Documents/benchmarks/fossdroid/results/amandroid/replication3/singleconf/net.tedstein.AndroSS_17.apk;config_Amandroid_kcontext5.xml;0;48148.94028799608;0;0;0;0
/home/asm140830/Documents/benchmarks/fossdroid/results/amandroid/replication3/singleconf/anupam.acrylic_17.apk;config_Amandroid_kcontext6.xml;0;46500.47583784908;0;0;0;0
/home/asm140830/Documents/benchmarks/fossdroid/results/amandroid/replication3/singleconf/ru.henridellal.dialer_10.apk;config_Amandroid_kcontext6.xml;0;46559.65715274215;0;0;0;0
/home/asm140830/Documents/benchmarks/fossdroid/results/amandroid/replication3/singleconf/com.notriddle.budget_44.apk;config_Amandroid_kcontext5.xml;0;48061.91160110757;0;0;0;0
/home/asm140830/Documents/benchmarks/fossdroid/results/amandroid/replication3/singleconf/org.jsl.wfwt_14.apk;config_Amandroid_kcontext6.xml;0;46200.27664070949;0;0;0;0
/home/asm140830/Documents/benchmarks/fossdroid/results/amandroid/replication3/singleconf/uk.co.yahoo.p1rpp.calendartrigger_7.apk;config_Amandroid_kcontext5.xml;0;48115.277118980885;0;0;0;0
/home/asm140830/Documents/benchmarks/fossdroid/results/amandroid/replication3/singleconf/net.osmand.plus_355.apk;config_Amandroid_kcontext5.xml;0;7212355.102403089;0;0;0;0
/home/asm140830/Documents/benchmarks/fossdroid/results/amandroid/replication3/singleconf/org.jfedor.frozenbubble_54.apk;config_Amandroid_kcontext5.xml;0;48156.403918750584;0;0;0;0
/home/asm140830/Documents/benchmarks/fossdroid/results/amandroid/replication3/singleconf/org.dnaq.dialer2_17.apk;config_Amandroid_kcontext6.xml;0;46470.90518986806;0;0;0;0
/home/asm140830/Documents/benchmarks/fossdroid/results/amandroid/replication3/singleconf/com.nutomic.ensichat_17.apk;config_Amandroid_kcontext6.xml;0;46359.74292876199;0;0;0;0
/home/asm140830/Documents/benchmarks/fossdroid/results/amandroid/replication3/singleconf/net.tedstein.AndroSS_17.apk;config_Amandroid_kcontext6.xml;0;46179.43395907059;0;0;0;0
/home/asm140830/Documents/benchmarks/fossdroid/results/amandroid/replication3/singleconf/protect.budgetwatch_29.apk;config_Amandroid_kcontext5.xml;0;48045.07907340303;0;0;0;0
/home/asm140830/Documents/benchmarks/fossdroid/results/amandroid/replication3/singleconf/jackpal.androidterm_72.apk;config_Amandroid_kcontext5.xml;0;48141.25806000084;0;0;0;0
/home/asm140830/Documents/benchmarks/fossdroid/results/amandroid/replication3/singleconf/pt.isec.tp.am_4.apk;config_Amandroid_kcontext5.xml;0;48153.72803108767;0;0;0;0
/home/asm140830/Documents/benchmarks/fossdroid/results/amandroid/replication3/singleconf/daniel_32.flexiblewallpaper_2.apk;config_Amandroid_kcontext6.xml;0;46194.05317585915;0;0;0;0
/home/asm140830/Documents/benchmarks/fossdroid/results/amandroid/replication3/singleconf/com.miqote.shanawp_10.apk;config_Amandroid_kcontext5.xml;0;48043.75141765922;0;0;0;0
/home/asm140830/Documents/benchmarks/fossdroid/results/amandroid/replication3/singleconf/nya.miku.wishmaster_54.apk;config_Amandroid_kcontext5.xml;0;48088.08181108907;0;0;0;0
/home/asm140830/Documents/benchmarks/fossdroid/results/amandroid/replication3/singleconf/trikita.talalarmo_19.apk;config_Amandroid_kcontext5.xml;0;48601.58151900396;0;0;0;0
/home/asm140830/Documents/benchmarks/fossdroid/results/amandroid/replication3/singleconf/eu.polarclock_10.apk;config_Amandroid_kcontext5.xml;0;48558.00326121971;0;0;0;0
/home/asm140830/Documents/benchmarks/fossdroid/results/amandroid/replication3/singleconf/org.zamedev.gloomydungeons2.opensource_1602221800.apk;config_Amandroid_kcontext5.xml;0;50157.36024873331;0;0;0;0
/home/asm140830/Documents/benchmarks/fossdroid/results/amandroid/replication3/singleconf/org.zamedev.gloomydungeons2.opensource_1602221800.apk;config_Amandroid_kcontext6.xml;0;46538.34357392043;0;0;0;0
/home/asm140830/Documents/benchmarks/fossdroid/results/amandroid/replication3/singleconf/com.angrydoughnuts.android.alarmclock_15.apk;config_Amandroid_kcontext6.xml;0;46185.46595610678;0;0;0;0
/home/asm140830/Documents/benchmarks/fossdroid/results/amandroid/replication3/singleconf/com.notriddle.budget_44.apk;config_Amandroid_kcontext6.xml;0;46195.49915520474;0;0;0;0
/home/asm140830/Documents/benchmarks/fossdroid/results/amandroid/replication3/singleconf/org.dnaq.dialer2_17.apk;config_Amandroid_kcontext5.xml;0;48110.1242559962;0;0;0;0
/home/asm140830/Documents/benchmarks/fossdroid/results/amandroid/replication3/singleconf/jackpal.androidterm_72.apk;config_Amandroid_kcontext6.xml;0;46198.930801823735;0;0;0;0
/home/asm140830/Documents/benchmarks/fossdroid/results/amandroid/replication3/singleconf/pt.isec.tp.am_4.apk;config_Amandroid_kcontext6.xml;0;46675.2930348739;0;0;0;0
/home/asm140830/Documents/benchmarks/fossdroid/results/amandroid/replication3/singleconf/net.zygotelabs.locker_11.apk;config_Amandroid_kcontext6.xml;0;46340.51434183493;0;0;0;0
/home/asm140830/Documents/benchmarks/fossdroid/results/amandroid/replication3/singleconf/org.ninthfloor.copperpdf_4.apk;config_Amandroid_kcontext6.xml;0;46680.466486141086;0;0;0;0
/home/asm140830/Documents/benchmarks/fossdroid/results/amandroid/replication3/singleconf/nya.miku.wishmaster_54.apk;config_Amandroid_kcontext6.xml;0;46260.85131522268;0;0;0;0
/home/asm140830/Documents/benchmarks/fossdroid/results/amandroid/replication3/singleconf/eu.kanade.tachiyomi_41.apk;config_Amandroid_kcontext6.xml;0;46337.36046589911;0;0;0;0
/home/asm140830/Documents/benchmarks/fossdroid/results/amandroid/replication3/singleconf/io.github.lonamiwebs.klooni_820.apk;config_Amandroid_kcontext6.xml;0;46277.23106415942;0;0;0;0
/home/asm140830/Documents/benchmarks/fossdroid/results/amandroid/replication3/singleconf/uk.co.yahoo.p1rpp.calendartrigger_7.apk;config_Amandroid_kcontext6.xml;0;46676.348987966776;0;0;0;0
/home/asm140830/Documents/benchmarks/fossdroid/results/amandroid/replication3/singleconf/trikita.talalarmo_19.apk;config_Amandroid_kcontext6.xml;0;46710.13862406835;0;0;0;0
/home/asm140830/Documents/benchmarks/fossdroid/results/amandroid/replication3/singleconf/com.github.yeriomin.workoutlog_2.apk;config_Amandroid_kcontext6.xml;0;46671.939841937274;0;0;0;0
/home/asm140830/Documents/benchmarks/fossdroid/results/amandroid/replication3/singleconf/org.dyndns.sven_ola.debian_kit_6.apk;config_Amandroid_kcontext6.xml;0;46290.89630302042;0;0;0;0
/home/asm140830/Documents/benchmarks/fossdroid/results/amandroid/replication3/singleconf/com.miqote.shanawp_10.apk;config_Amandroid_kcontext7.xml;0;74844.46338005364;0;0;0;0
/home/asm140830/Documents/benchmarks/fossdroid/results/amandroid/replication3/singleconf/com.miqote.shanawp_10.apk;config_Amandroid_kcontext6.xml;0;46228.693157900125;0;0;0;0
/home/asm140830/Documents/benchmarks/fossdroid/results/amandroid/replication3/singleconf/protect.budgetwatch_29.apk;config_Amandroid_kcontext6.xml;0;46521.48931333795;0;0;0;0
/home/asm140830/Documents/benchmarks/fossdroid/results/amandroid/replication3/singleconf/com.gitlab.ardash.appleflinger.android_1005006.apk;config_Amandroid_kcontext6.xml;0;46469.950545113534;0;0;0;0
/home/asm140830/Documents/benchmarks/fossdroid/results/amandroid/replication3/singleconf/eu.polarclock_10.apk;config_Amandroid_kcontext6.xml;0;46474.43310869858;0;0;0;0
/home/asm140830/Documents/benchmarks/fossdroid/results/amandroid/replication3/singleconf/io.github.alketii.mightyknight_1.apk;config_Amandroid_kcontext6.xml;0;46658.698161598295;0;0;0;0
/home/asm140830/Documents/benchmarks/fossdroid/results/amandroid/replication3/singleconf/org.jfedor.frozenbubble_54.apk;config_Amandroid_kcontext6.xml;0;47830.38873318583;0;0;0;0
/home/asm140830/Documents/benchmarks/fossdroid/results/amandroid/replication3/singleconf/net.khertan.forrunners_101030.apk;config_Amandroid_kcontext6.xml;0;46441.07505725697;0;0;0;0
/home/asm140830/Documents/benchmarks/fossdroid/results/amandroid/replication3/singleconf/org.tuxpaint_923.apk;config_Amandroid_kcontext6.xml;0;46323.64949723706;0;0;0;0
/home/asm140830/Documents/benchmarks/fossdroid/results/amandroid/replication3/singleconf/io.github.alketii.mightyknight_1.apk;config_Amandroid_kcontext7.xml;0;74816.48847088218;0;0;0;0
/home/asm140830/Documents/benchmarks/fossdroid/results/amandroid/replication3/singleconf/net.osmand.plus_355.apk;config_Amandroid_kcontext6.xml;0;7230814.767735079;0;0;0;0
/home/asm140830/Documents/benchmarks/fossdroid/results/amandroid/replication3/singleconf/net.khertan.forrunners_101030.apk;config_Amandroid_kcontext7.xml;0;74154.72928667441;0;0;0;0
/home/asm140830/Documents/benchmarks/fossdroid/results/amandroid/replication3/singleconf/org.jsl.wfwt_14.apk;config_Amandroid_kcontext7.xml;0;74835.48404695466;0;0;0;0
/home/asm140830/Documents/benchmarks/fossdroid/results/amandroid/replication3/singleconf/com.notriddle.budget_44.apk;config_Amandroid_kcontext7.xml;0;74844.6781700477;0;0;0;0
/home/asm140830/Documents/benchmarks/fossdroid/results/amandroid/replication3/singleconf/protect.budgetwatch_29.apk;config_Amandroid_kcontext7.xml;0;74817.44212890044;0;0;0;0
/home/asm140830/Documents/benchmarks/fossdroid/results/amandroid/replication3/singleconf/org.dyndns.sven_ola.debian_kit_6.apk;config_Amandroid_kcontext7.xml;0;74836.7884173058;0;0;0;0
/home/asm140830/Documents/benchmarks/fossdroid/results/amandroid/replication3/singleconf/anupam.acrylic_17.apk;config_Amandroid_kcontext7.xml;0;74825.33347001299;0;0;0;0
/home/asm140830/Documents/benchmarks/fossdroid/results/amandroid/replication3/singleconf/com.angrydoughnuts.android.alarmclock_15.apk;config_Amandroid_kcontext7.xml;0;74826.47095341235;0;0;0;0
/home/asm140830/Documents/benchmarks/fossdroid/results/amandroid/replication3/singleconf/org.ninthfloor.copperpdf_4.apk;config_Amandroid_kcontext7.xml;0;74835.86972998455;0;0;0;0
/home/asm140830/Documents/benchmarks/fossdroid/results/amandroid/replication3/singleconf/net.tedstein.AndroSS_17.apk;config_Amandroid_kcontext7.xml;0;74835.95751971006;0;0;0;0
/home/asm140830/Documents/benchmarks/fossdroid/results/amandroid/replication3/singleconf/jackpal.androidterm_72.apk;config_Amandroid_kcontext7.xml;0;74838.47923064604;0;0;0;0
/home/asm140830/Documents/benchmarks/fossdroid/results/amandroid/replication3/singleconf/org.jfedor.frozenbubble_54.apk;config_Amandroid_kcontext7.xml;0;74814.25514817238;0;0;0;0
/home/asm140830/Documents/benchmarks/fossdroid/results/amandroid/replication3/singleconf/com.github.yeriomin.workoutlog_2.apk;config_Amandroid_kcontext7.xml;0;74838.53098889813;0;0;0;0
/home/asm140830/Documents/benchmarks/fossdroid/results/amandroid/replication3/singleconf/net.zygotelabs.locker_11.apk;config_Amandroid_kcontext7.xml;0;74834.4939169474;0;0;0;0
/home/asm140830/Documents/benchmarks/fossdroid/results/amandroid/replication3/singleconf/uk.co.yahoo.p1rpp.calendartrigger_7.apk;config_Amandroid_kcontext7.xml;0;74845.43470991775;0;0;0;0
/home/asm140830/Documents/benchmarks/fossdroid/results/amandroid/replication3/singleconf/nya.miku.wishmaster_54.apk;config_Amandroid_kcontext7.xml;0;74834.8151971586;0;0;0;0
/home/asm140830/Documents/benchmarks/fossdroid/results/amandroid/replication3/singleconf/eu.polarclock_10.apk;config_Amandroid_kcontext7.xml;0;74844.4069060497;0;0;0;0
/home/asm140830/Documents/benchmarks/fossdroid/results/amandroid/replication3/singleconf/org.dnaq.dialer2_17.apk;config_Amandroid_kcontext7.xml;0;74818.26939433813;0;0;0;0
/home/asm140830/Documents/benchmarks/fossdroid/results/amandroid/replication3/singleconf/io.github.lonamiwebs.klooni_820.apk;config_Amandroid_kcontext7.xml;0;74827.47817970812;0;0;0;0
/home/asm140830/Documents/benchmarks/fossdroid/results/amandroid/replication3/singleconf/ru.henridellal.dialer_10.apk;config_Amandroid_kcontext7.xml;0;74841.21495299041;0;0;0;0
/home/asm140830/Documents/benchmarks/fossdroid/results/amandroid/replication3/singleconf/pt.isec.tp.am_4.apk;config_Amandroid_kcontext7.xml;0;74792.0788610354;0;0;0;0
/home/asm140830/Documents/benchmarks/fossdroid/results/amandroid/replication3/singleconf/com.gitlab.ardash.appleflinger.android_1005006.apk;config_Amandroid_kcontext7.xml;0;74829.05022986233;0;0;0;0
/home/asm140830/Documents/benchmarks/fossdroid/results/amandroid/replication3/singleconf/org.zamedev.gloomydungeons2.opensource_1602221800.apk;config_Amandroid_kcontext7.xml;0;74811.6776891984;0;0;0;0
/home/asm140830/Documents/benchmarks/fossdroid/results/amandroid/replication3/singleconf/daniel_32.flexiblewallpaper_2.apk;config_Amandroid_kcontext7.xml;0;74809.96169662103;0;0;0;0
/home/asm140830/Documents/benchmarks/fossdroid/results/amandroid/replication3/singleconf/trikita.talalarmo_19.apk;config_Amandroid_kcontext7.xml;0;74844.30884476751;0;0;0;0
/home/asm140830/Documents/benchmarks/fossdroid/results/amandroid/replication3/singleconf/com.nutomic.ensichat_17.apk;config_Amandroid_kcontext7.xml;0;33651.30101982504;0;0;0;0
/home/asm140830/Documents/benchmarks/fossdroid/results/amandroid/replication3/singleconf/org.tuxpaint_923.apk;config_Amandroid_kcontext7.xml;0;137419.32256892323;0;0;0;0
/home/asm140830/Documents/benchmarks/fossdroid/results/amandroid/replication3/singleconf/net.khertan.forrunners_101030.apk;config_Amandroid_kcontext8.xml;0;107676.88359413296;0;0;0;0
/home/asm140830/Documents/benchmarks/fossdroid/results/amandroid/replication3/singleconf/io.github.alketii.mightyknight_1.apk;config_Amandroid_kcontext8.xml;0;185732.41676669568;0;0;0;0
/home/asm140830/Documents/benchmarks/fossdroid/results/amandroid/replication3/singleconf/org.dyndns.sven_ola.debian_kit_6.apk;config_Amandroid_kcontext8.xml;0;185573.89184692875;0;0;0;0
/home/asm140830/Documents/benchmarks/fossdroid/results/amandroid/replication3/singleconf/org.ninthfloor.copperpdf_4.apk;config_Amandroid_kcontext8.xml;0;107668.78404607996;0;0;0;0
/home/asm140830/Documents/benchmarks/fossdroid/results/amandroid/replication3/singleconf/eu.polarclock_10.apk;config_Amandroid_kcontext8.xml;0;107669.18180137873;0;0;0;0
/home/asm140830/Documents/benchmarks/fossdroid/results/amandroid/replication3/singleconf/net.osmand.plus_355.apk;config_Amandroid_kcontext7.xml;0;7210410.7111450285;0;0;0;0
/home/asm140830/Documents/benchmarks/fossdroid/results/amandroid/replication3/singleconf/daniel_32.flexiblewallpaper_2.apk;config_Amandroid_kcontext8.xml;0;107669.73888967186;0;0;0;0
/home/asm140830/Documents/benchmarks/fossdroid/results/amandroid/replication3/singleconf/ru.henridellal.dialer_10.apk;config_Amandroid_kcontext8.xml;0;268021.1393786594;0;0;0;0
/home/asm140830/Documents/benchmarks/fossdroid/results/amandroid/replication3/singleconf/com.miqote.shanawp_10.apk;config_Amandroid_kcontext8.xml;0;107751.35415233672;0;0;0;0
/home/asm140830/Documents/benchmarks/fossdroid/results/amandroid/replication3/singleconf/eu.kanade.tachiyomi_41.apk;config_Amandroid_kcontext7.xml;0;33663.023431785405;0;0;0;0
/home/asm140830/Documents/benchmarks/fossdroid/results/amandroid/replication3/singleconf/com.gitlab.ardash.appleflinger.android_1005006.apk;config_Amandroid_kcontext8.xml;0;107670.52038572729;0;0;0;0
/home/asm140830/Documents/benchmarks/fossdroid/results/amandroid/replication3/singleconf/net.tedstein.AndroSS_17.apk;config_Amandroid_kcontext8.xml;0;231108.10690792277;0;0;0;0
/home/asm140830/Documents/benchmarks/fossdroid/results/amandroid/replication3/singleconf/anupam.acrylic_17.apk;config_Amandroid_kcontext8.xml;0;107676.83056369424;0;0;0;0
/home/asm140830/Documents/benchmarks/fossdroid/results/amandroid/replication3/singleconf/io.github.lonamiwebs.klooni_820.apk;config_Amandroid_kcontext8.xml;0;107674.14119234309;0;0;0;0
/home/asm140830/Documents/benchmarks/fossdroid/results/amandroid/replication3/singleconf/net.zygotelabs.locker_11.apk;config_Amandroid_kcontext8.xml;0;107672.99224762246;0;0;0;0
/home/asm140830/Documents/benchmarks/fossdroid/results/amandroid/replication3/singleconf/org.jsl.wfwt_14.apk;config_Amandroid_kcontext8.xml;1;241549.17012667283;1;0;27;0
/home/asm140830/Documents/benchmarks/fossdroid/results/amandroid/replication3/singleconf/net.osmand.plus_355.apk;config_Amandroid_kcontext8.xml;0;108166.92523472011;0;0;0;0
/home/asm140830/Documents/benchmarks/fossdroid/results/amandroid/replication3/singleconf/org.tuxpaint_923.apk;config_Amandroid_kcontext8.xml;0;185571.85757579282;0;0;0;0
/home/asm140830/Documents/benchmarks/fossdroid/results/amandroid/replication3/singleconf/protect.budgetwatch_29.apk;config_Amandroid_kcontext8.xml;0;494133.6086560041;0;0;0;0
/home/asm140830/Documents/benchmarks/fossdroid/results/amandroid/replication3/singleconf/eu.kanade.tachiyomi_41.apk;config_Amandroid_kcontext8.xml;0;7204407.799512614;0;0;0;0
/home/asm140830/Documents/benchmarks/fossdroid/results/amandroid/replication3/singleconf/trikita.talalarmo_19.apk;config_Amandroid_kcontext8.xml;1;497113.19945799187;0;0;0;0
/home/asm140830/Documents/benchmarks/fossdroid/results/amandroid/replication3/singleconf/pt.isec.tp.am_4.apk;config_Amandroid_kcontext8.xml;0;231983.65731164813;0;0;0;0
/home/asm140830/Documents/benchmarks/fossdroid/results/amandroid/replication3/singleconf/uk.co.yahoo.p1rpp.calendartrigger_7.apk;config_Amandroid_kcontext8.xml;6;673724.3705010042;0;0;0;0
/home/asm140830/Documents/benchmarks/fossdroid/results/amandroid/replication3/singleconf/jackpal.androidterm_72.apk;config_Amandroid_kcontext8.xml;0;1057025.4575409926;0;0;0;0
/home/asm140830/Documents/benchmarks/fossdroid/results/amandroid/replication3/singleconf/com.angrydoughnuts.android.alarmclock_15.apk;config_Amandroid_kcontext8.xml;0;7204145.332495216;0;0;0;0
/home/asm140830/Documents/benchmarks/fossdroid/results/amandroid/replication3/singleconf/com.notriddle.budget_44.apk;config_Amandroid_kcontext8.xml;3;107679.27421396598;0;0;6;0
/home/asm140830/Documents/benchmarks/fossdroid/results/amandroid/replication3/singleconf/nya.miku.wishmaster_54.apk;config_Amandroid_kcontext8.xml;0;3387628.6097341217;0;0;0;0
/home/asm140830/Documents/benchmarks/fossdroid/results/amandroid/replication3/singleconf/com.nutomic.ensichat_17.apk;config_Amandroid_kcontext8.xml;0;7204610.046043061;0;0;0;0
/home/asm140830/Documents/benchmarks/fossdroid/results/amandroid/replication3/singleconf/io.github.alketii.mightyknight_1.apk;config_Amandroid_kcontext9.xml;0;93331.4188872464;0;0;0;0
/home/asm140830/Documents/benchmarks/fossdroid/results/amandroid/replication3/singleconf/org.dyndns.sven_ola.debian_kit_6.apk;config_Amandroid_kcontext9.xml;0;93243.22697985917;0;0;0;0
/home/asm140830/Documents/benchmarks/fossdroid/results/amandroid/replication3/singleconf/com.github.yeriomin.workoutlog_2.apk;config_Amandroid_kcontext8.xml;0;299536.1685096286;0;0;0;0
/home/asm140830/Documents/benchmarks/fossdroid/results/amandroid/replication3/singleconf/protect.budgetwatch_29.apk;config_Amandroid_kcontext9.xml;0;93287.29649307206;0;0;0;0
/home/asm140830/Documents/benchmarks/fossdroid/results/amandroid/replication3/singleconf/daniel_32.flexiblewallpaper_2.apk;config_Amandroid_kcontext9.xml;0;92786.66559094563;0;0;0;0
/home/asm140830/Documents/benchmarks/fossdroid/results/amandroid/replication3/singleconf/eu.polarclock_10.apk;config_Amandroid_kcontext9.xml;0;92775.5280486308;0;0;0;0
/home/asm140830/Documents/benchmarks/fossdroid/results/amandroid/replication3/singleconf/org.zamedev.gloomydungeons2.opensource_1602221800.apk;config_Amandroid_kcontext8.xml;0;566327.2802671418;0;0;0;0
/home/asm140830/Documents/benchmarks/fossdroid/results/amandroid/replication3/singleconf/org.jfedor.frozenbubble_54.apk;config_Amandroid_kcontext8.xml;0;1187835.8275364153;0;0;0;0
/home/asm140830/Documents/benchmarks/fossdroid/results/amandroid/replication3/singleconf/ru.henridellal.dialer_10.apk;config_Amandroid_kcontext9.xml;0;93197.462357115;0;0;0;0
/home/asm140830/Documents/benchmarks/fossdroid/results/amandroid/replication3/singleconf/org.dnaq.dialer2_17.apk;config_Amandroid_kcontext8.xml;0;285737.4481619336;0;0;0;0
/home/asm140830/Documents/benchmarks/fossdroid/results/amandroid/replication3/singleconf/pt.isec.tp.am_4.apk;config_Amandroid_kcontext9.xml;0;93257.52215506509;0;0;0;0
/home/asm140830/Documents/benchmarks/fossdroid/results/amandroid/replication3/singleconf/net.khertan.forrunners_101030.apk;config_Amandroid_kcontext9.xml;0;92874.07451122999;0;0;0;0
/home/asm140830/Documents/benchmarks/fossdroid/results/amandroid/replication3/singleconf/eu.kanade.tachiyomi_41.apk;config_Amandroid_kcontext9.xml;0;106408.09856867418;0;0;0;0
/home/asm140830/Documents/benchmarks/fossdroid/results/amandroid/replication3/singleconf/org.zamedev.gloomydungeons2.opensource_1602221800.apk;config_Amandroid_kcontext9.xml;0;92841.0656452179;0;0;0;0
/home/asm140830/Documents/benchmarks/fossdroid/results/amandroid/replication3/singleconf/io.github.lonamiwebs.klooni_820.apk;config_Amandroid_kcontext9.xml;0;92813.05989483371;0;0;0;0
/home/asm140830/Documents/benchmarks/fossdroid/results/amandroid/replication3/singleconf/org.ninthfloor.copperpdf_4.apk;config_Amandroid_kcontext9.xml;0;92773.88858096674;0;0;0;0
/home/asm140830/Documents/benchmarks/fossdroid/results/amandroid/replication3/singleconf/nya.miku.wishmaster_54.apk;config_Amandroid_kcontext9.xml;0;92848.33681536838;0;0;0;0
/home/asm140830/Documents/benchmarks/fossdroid/results/amandroid/replication3/singleconf/net.tedstein.AndroSS_17.apk;config_Amandroid_kcontext9.xml;0;93222.48968016356;0;0;0;0
/home/asm140830/Documents/benchmarks/fossdroid/results/amandroid/replication3/singleconf/org.tuxpaint_923.apk;config_Amandroid_kcontext9.xml;0;165651.57292503864;0;0;0;0
/home/asm140830/Documents/benchmarks/fossdroid/results/amandroid/replication3/singleconf/com.github.yeriomin.workoutlog_2.apk;config_Amandroid_kcontext9.xml;0;93242.63461492956;0;0;0;0
/home/asm140830/Documents/benchmarks/fossdroid/results/amandroid/replication3/singleconf/com.notriddle.budget_44.apk;config_Amandroid_kcontext9.xml;3;92786.83263622224;0;0;6;0
/home/asm140830/Documents/benchmarks/fossdroid/results/amandroid/replication3/singleconf/jackpal.androidterm_72.apk;config_Amandroid_kcontext9.xml;0;154319.91770397872;0;0;0;0
/home/asm140830/Documents/benchmarks/fossdroid/results/amandroid/replication3/singleconf/com.miqote.shanawp_10.apk;config_Amandroid_kcontext9.xml;0;92783.18843105808;0;0;0;0
/home/asm140830/Documents/benchmarks/fossdroid/results/amandroid/replication3/singleconf/anupam.acrylic_17.apk;config_Amandroid_kcontext9.xml;0;93244.31053968146;0;0;0;0
/home/asm140830/Documents/benchmarks/fossdroid/results/amandroid/replication3/singleconf/net.zygotelabs.locker_11.apk;config_Amandroid_kcontext9.xml;0;93250.43826689944;0;0;0;0
/home/asm140830/Documents/benchmarks/fossdroid/results/amandroid/replication3/singleconf/org.dnaq.dialer2_17.apk;config_Amandroid_kcontext9.xml;0;138725.35132803023;0;0;0;0
/home/asm140830/Documents/benchmarks/fossdroid/results/amandroid/replication3/singleconf/org.jfedor.frozenbubble_54.apk;config_Amandroid_kcontext9.xml;0;273356.8779514171;0;0;0;0
/home/asm140830/Documents/benchmarks/fossdroid/results/amandroid/replication3/singleconf/uk.co.yahoo.p1rpp.calendartrigger_7.apk;config_Amandroid_kcontext9.xml;0;155262.4313691631;0;0;0;0
/home/asm140830/Documents/benchmarks/fossdroid/results/amandroid/replication3/singleconf/com.nutomic.ensichat_17.apk;config_Amandroid_kcontext9.xml;0;93340.92037612572;0;0;0;0
/home/asm140830/Documents/benchmarks/fossdroid/results/amandroid/replication3/singleconf/com.gitlab.ardash.appleflinger.android_1005006.apk;config_Amandroid_kcontext9.xml;0;93349.20761687681;0;0;0;0
/home/asm140830/Documents/benchmarks/fossdroid/results/amandroid/replication3/singleconf/org.jsl.wfwt_14.apk;config_Amandroid_kcontext9.xml;0;106345.9679079242;0;0;0;0
/home/asm140830/Documents/benchmarks/fossdroid/results/amandroid/replication3/singleconf/trikita.talalarmo_19.apk;config_Amandroid_kcontext9.xml;0;426011.3135268912;0;0;0;0
/home/asm140830/Documents/benchmarks/fossdroid/results/amandroid/replication3/singleconf/com.nutomic.ensichat_17.apk;config_Amandroid_kcontext10.xml;0;41068.95740702748;0;0;0;0
/home/asm140830/Documents/benchmarks/fossdroid/results/amandroid/replication3/singleconf/com.angrydoughnuts.android.alarmclock_15.apk;config_Amandroid_kcontext9.xml;0;7205360.734849237;0;0;0;0
/home/asm140830/Documents/benchmarks/fossdroid/results/amandroid/replication3/singleconf/com.notriddle.budget_44.apk;config_Amandroid_kcontext10.xml;0;39926.461045164615;0;0;0;0
/home/asm140830/Documents/benchmarks/fossdroid/results/amandroid/replication3/singleconf/org.zamedev.gloomydungeons2.opensource_1602221800.apk;config_Amandroid_kcontext10.xml;0;24040.328250732273;0;0;0;0
/home/asm140830/Documents/benchmarks/fossdroid/results/amandroid/replication3/singleconf/anupam.acrylic_17.apk;config_Amandroid_kcontext10.xml;0;41441.00752705708;0;0;0;0
/home/asm140830/Documents/benchmarks/fossdroid/results/amandroid/replication3/singleconf/net.osmand.plus_355.apk;config_Amandroid_kcontext9.xml;0;7211731.152713764;0;0;0;0
/home/asm140830/Documents/benchmarks/fossdroid/results/amandroid/replication3/singleconf/org.tuxpaint_923.apk;config_Amandroid_kcontext10.xml;0;39272.407080978155;0;0;0;0
/home/asm140830/Documents/benchmarks/fossdroid/results/amandroid/replication3/singleconf/nya.miku.wishmaster_54.apk;config_Amandroid_kcontext10.xml;0;41133.7498719804;0;0;0;0
/home/asm140830/Documents/benchmarks/fossdroid/results/amandroid/replication3/singleconf/org.jsl.wfwt_14.apk;config_Amandroid_kcontext10.xml;0;41432.443434838206;0;0;0;0
/home/asm140830/Documents/benchmarks/fossdroid/results/amandroid/replication3/singleconf/daniel_32.flexiblewallpaper_2.apk;config_Amandroid_kcontext10.xml;0;41910.789505112916;0;0;0;0
/home/asm140830/Documents/benchmarks/fossdroid/results/amandroid/replication3/singleconf/jackpal.androidterm_72.apk;config_Amandroid_kcontext10.xml;0;42037.60845120996;0;0;0;0
/home/asm140830/Documents/benchmarks/fossdroid/results/amandroid/replication3/singleconf/protect.budgetwatch_29.apk;config_Amandroid_kcontext10.xml;0;41221.068466082215;0;0;0;0
/home/asm140830/Documents/benchmarks/fossdroid/results/amandroid/replication3/singleconf/com.miqote.shanawp_10.apk;config_Amandroid_kcontext10.xml;0;40076.782427262515;0;0;0;0
/home/asm140830/Documents/benchmarks/fossdroid/results/amandroid/replication3/singleconf/io.github.lonamiwebs.klooni_820.apk;config_Amandroid_kcontext10.xml;0;42577.17336528003;0;0;0;0
/home/asm140830/Documents/benchmarks/fossdroid/results/amandroid/replication3/singleconf/eu.polarclock_10.apk;config_Amandroid_kcontext10.xml;0;41909.787881653756;0;0;0;0
/home/asm140830/Documents/benchmarks/fossdroid/results/amandroid/replication3/singleconf/trikita.talalarmo_19.apk;config_Amandroid_kcontext10.xml;0;41980.93959828839;0;0;0;0
/home/asm140830/Documents/benchmarks/fossdroid/results/amandroid/replication3/singleconf/io.github.alketii.mightyknight_1.apk;config_Amandroid_kcontext10.xml;0;41539.98660389334;0;0;0;0
/home/asm140830/Documents/benchmarks/fossdroid/results/amandroid/replication3/singleconf/ru.henridellal.dialer_10.apk;config_Amandroid_kcontext10.xml;0;42454.705683048815;0;0;0;0
/home/asm140830/Documents/benchmarks/fossdroid/results/amandroid/replication3/singleconf/net.khertan.forrunners_101030.apk;config_Amandroid_kcontext10.xml;0;43526.38533106074;0;0;0;0
/home/asm140830/Documents/benchmarks/fossdroid/results/amandroid/replication3/singleconf/com.github.yeriomin.workoutlog_2.apk;config_Amandroid_kcontext10.xml;0;42900.808500126004;0;0;0;0
/home/asm140830/Documents/benchmarks/fossdroid/results/amandroid/replication3/singleconf/net.tedstein.AndroSS_17.apk;config_Amandroid_kcontext10.xml;0;42891.41949219629;0;0;0;0
/home/asm140830/Documents/benchmarks/fossdroid/results/amandroid/replication3/singleconf/org.dnaq.dialer2_17.apk;config_Amandroid_kcontext10.xml;0;41499.5661820285;0;0;0;0
/home/asm140830/Documents/benchmarks/fossdroid/results/amandroid/replication3/singleconf/net.zygotelabs.locker_11.apk;config_Amandroid_kcontext10.xml;0;42450.270327273756;0;0;0;0
/home/asm140830/Documents/benchmarks/fossdroid/results/amandroid/replication3/singleconf/com.gitlab.ardash.appleflinger.android_1005006.apk;config_Amandroid_kcontext10.xml;0;41299.14612090215;0;0;0;0
/home/asm140830/Documents/benchmarks/fossdroid/results/amandroid/replication3/singleconf/org.dyndns.sven_ola.debian_kit_6.apk;config_Amandroid_kcontext10.xml;0;42898.6219628714;0;0;0;0
/home/asm140830/Documents/benchmarks/fossdroid/results/amandroid/replication3/singleconf/pt.isec.tp.am_4.apk;config_Amandroid_kcontext10.xml;0;42766.14705985412;0;0;0;0
/home/asm140830/Documents/benchmarks/fossdroid/results/amandroid/replication3/singleconf/uk.co.yahoo.p1rpp.calendartrigger_7.apk;config_Amandroid_kcontext10.xml;0;42912.116191815585;0;0;0;0
/home/asm140830/Documents/benchmarks/fossdroid/results/amandroid/replication3/singleconf/com.angrydoughnuts.android.alarmclock_15.apk;config_Amandroid_kcontext10.xml;0;42924.753525760025;0;0;0;0
/home/asm140830/Documents/benchmarks/fossdroid/results/amandroid/replication3/singleconf/org.ninthfloor.copperpdf_4.apk;config_Amandroid_kcontext10.xml;0;42929.86680427566;0;0;0;0
/home/asm140830/Documents/benchmarks/fossdroid/results/amandroid/replication3/singleconf/org.jfedor.frozenbubble_54.apk;config_Amandroid_kcontext10.xml;0;47435.891279019415;0;0;0;0
/home/asm140830/Documents/benchmarks/fossdroid/results/amandroid/replication3/singleconf/eu.kanade.tachiyomi_41.apk;config_Amandroid_kcontext10.xml;0;44016.13184204325;0;0;0;0
/home/asm140830/Documents/benchmarks/fossdroid/results/amandroid/replication3/singleconf/net.osmand.plus_355.apk;config_Amandroid_kcontext10.xml;0;7212431.646787096;0;0;0;0
