repetition,apk,category,generating_script,true_positive,successful,time,category_precision,category_recall,category_fmeasure,run_precision,run_recall,run_fmeasure
1,/home/asm140830/AndroidTA/benchmarks/DroidBench30/benchmark/apks/Aliasing/FlowSensitivity1.apk,Aliasing,0,FALSE,TRUE,155032,0,0,0,0,0,0
1,/home/asm140830/AndroidTA/benchmarks/DroidBench30/benchmark/apks/Aliasing/Merge1.apk,Aliasing,0,FALSE,TRUE,384014,0,0,0,0,0,0
1,/home/asm140830/AndroidTA/benchmarks/DroidBench30/benchmark/apks/Aliasing/SimpleAliasing1.apk,Aliasing,0,TRUE,FALSE,218416,0,0,0,0,0,0
1,/home/asm140830/AndroidTA/benchmarks/DroidBench30/benchmark/apks/Aliasing/StrongUpdate1.apk,Aliasing,0,FALSE,TRUE,303596,0,0,0,0,0,0
1,/home/asm140830/AndroidTA/benchmarks/DroidBench30/benchmark/apks/UnreachableCode/SimpleUnreachable1.apk,UnreachableCode,0,FALSE,TRUE,197999,0,0,0,0,0,0
1,/home/asm140830/AndroidTA/benchmarks/DroidBench30/benchmark/apks/UnreachableCode/UnreachableBoth.apk,UnreachableCode,0,TRUE,FALSE,239390,0,0,0,0,0,0
1,/home/asm140830/AndroidTA/benchmarks/DroidBench30/benchmark/apks/UnreachableCode/UnreachableSink1.apk,UnreachableCode,0,TRUE,FALSE,225064,0,0,0,0,0,0
1,/home/asm140830/AndroidTA/benchmarks/DroidBench30/benchmark/apks/UnreachableCode/UnreachableSource1.apk,UnreachableCode,0,TRUE,FALSE,159387,0,0,0,0,0,0
1,/home/asm140830/AndroidTA/benchmarks/DroidBench30/benchmark/apks/Aliasing/FlowSensitivity1.apk,Aliasing,15,FALSE,TRUE,149467,0,0,0,0,0,0
1,/home/asm140830/AndroidTA/benchmarks/DroidBench30/benchmark/apks/Aliasing/Merge1.apk,Aliasing,15,FALSE,TRUE,389296,0,0,0,0,0,0
1,/home/asm140830/AndroidTA/benchmarks/DroidBench30/benchmark/apks/Aliasing/SimpleAliasing1.apk,Aliasing,15,TRUE,FALSE,192869,0,0,0,0,0,0
1,/home/asm140830/AndroidTA/benchmarks/DroidBench30/benchmark/apks/Aliasing/StrongUpdate1.apk,Aliasing,15,FALSE,TRUE,298807,0,0,0,0,0,0
1,/home/asm140830/AndroidTA/benchmarks/DroidBench30/benchmark/apks/UnreachableCode/SimpleUnreachable1.apk,UnreachableCode,15,FALSE,TRUE,218571,0,0,0,0,0,0
1,/home/asm140830/AndroidTA/benchmarks/DroidBench30/benchmark/apks/UnreachableCode/UnreachableBoth.apk,UnreachableCode,15,TRUE,FALSE,253560,0,0,0,0,0,0
1,/home/asm140830/AndroidTA/benchmarks/DroidBench30/benchmark/apks/UnreachableCode/UnreachableSink1.apk,UnreachableCode,15,TRUE,FALSE,223772,0,0,0,0,0,0
1,/home/asm140830/AndroidTA/benchmarks/DroidBench30/benchmark/apks/UnreachableCode/UnreachableSource1.apk,UnreachableCode,15,TRUE,FALSE,157095,0,0,0,0,0,0
1,/home/asm140830/AndroidTA/benchmarks/DroidBench30/benchmark/apks/Aliasing/FlowSensitivity1.apk,Aliasing,12,FALSE,TRUE,191586,0,0,0,0,0,0
1,/home/asm140830/AndroidTA/benchmarks/DroidBench30/benchmark/apks/Aliasing/Merge1.apk,Aliasing,12,FALSE,TRUE,368417,0,0,0,0,0,0
1,/home/asm140830/AndroidTA/benchmarks/DroidBench30/benchmark/apks/Aliasing/SimpleAliasing1.apk,Aliasing,12,TRUE,FALSE,193365,0,0,0,0,0,0
1,/home/asm140830/AndroidTA/benchmarks/DroidBench30/benchmark/apks/Aliasing/StrongUpdate1.apk,Aliasing,12,FALSE,TRUE,295786,0,0,0,0,0,0
1,/home/asm140830/AndroidTA/benchmarks/DroidBench30/benchmark/apks/UnreachableCode/SimpleUnreachable1.apk,UnreachableCode,12,FALSE,TRUE,212619,0,0,0,0,0,0
1,/home/asm140830/AndroidTA/benchmarks/DroidBench30/benchmark/apks/UnreachableCode/UnreachableBoth.apk,UnreachableCode,12,TRUE,FALSE,265013,0,0,0,0,0,0
1,/home/asm140830/AndroidTA/benchmarks/DroidBench30/benchmark/apks/UnreachableCode/UnreachableSink1.apk,UnreachableCode,12,TRUE,FALSE,202864,0,0,0,0,0,0
1,/home/asm140830/AndroidTA/benchmarks/DroidBench30/benchmark/apks/UnreachableCode/UnreachableSource1.apk,UnreachableCode,12,TRUE,FALSE,153821,0,0,0,0,0,0
1,/home/asm140830/AndroidTA/benchmarks/DroidBench30/benchmark/apks/Aliasing/FlowSensitivity1.apk,Aliasing,6,FALSE,TRUE,166388,0,0,0,0,0,0
1,/home/asm140830/AndroidTA/benchmarks/DroidBench30/benchmark/apks/Aliasing/Merge1.apk,Aliasing,6,FALSE,TRUE,380460,0,0,0,0,0,0
1,/home/asm140830/AndroidTA/benchmarks/DroidBench30/benchmark/apks/Aliasing/SimpleAliasing1.apk,Aliasing,6,TRUE,FALSE,192730,0,0,0,0,0,0
1,/home/asm140830/AndroidTA/benchmarks/DroidBench30/benchmark/apks/Aliasing/StrongUpdate1.apk,Aliasing,6,FALSE,TRUE,298171,0,0,0,0,0,0
1,/home/asm140830/AndroidTA/benchmarks/DroidBench30/benchmark/apks/UnreachableCode/SimpleUnreachable1.apk,UnreachableCode,6,FALSE,TRUE,210040,0,0,0,0,0,0
1,/home/asm140830/AndroidTA/benchmarks/DroidBench30/benchmark/apks/UnreachableCode/UnreachableBoth.apk,UnreachableCode,6,TRUE,FALSE,242961,0,0,0,0,0,0
1,/home/asm140830/AndroidTA/benchmarks/DroidBench30/benchmark/apks/UnreachableCode/UnreachableSink1.apk,UnreachableCode,6,TRUE,FALSE,232496,0,0,0,0,0,0
1,/home/asm140830/AndroidTA/benchmarks/DroidBench30/benchmark/apks/UnreachableCode/UnreachableSource1.apk,UnreachableCode,6,TRUE,FALSE,164624,0,0,0,0,0,0
1,/home/asm140830/AndroidTA/benchmarks/DroidBench30/benchmark/apks/Aliasing/FlowSensitivity1.apk,Aliasing,28,FALSE,TRUE,166382,0,0,0,0,0,0
1,/home/asm140830/AndroidTA/benchmarks/DroidBench30/benchmark/apks/Aliasing/Merge1.apk,Aliasing,28,FALSE,TRUE,384054,0,0,0,0,0,0
1,/home/asm140830/AndroidTA/benchmarks/DroidBench30/benchmark/apks/Aliasing/SimpleAliasing1.apk,Aliasing,28,TRUE,FALSE,195918,0,0,0,0,0,0
1,/home/asm140830/AndroidTA/benchmarks/DroidBench30/benchmark/apks/Aliasing/StrongUpdate1.apk,Aliasing,28,FALSE,TRUE,309927,0,0,0,0,0,0
1,/home/asm140830/AndroidTA/benchmarks/DroidBench30/benchmark/apks/UnreachableCode/SimpleUnreachable1.apk,UnreachableCode,28,FALSE,TRUE,202407,0,0,0,0,0,0
1,/home/asm140830/AndroidTA/benchmarks/DroidBench30/benchmark/apks/UnreachableCode/UnreachableBoth.apk,UnreachableCode,28,TRUE,FALSE,261482,0,0,0,0,0,0
1,/home/asm140830/AndroidTA/benchmarks/DroidBench30/benchmark/apks/UnreachableCode/UnreachableSink1.apk,UnreachableCode,28,TRUE,FALSE,205998,0,0,0,0,0,0
1,/home/asm140830/AndroidTA/benchmarks/DroidBench30/benchmark/apks/UnreachableCode/UnreachableSource1.apk,UnreachableCode,28,TRUE,FALSE,161668,0,0,0,0,0,0
1,/home/asm140830/AndroidTA/benchmarks/DroidBench30/benchmark/apks/Aliasing/FlowSensitivity1.apk,Aliasing,18,FALSE,TRUE,150027,0,0,0,0,0,0
1,/home/asm140830/AndroidTA/benchmarks/DroidBench30/benchmark/apks/Aliasing/Merge1.apk,Aliasing,18,FALSE,TRUE,391049,0,0,0,0,0,0
1,/home/asm140830/AndroidTA/benchmarks/DroidBench30/benchmark/apks/Aliasing/SimpleAliasing1.apk,Aliasing,18,TRUE,FALSE,190349,0,0,0,0,0,0
1,/home/asm140830/AndroidTA/benchmarks/DroidBench30/benchmark/apks/Aliasing/StrongUpdate1.apk,Aliasing,18,FALSE,TRUE,299677,0,0,0,0,0,0
1,/home/asm140830/AndroidTA/benchmarks/DroidBench30/benchmark/apks/UnreachableCode/SimpleUnreachable1.apk,UnreachableCode,18,FALSE,TRUE,227768,0,0,0,0,0,0
1,/home/asm140830/AndroidTA/benchmarks/DroidBench30/benchmark/apks/UnreachableCode/UnreachableBoth.apk,UnreachableCode,18,TRUE,FALSE,288095,0,0,0,0,0,0
1,/home/asm140830/AndroidTA/benchmarks/DroidBench30/benchmark/apks/UnreachableCode/UnreachableSink1.apk,UnreachableCode,18,TRUE,FALSE,194588,0,0,0,0,0,0
1,/home/asm140830/AndroidTA/benchmarks/DroidBench30/benchmark/apks/UnreachableCode/UnreachableSource1.apk,UnreachableCode,18,TRUE,FALSE,162771,0,0,0,0,0,0
1,/home/asm140830/AndroidTA/benchmarks/DroidBench30/benchmark/apks/Aliasing/FlowSensitivity1.apk,Aliasing,3,FALSE,TRUE,191602,0,0,0,0,0,0
1,/home/asm140830/AndroidTA/benchmarks/DroidBench30/benchmark/apks/Aliasing/Merge1.apk,Aliasing,3,FALSE,TRUE,376205,0,0,0,0,0,0
1,/home/asm140830/AndroidTA/benchmarks/DroidBench30/benchmark/apks/Aliasing/SimpleAliasing1.apk,Aliasing,3,TRUE,FALSE,184858,0,0,0,0,0,0
1,/home/asm140830/AndroidTA/benchmarks/DroidBench30/benchmark/apks/Aliasing/StrongUpdate1.apk,Aliasing,3,FALSE,TRUE,304481,0,0,0,0,0,0
1,/home/asm140830/AndroidTA/benchmarks/DroidBench30/benchmark/apks/UnreachableCode/SimpleUnreachable1.apk,UnreachableCode,3,FALSE,TRUE,202134,0,0,0,0,0,0
1,/home/asm140830/AndroidTA/benchmarks/DroidBench30/benchmark/apks/UnreachableCode/UnreachableBoth.apk,UnreachableCode,3,TRUE,FALSE,284284,0,0,0,0,0,0
1,/home/asm140830/AndroidTA/benchmarks/DroidBench30/benchmark/apks/UnreachableCode/UnreachableSink1.apk,UnreachableCode,3,TRUE,FALSE,198284,0,0,0,0,0,0
1,/home/asm140830/AndroidTA/benchmarks/DroidBench30/benchmark/apks/UnreachableCode/UnreachableSource1.apk,UnreachableCode,3,TRUE,FALSE,168540,0,0,0,0,0,0
1,/home/asm140830/AndroidTA/benchmarks/DroidBench30/benchmark/apks/Aliasing/FlowSensitivity1.apk,Aliasing,21,FALSE,TRUE,199095,0,0,0,0,0,0
1,/home/asm140830/AndroidTA/benchmarks/DroidBench30/benchmark/apks/Aliasing/Merge1.apk,Aliasing,21,FALSE,TRUE,353921,0,0,0,0,0,0
1,/home/asm140830/AndroidTA/benchmarks/DroidBench30/benchmark/apks/Aliasing/SimpleAliasing1.apk,Aliasing,21,TRUE,FALSE,199676,0,0,0,0,0,0
1,/home/asm140830/AndroidTA/benchmarks/DroidBench30/benchmark/apks/Aliasing/StrongUpdate1.apk,Aliasing,21,FALSE,TRUE,303591,0,0,0,0,0,0
1,/home/asm140830/AndroidTA/benchmarks/DroidBench30/benchmark/apks/UnreachableCode/SimpleUnreachable1.apk,UnreachableCode,21,FALSE,TRUE,196722,0,0,0,0,0,0
1,/home/asm140830/AndroidTA/benchmarks/DroidBench30/benchmark/apks/UnreachableCode/UnreachableBoth.apk,UnreachableCode,21,TRUE,FALSE,288214,0,0,0,0,0,0
1,/home/asm140830/AndroidTA/benchmarks/DroidBench30/benchmark/apks/UnreachableCode/UnreachableSink1.apk,UnreachableCode,21,TRUE,FALSE,215966,0,0,0,0,0,0
1,/home/asm140830/AndroidTA/benchmarks/DroidBench30/benchmark/apks/UnreachableCode/UnreachableSource1.apk,UnreachableCode,21,TRUE,FALSE,163947,0,0,0,0,0,0
1,/home/asm140830/AndroidTA/benchmarks/DroidBench30/benchmark/apks/Aliasing/FlowSensitivity1.apk,Aliasing,9,FALSE,TRUE,160133,0,0,0,0,0,0
1,/home/asm140830/AndroidTA/benchmarks/DroidBench30/benchmark/apks/Aliasing/Merge1.apk,Aliasing,9,FALSE,TRUE,373483,0,0,0,0,0,0
1,/home/asm140830/AndroidTA/benchmarks/DroidBench30/benchmark/apks/Aliasing/SimpleAliasing1.apk,Aliasing,9,TRUE,FALSE,226540,0,0,0,0,0,0
1,/home/asm140830/AndroidTA/benchmarks/DroidBench30/benchmark/apks/Aliasing/StrongUpdate1.apk,Aliasing,9,FALSE,TRUE,318658,0,0,0,0,0,0
1,/home/asm140830/AndroidTA/benchmarks/DroidBench30/benchmark/apks/UnreachableCode/SimpleUnreachable1.apk,UnreachableCode,9,FALSE,TRUE,188478,0,0,0,0,0,0
1,/home/asm140830/AndroidTA/benchmarks/DroidBench30/benchmark/apks/UnreachableCode/UnreachableBoth.apk,UnreachableCode,9,TRUE,FALSE,279276,0,0,0,0,0,0
1,/home/asm140830/AndroidTA/benchmarks/DroidBench30/benchmark/apks/UnreachableCode/UnreachableSink1.apk,UnreachableCode,9,TRUE,FALSE,202991,0,0,0,0,0,0
1,/home/asm140830/AndroidTA/benchmarks/DroidBench30/benchmark/apks/UnreachableCode/UnreachableSource1.apk,UnreachableCode,9,TRUE,FALSE,171634,0,0,0,0,0,0
1,/home/asm140830/AndroidTA/benchmarks/DroidBench30/benchmark/apks/Aliasing/FlowSensitivity1.apk,Aliasing,27,FALSE,TRUE,163498,0,0,0,0,0,0
1,/home/asm140830/AndroidTA/benchmarks/DroidBench30/benchmark/apks/Aliasing/Merge1.apk,Aliasing,27,FALSE,TRUE,404703,0,0,0,0,0,0
1,/home/asm140830/AndroidTA/benchmarks/DroidBench30/benchmark/apks/Aliasing/SimpleAliasing1.apk,Aliasing,27,TRUE,FALSE,216408,0,0,0,0,0,0
1,/home/asm140830/AndroidTA/benchmarks/DroidBench30/benchmark/apks/Aliasing/StrongUpdate1.apk,Aliasing,27,FALSE,TRUE,305230,0,0,0,0,0,0
1,/home/asm140830/AndroidTA/benchmarks/DroidBench30/benchmark/apks/UnreachableCode/SimpleUnreachable1.apk,UnreachableCode,27,FALSE,TRUE,186015,0,0,0,0,0,0
1,/home/asm140830/AndroidTA/benchmarks/DroidBench30/benchmark/apks/UnreachableCode/UnreachableBoth.apk,UnreachableCode,27,TRUE,FALSE,285888,0,0,0,0,0,0
1,/home/asm140830/AndroidTA/benchmarks/DroidBench30/benchmark/apks/UnreachableCode/UnreachableSink1.apk,UnreachableCode,27,TRUE,FALSE,205508,0,0,0,0,0,0
1,/home/asm140830/AndroidTA/benchmarks/DroidBench30/benchmark/apks/UnreachableCode/UnreachableSource1.apk,UnreachableCode,27,TRUE,FALSE,162847,0,0,0,0,0,0
1,/home/asm140830/AndroidTA/benchmarks/DroidBench30/benchmark/apks/Aliasing/FlowSensitivity1.apk,Aliasing,16,FALSE,TRUE,356565,0,0,0,0,0,0
1,/home/asm140830/AndroidTA/benchmarks/DroidBench30/benchmark/apks/Aliasing/Merge1.apk,Aliasing,16,FALSE,TRUE,351369,0,0,0,0,0,0
1,/home/asm140830/AndroidTA/benchmarks/DroidBench30/benchmark/apks/Aliasing/SimpleAliasing1.apk,Aliasing,16,TRUE,FALSE,405367,0,0,0,0,0,0
1,/home/asm140830/AndroidTA/benchmarks/DroidBench30/benchmark/apks/Aliasing/StrongUpdate1.apk,Aliasing,16,FALSE,TRUE,311475,0,0,0,0,0,0
1,/home/asm140830/AndroidTA/benchmarks/DroidBench30/benchmark/apks/UnreachableCode/SimpleUnreachable1.apk,UnreachableCode,16,FALSE,TRUE,271809,0,0,0,0,0,0
1,/home/asm140830/AndroidTA/benchmarks/DroidBench30/benchmark/apks/UnreachableCode/UnreachableBoth.apk,UnreachableCode,16,TRUE,FALSE,243705,0,0,0,0,0,0
1,/home/asm140830/AndroidTA/benchmarks/DroidBench30/benchmark/apks/UnreachableCode/UnreachableSink1.apk,UnreachableCode,16,TRUE,FALSE,397338,0,0,0,0,0,0
1,/home/asm140830/AndroidTA/benchmarks/DroidBench30/benchmark/apks/UnreachableCode/UnreachableSource1.apk,UnreachableCode,16,TRUE,FALSE,238069,0,0,0,0,0,0
1,/home/asm140830/AndroidTA/benchmarks/DroidBench30/benchmark/apks/Aliasing/FlowSensitivity1.apk,Aliasing,7,FALSE,TRUE,364244,0,0,0,0,0,0
1,/home/asm140830/AndroidTA/benchmarks/DroidBench30/benchmark/apks/Aliasing/Merge1.apk,Aliasing,7,FALSE,TRUE,346352,0,0,0,0,0,0
1,/home/asm140830/AndroidTA/benchmarks/DroidBench30/benchmark/apks/Aliasing/SimpleAliasing1.apk,Aliasing,7,TRUE,FALSE,444093,0,0,0,0,0,0
1,/home/asm140830/AndroidTA/benchmarks/DroidBench30/benchmark/apks/Aliasing/StrongUpdate1.apk,Aliasing,7,FALSE,TRUE,273163,0,0,0,0,0,0
1,/home/asm140830/AndroidTA/benchmarks/DroidBench30/benchmark/apks/UnreachableCode/SimpleUnreachable1.apk,UnreachableCode,7,FALSE,TRUE,265874,0,0,0,0,0,0
1,/home/asm140830/AndroidTA/benchmarks/DroidBench30/benchmark/apks/UnreachableCode/UnreachableBoth.apk,UnreachableCode,7,TRUE,FALSE,251440,0,0,0,0,0,0
1,/home/asm140830/AndroidTA/benchmarks/DroidBench30/benchmark/apks/UnreachableCode/UnreachableSink1.apk,UnreachableCode,7,TRUE,FALSE,400022,0,0,0,0,0,0
1,/home/asm140830/AndroidTA/benchmarks/DroidBench30/benchmark/apks/UnreachableCode/UnreachableSource1.apk,UnreachableCode,7,TRUE,FALSE,238079,0,0,0,0,0,0
1,/home/asm140830/AndroidTA/benchmarks/DroidBench30/benchmark/apks/Aliasing/FlowSensitivity1.apk,Aliasing,1,FALSE,TRUE,386753,0,0,0,0,0,0
1,/home/asm140830/AndroidTA/benchmarks/DroidBench30/benchmark/apks/Aliasing/Merge1.apk,Aliasing,1,FALSE,TRUE,384064,0,0,0,0,0,0
1,/home/asm140830/AndroidTA/benchmarks/DroidBench30/benchmark/apks/Aliasing/SimpleAliasing1.apk,Aliasing,1,TRUE,FALSE,424512,0,0,0,0,0,0
1,/home/asm140830/AndroidTA/benchmarks/DroidBench30/benchmark/apks/Aliasing/StrongUpdate1.apk,Aliasing,1,FALSE,TRUE,347363,0,0,0,0,0,0
1,/home/asm140830/AndroidTA/benchmarks/DroidBench30/benchmark/apks/UnreachableCode/SimpleUnreachable1.apk,UnreachableCode,1,FALSE,TRUE,224409,0,0,0,0,0,0
1,/home/asm140830/AndroidTA/benchmarks/DroidBench30/benchmark/apks/UnreachableCode/UnreachableBoth.apk,UnreachableCode,1,TRUE,FALSE,274651,0,0,0,0,0,0
1,/home/asm140830/AndroidTA/benchmarks/DroidBench30/benchmark/apks/UnreachableCode/UnreachableSink1.apk,UnreachableCode,1,TRUE,FALSE,385783,0,0,0,0,0,0
1,/home/asm140830/AndroidTA/benchmarks/DroidBench30/benchmark/apks/UnreachableCode/UnreachableSource1.apk,UnreachableCode,1,TRUE,FALSE,252886,0,0,0,0,0,0
1,/home/asm140830/AndroidTA/benchmarks/DroidBench30/benchmark/apks/Aliasing/FlowSensitivity1.apk,Aliasing,13,FALSE,TRUE,545697,0,0,0,0,0,0
1,/home/asm140830/AndroidTA/benchmarks/DroidBench30/benchmark/apks/Aliasing/Merge1.apk,Aliasing,13,FALSE,TRUE,471938,0,0,0,0,0,0
1,/home/asm140830/AndroidTA/benchmarks/DroidBench30/benchmark/apks/Aliasing/SimpleAliasing1.apk,Aliasing,13,TRUE,FALSE,480712,0,0,0,0,0,0
1,/home/asm140830/AndroidTA/benchmarks/DroidBench30/benchmark/apks/Aliasing/StrongUpdate1.apk,Aliasing,13,FALSE,TRUE,392834,0,0,0,0,0,0
1,/home/asm140830/AndroidTA/benchmarks/DroidBench30/benchmark/apks/UnreachableCode/SimpleUnreachable1.apk,UnreachableCode,13,FALSE,TRUE,326002,0,0,0,0,0,0
1,/home/asm140830/AndroidTA/benchmarks/DroidBench30/benchmark/apks/UnreachableCode/UnreachableBoth.apk,UnreachableCode,13,TRUE,FALSE,423629,0,0,0,0,0,0
1,/home/asm140830/AndroidTA/benchmarks/DroidBench30/benchmark/apks/UnreachableCode/UnreachableSink1.apk,UnreachableCode,13,TRUE,FALSE,515608,0,0,0,0,0,0
1,/home/asm140830/AndroidTA/benchmarks/DroidBench30/benchmark/apks/UnreachableCode/UnreachableSource1.apk,UnreachableCode,13,TRUE,FALSE,465217,0,0,0,0,0,0
1,/home/asm140830/AndroidTA/benchmarks/DroidBench30/benchmark/apks/Aliasing/FlowSensitivity1.apk,Aliasing,2,FALSE,TRUE,602643,0,0,0,0,0,0
1,/home/asm140830/AndroidTA/benchmarks/DroidBench30/benchmark/apks/Aliasing/Merge1.apk,Aliasing,2,FALSE,TRUE,602591,0,0,0,0,0,0
1,/home/asm140830/AndroidTA/benchmarks/DroidBench30/benchmark/apks/Aliasing/SimpleAliasing1.apk,Aliasing,2,TRUE,FALSE,602492,0,0,0,0,0,0
1,/home/asm140830/AndroidTA/benchmarks/DroidBench30/benchmark/apks/Aliasing/StrongUpdate1.apk,Aliasing,2,FALSE,TRUE,602606,0,0,0,0,0,0
1,/home/asm140830/AndroidTA/benchmarks/DroidBench30/benchmark/apks/UnreachableCode/SimpleUnreachable1.apk,UnreachableCode,2,FALSE,TRUE,221172,0,0,0,0,0,0
1,/home/asm140830/AndroidTA/benchmarks/DroidBench30/benchmark/apks/UnreachableCode/UnreachableBoth.apk,UnreachableCode,2,TRUE,FALSE,421670,0,0,0,0,0,0
1,/home/asm140830/AndroidTA/benchmarks/DroidBench30/benchmark/apks/UnreachableCode/UnreachableSink1.apk,UnreachableCode,2,TRUE,FALSE,291926,0,0,0,0,0,0
1,/home/asm140830/AndroidTA/benchmarks/DroidBench30/benchmark/apks/UnreachableCode/UnreachableSource1.apk,UnreachableCode,2,TRUE,FALSE,373493,0,0,0,0,0,0
1,/home/asm140830/AndroidTA/benchmarks/DroidBench30/benchmark/apks/Aliasing/FlowSensitivity1.apk,Aliasing,23,FALSE,TRUE,602667,0,0,0,0,0,0
1,/home/asm140830/AndroidTA/benchmarks/DroidBench30/benchmark/apks/Aliasing/Merge1.apk,Aliasing,23,FALSE,TRUE,602544,0,0,0,0,0,0
1,/home/asm140830/AndroidTA/benchmarks/DroidBench30/benchmark/apks/Aliasing/SimpleAliasing1.apk,Aliasing,23,TRUE,FALSE,602510,0,0,0,0,0,0
1,/home/asm140830/AndroidTA/benchmarks/DroidBench30/benchmark/apks/Aliasing/StrongUpdate1.apk,Aliasing,23,FALSE,TRUE,602682,0,0,0,0,0,0
1,/home/asm140830/AndroidTA/benchmarks/DroidBench30/benchmark/apks/UnreachableCode/SimpleUnreachable1.apk,UnreachableCode,23,FALSE,TRUE,213237,0,0,0,0,0,0
1,/home/asm140830/AndroidTA/benchmarks/DroidBench30/benchmark/apks/UnreachableCode/UnreachableBoth.apk,UnreachableCode,23,TRUE,FALSE,442782,0,0,0,0,0,0
1,/home/asm140830/AndroidTA/benchmarks/DroidBench30/benchmark/apks/UnreachableCode/UnreachableSink1.apk,UnreachableCode,23,TRUE,FALSE,320289,0,0,0,0,0,0
1,/home/asm140830/AndroidTA/benchmarks/DroidBench30/benchmark/apks/UnreachableCode/UnreachableSource1.apk,UnreachableCode,23,TRUE,FALSE,363226,0,0,0,0,0,0
1,/home/asm140830/AndroidTA/benchmarks/DroidBench30/benchmark/apks/Aliasing/FlowSensitivity1.apk,Aliasing,52,FALSE,TRUE,335204,0,0,0,0,0,0
1,/home/asm140830/AndroidTA/benchmarks/DroidBench30/benchmark/apks/Aliasing/Merge1.apk,Aliasing,52,FALSE,TRUE,201607,0,0,0,0,0,0
1,/home/asm140830/AndroidTA/benchmarks/DroidBench30/benchmark/apks/Aliasing/SimpleAliasing1.apk,Aliasing,52,TRUE,FALSE,193964,0,0,0,0,0,0
1,/home/asm140830/AndroidTA/benchmarks/DroidBench30/benchmark/apks/Aliasing/StrongUpdate1.apk,Aliasing,52,FALSE,TRUE,240274,0,0,0,0,0,0
1,/home/asm140830/AndroidTA/benchmarks/DroidBench30/benchmark/apks/UnreachableCode/SimpleUnreachable1.apk,UnreachableCode,52,FALSE,TRUE,280693,0,0,0,0,0,0
1,/home/asm140830/AndroidTA/benchmarks/DroidBench30/benchmark/apks/UnreachableCode/UnreachableBoth.apk,UnreachableCode,52,TRUE,FALSE,225224,0,0,0,0,0,0
1,/home/asm140830/AndroidTA/benchmarks/DroidBench30/benchmark/apks/UnreachableCode/UnreachableSink1.apk,UnreachableCode,52,TRUE,FALSE,267997,0,0,0,0,0,0
1,/home/asm140830/AndroidTA/benchmarks/DroidBench30/benchmark/apks/UnreachableCode/UnreachableSource1.apk,UnreachableCode,52,TRUE,FALSE,171465,0,0,0,0,0,0
1,/home/asm140830/AndroidTA/benchmarks/DroidBench30/benchmark/apks/Aliasing/FlowSensitivity1.apk,Aliasing,8,FALSE,TRUE,602635,0,0,0,0,0,0
1,/home/asm140830/AndroidTA/benchmarks/DroidBench30/benchmark/apks/Aliasing/Merge1.apk,Aliasing,8,FALSE,TRUE,602598,0,0,0,0,0,0
1,/home/asm140830/AndroidTA/benchmarks/DroidBench30/benchmark/apks/Aliasing/SimpleAliasing1.apk,Aliasing,8,TRUE,FALSE,602542,0,0,0,0,0,0
1,/home/asm140830/AndroidTA/benchmarks/DroidBench30/benchmark/apks/Aliasing/StrongUpdate1.apk,Aliasing,8,FALSE,TRUE,602505,0,0,0,0,0,0
1,/home/asm140830/AndroidTA/benchmarks/DroidBench30/benchmark/apks/UnreachableCode/SimpleUnreachable1.apk,UnreachableCode,8,FALSE,TRUE,212633,0,0,0,0,0,0
1,/home/asm140830/AndroidTA/benchmarks/DroidBench30/benchmark/apks/UnreachableCode/UnreachableBoth.apk,UnreachableCode,8,TRUE,FALSE,490553,0,0,0,0,0,0
1,/home/asm140830/AndroidTA/benchmarks/DroidBench30/benchmark/apks/UnreachableCode/UnreachableSink1.apk,UnreachableCode,8,TRUE,FALSE,371754,0,0,0,0,0,0
1,/home/asm140830/AndroidTA/benchmarks/DroidBench30/benchmark/apks/UnreachableCode/UnreachableSource1.apk,UnreachableCode,8,TRUE,FALSE,340456,0,0,0,0,0,0
1,/home/asm140830/AndroidTA/benchmarks/DroidBench30/benchmark/apks/Aliasing/FlowSensitivity1.apk,Aliasing,56,FALSE,TRUE,349252,0,0,0,0,0,0
1,/home/asm140830/AndroidTA/benchmarks/DroidBench30/benchmark/apks/Aliasing/Merge1.apk,Aliasing,56,FALSE,TRUE,186663,0,0,0,0,0,0
1,/home/asm140830/AndroidTA/benchmarks/DroidBench30/benchmark/apks/Aliasing/SimpleAliasing1.apk,Aliasing,56,TRUE,FALSE,198383,0,0,0,0,0,0
1,/home/asm140830/AndroidTA/benchmarks/DroidBench30/benchmark/apks/Aliasing/StrongUpdate1.apk,Aliasing,56,FALSE,TRUE,264374,0,0,0,0,0,0
1,/home/asm140830/AndroidTA/benchmarks/DroidBench30/benchmark/apks/UnreachableCode/SimpleUnreachable1.apk,UnreachableCode,56,FALSE,TRUE,252182,0,0,0,0,0,0
1,/home/asm140830/AndroidTA/benchmarks/DroidBench30/benchmark/apks/UnreachableCode/UnreachableBoth.apk,UnreachableCode,56,TRUE,FALSE,218728,0,0,0,0,0,0
1,/home/asm140830/AndroidTA/benchmarks/DroidBench30/benchmark/apks/UnreachableCode/UnreachableSink1.apk,UnreachableCode,56,TRUE,FALSE,275413,0,0,0,0,0,0
1,/home/asm140830/AndroidTA/benchmarks/DroidBench30/benchmark/apks/UnreachableCode/UnreachableSource1.apk,UnreachableCode,56,TRUE,FALSE,182240,0,0,0,0,0,0
1,/home/asm140830/AndroidTA/benchmarks/DroidBench30/benchmark/apks/Aliasing/FlowSensitivity1.apk,Aliasing,60,FALSE,TRUE,357004,0,0,0,0,0,0
1,/home/asm140830/AndroidTA/benchmarks/DroidBench30/benchmark/apks/Aliasing/Merge1.apk,Aliasing,60,FALSE,TRUE,189057,0,0,0,0,0,0
1,/home/asm140830/AndroidTA/benchmarks/DroidBench30/benchmark/apks/Aliasing/SimpleAliasing1.apk,Aliasing,60,TRUE,FALSE,190226,0,0,0,0,0,0
1,/home/asm140830/AndroidTA/benchmarks/DroidBench30/benchmark/apks/Aliasing/StrongUpdate1.apk,Aliasing,60,FALSE,TRUE,309982,0,0,0,0,0,0
1,/home/asm140830/AndroidTA/benchmarks/DroidBench30/benchmark/apks/UnreachableCode/SimpleUnreachable1.apk,UnreachableCode,60,FALSE,TRUE,209290,0,0,0,0,0,0
1,/home/asm140830/AndroidTA/benchmarks/DroidBench30/benchmark/apks/UnreachableCode/UnreachableBoth.apk,UnreachableCode,60,TRUE,FALSE,231295,0,0,0,0,0,0
1,/home/asm140830/AndroidTA/benchmarks/DroidBench30/benchmark/apks/UnreachableCode/UnreachableSink1.apk,UnreachableCode,60,TRUE,FALSE,263596,0,0,0,0,0,0
1,/home/asm140830/AndroidTA/benchmarks/DroidBench30/benchmark/apks/UnreachableCode/UnreachableSource1.apk,UnreachableCode,60,TRUE,FALSE,175661,0,0,0,0,0,0
1,/home/asm140830/AndroidTA/benchmarks/DroidBench30/benchmark/apks/Aliasing/FlowSensitivity1.apk,Aliasing,5,FALSE,TRUE,602587,0,0,0,0,0,0
1,/home/asm140830/AndroidTA/benchmarks/DroidBench30/benchmark/apks/Aliasing/Merge1.apk,Aliasing,5,FALSE,TRUE,602749,0,0,0,0,0,0
1,/home/asm140830/AndroidTA/benchmarks/DroidBench30/benchmark/apks/Aliasing/SimpleAliasing1.apk,Aliasing,5,TRUE,FALSE,602624,0,0,0,0,0,0
1,/home/asm140830/AndroidTA/benchmarks/DroidBench30/benchmark/apks/Aliasing/StrongUpdate1.apk,Aliasing,5,FALSE,TRUE,602508,0,0,0,0,0,0
1,/home/asm140830/AndroidTA/benchmarks/DroidBench30/benchmark/apks/UnreachableCode/SimpleUnreachable1.apk,UnreachableCode,5,FALSE,TRUE,220551,0,0,0,0,0,0
1,/home/asm140830/AndroidTA/benchmarks/DroidBench30/benchmark/apks/UnreachableCode/UnreachableBoth.apk,UnreachableCode,5,TRUE,FALSE,484698,0,0,0,0,0,0
1,/home/asm140830/AndroidTA/benchmarks/DroidBench30/benchmark/apks/UnreachableCode/UnreachableSink1.apk,UnreachableCode,5,TRUE,FALSE,399045,0,0,0,0,0,0
1,/home/asm140830/AndroidTA/benchmarks/DroidBench30/benchmark/apks/UnreachableCode/UnreachableSource1.apk,UnreachableCode,5,TRUE,FALSE,370074,0,0,0,0,0,0
1,/home/asm140830/AndroidTA/benchmarks/DroidBench30/benchmark/apks/Aliasing/FlowSensitivity1.apk,Aliasing,11,FALSE,TRUE,602637,0,0,0,0,0,0
1,/home/asm140830/AndroidTA/benchmarks/DroidBench30/benchmark/apks/Aliasing/Merge1.apk,Aliasing,11,FALSE,TRUE,602612,0,0,0,0,0,0
1,/home/asm140830/AndroidTA/benchmarks/DroidBench30/benchmark/apks/Aliasing/SimpleAliasing1.apk,Aliasing,11,TRUE,FALSE,602515,0,0,0,0,0,0
1,/home/asm140830/AndroidTA/benchmarks/DroidBench30/benchmark/apks/Aliasing/StrongUpdate1.apk,Aliasing,11,FALSE,TRUE,602550,0,0,0,0,0,0
1,/home/asm140830/AndroidTA/benchmarks/DroidBench30/benchmark/apks/UnreachableCode/SimpleUnreachable1.apk,UnreachableCode,11,FALSE,TRUE,212008,0,0,0,0,0,0
1,/home/asm140830/AndroidTA/benchmarks/DroidBench30/benchmark/apks/UnreachableCode/UnreachableBoth.apk,UnreachableCode,11,TRUE,FALSE,520736,0,0,0,0,0,0
1,/home/asm140830/AndroidTA/benchmarks/DroidBench30/benchmark/apks/UnreachableCode/UnreachableSink1.apk,UnreachableCode,11,TRUE,FALSE,406524,0,0,0,0,0,0
1,/home/asm140830/AndroidTA/benchmarks/DroidBench30/benchmark/apks/UnreachableCode/UnreachableSource1.apk,UnreachableCode,11,TRUE,FALSE,349766,0,0,0,0,0,0
1,/home/asm140830/AndroidTA/benchmarks/DroidBench30/benchmark/apks/Aliasing/FlowSensitivity1.apk,Aliasing,30,FALSE,TRUE,602692,0,0,0,0,0,0
1,/home/asm140830/AndroidTA/benchmarks/DroidBench30/benchmark/apks/Aliasing/Merge1.apk,Aliasing,30,FALSE,TRUE,602624,0,0,0,0,0,0
1,/home/asm140830/AndroidTA/benchmarks/DroidBench30/benchmark/apks/Aliasing/SimpleAliasing1.apk,Aliasing,30,TRUE,FALSE,602502,0,0,0,0,0,0
1,/home/asm140830/AndroidTA/benchmarks/DroidBench30/benchmark/apks/Aliasing/StrongUpdate1.apk,Aliasing,30,FALSE,TRUE,602509,0,0,0,0,0,0
1,/home/asm140830/AndroidTA/benchmarks/DroidBench30/benchmark/apks/UnreachableCode/SimpleUnreachable1.apk,UnreachableCode,30,FALSE,TRUE,203578,0,0,0,0,0,0
1,/home/asm140830/AndroidTA/benchmarks/DroidBench30/benchmark/apks/UnreachableCode/UnreachableBoth.apk,UnreachableCode,30,TRUE,FALSE,536470,0,0,0,0,0,0
1,/home/asm140830/AndroidTA/benchmarks/DroidBench30/benchmark/apks/UnreachableCode/UnreachableSink1.apk,UnreachableCode,30,TRUE,FALSE,442166,0,0,0,0,0,0
1,/home/asm140830/AndroidTA/benchmarks/DroidBench30/benchmark/apks/UnreachableCode/UnreachableSource1.apk,UnreachableCode,30,TRUE,FALSE,364017,0,0,0,0,0,0
1,/home/asm140830/AndroidTA/benchmarks/DroidBench30/benchmark/apks/Aliasing/FlowSensitivity1.apk,Aliasing,31,FALSE,TRUE,594625,0,0,0,0,0,0
1,/home/asm140830/AndroidTA/benchmarks/DroidBench30/benchmark/apks/Aliasing/Merge1.apk,Aliasing,31,FALSE,TRUE,601617,0,0,0,0,0,0
1,/home/asm140830/AndroidTA/benchmarks/DroidBench30/benchmark/apks/Aliasing/SimpleAliasing1.apk,Aliasing,31,TRUE,FALSE,547600,0,0,0,0,0,0
1,/home/asm140830/AndroidTA/benchmarks/DroidBench30/benchmark/apks/Aliasing/StrongUpdate1.apk,Aliasing,31,FALSE,TRUE,590688,0,0,0,0,0,0
1,/home/asm140830/AndroidTA/benchmarks/DroidBench30/benchmark/apks/UnreachableCode/SimpleUnreachable1.apk,UnreachableCode,31,FALSE,TRUE,176900,0,0,0,0,0,0
1,/home/asm140830/AndroidTA/benchmarks/DroidBench30/benchmark/apks/UnreachableCode/UnreachableBoth.apk,UnreachableCode,31,TRUE,FALSE,520463,0,0,0,0,0,0
1,/home/asm140830/AndroidTA/benchmarks/DroidBench30/benchmark/apks/UnreachableCode/UnreachableSink1.apk,UnreachableCode,31,TRUE,FALSE,526478,0,0,0,0,0,0
1,/home/asm140830/AndroidTA/benchmarks/DroidBench30/benchmark/apks/UnreachableCode/UnreachableSource1.apk,UnreachableCode,31,TRUE,FALSE,449813,0,0,0,0,0,0
1,/home/asm140830/AndroidTA/benchmarks/DroidBench30/benchmark/apks/Aliasing/FlowSensitivity1.apk,Aliasing,14,FALSE,TRUE,603614,0,0,0,0,0,0
1,/home/asm140830/AndroidTA/benchmarks/DroidBench30/benchmark/apks/Aliasing/Merge1.apk,Aliasing,14,FALSE,TRUE,602573,0,0,0,0,0,0
1,/home/asm140830/AndroidTA/benchmarks/DroidBench30/benchmark/apks/Aliasing/SimpleAliasing1.apk,Aliasing,14,TRUE,FALSE,601495,0,0,0,0,0,0
1,/home/asm140830/AndroidTA/benchmarks/DroidBench30/benchmark/apks/Aliasing/StrongUpdate1.apk,Aliasing,14,FALSE,TRUE,602635,0,0,0,0,0,0
1,/home/asm140830/AndroidTA/benchmarks/DroidBench30/benchmark/apks/UnreachableCode/SimpleUnreachable1.apk,UnreachableCode,14,FALSE,TRUE,211914,0,0,0,0,0,0
1,/home/asm140830/AndroidTA/benchmarks/DroidBench30/benchmark/apks/UnreachableCode/UnreachableBoth.apk,UnreachableCode,14,TRUE,FALSE,507872,0,0,0,0,0,0
1,/home/asm140830/AndroidTA/benchmarks/DroidBench30/benchmark/apks/UnreachableCode/UnreachableSink1.apk,UnreachableCode,14,TRUE,FALSE,496720,0,0,0,0,0,0
1,/home/asm140830/AndroidTA/benchmarks/DroidBench30/benchmark/apks/UnreachableCode/UnreachableSource1.apk,UnreachableCode,14,TRUE,FALSE,394576,0,0,0,0,0,0
1,/home/asm140830/AndroidTA/benchmarks/DroidBench30/benchmark/apks/Aliasing/FlowSensitivity1.apk,Aliasing,25,FALSE,TRUE,578605,0,0,0,0,0,0
1,/home/asm140830/AndroidTA/benchmarks/DroidBench30/benchmark/apks/Aliasing/Merge1.apk,Aliasing,25,FALSE,TRUE,583563,0,0,0,0,0,0
1,/home/asm140830/AndroidTA/benchmarks/DroidBench30/benchmark/apks/Aliasing/SimpleAliasing1.apk,Aliasing,25,TRUE,FALSE,582542,0,0,0,0,0,0
1,/home/asm140830/AndroidTA/benchmarks/DroidBench30/benchmark/apks/Aliasing/StrongUpdate1.apk,Aliasing,25,FALSE,TRUE,604570,0,0,0,0,0,0
1,/home/asm140830/AndroidTA/benchmarks/DroidBench30/benchmark/apks/UnreachableCode/SimpleUnreachable1.apk,UnreachableCode,25,FALSE,TRUE,149471,0,0,0,0,0,0
1,/home/asm140830/AndroidTA/benchmarks/DroidBench30/benchmark/apks/UnreachableCode/UnreachableBoth.apk,UnreachableCode,25,TRUE,FALSE,602620,0,0,0,0,0,0
1,/home/asm140830/AndroidTA/benchmarks/DroidBench30/benchmark/apks/UnreachableCode/UnreachableSink1.apk,UnreachableCode,25,TRUE,FALSE,536630,0,0,0,0,0,0
1,/home/asm140830/AndroidTA/benchmarks/DroidBench30/benchmark/apks/UnreachableCode/UnreachableSource1.apk,UnreachableCode,25,TRUE,FALSE,602573,0,0,0,0,0,0
1,/home/asm140830/AndroidTA/benchmarks/DroidBench30/benchmark/apks/Aliasing/FlowSensitivity1.apk,Aliasing,19,FALSE,TRUE,602634,0,0,0,0,0,0
1,/home/asm140830/AndroidTA/benchmarks/DroidBench30/benchmark/apks/Aliasing/Merge1.apk,Aliasing,19,FALSE,TRUE,603662,0,0,0,0,0,0
1,/home/asm140830/AndroidTA/benchmarks/DroidBench30/benchmark/apks/Aliasing/SimpleAliasing1.apk,Aliasing,19,TRUE,FALSE,550519,0,0,0,0,0,0
1,/home/asm140830/AndroidTA/benchmarks/DroidBench30/benchmark/apks/Aliasing/StrongUpdate1.apk,Aliasing,19,FALSE,TRUE,603616,0,0,0,0,0,0
1,/home/asm140830/AndroidTA/benchmarks/DroidBench30/benchmark/apks/UnreachableCode/SimpleUnreachable1.apk,UnreachableCode,19,FALSE,TRUE,149972,0,0,0,0,0,0
1,/home/asm140830/AndroidTA/benchmarks/DroidBench30/benchmark/apks/UnreachableCode/UnreachableBoth.apk,UnreachableCode,19,TRUE,FALSE,586544,0,0,0,0,0,0
1,/home/asm140830/AndroidTA/benchmarks/DroidBench30/benchmark/apks/UnreachableCode/UnreachableSink1.apk,UnreachableCode,19,TRUE,FALSE,587576,0,0,0,0,0,0
1,/home/asm140830/AndroidTA/benchmarks/DroidBench30/benchmark/apks/UnreachableCode/UnreachableSource1.apk,UnreachableCode,19,TRUE,FALSE,601621,0,0,0,0,0,0
1,/home/asm140830/AndroidTA/benchmarks/DroidBench30/benchmark/apks/Aliasing/FlowSensitivity1.apk,Aliasing,17,FALSE,TRUE,602691,0,0,0,0,0,0
1,/home/asm140830/AndroidTA/benchmarks/DroidBench30/benchmark/apks/Aliasing/Merge1.apk,Aliasing,17,FALSE,TRUE,602554,0,0,0,0,0,0
1,/home/asm140830/AndroidTA/benchmarks/DroidBench30/benchmark/apks/Aliasing/SimpleAliasing1.apk,Aliasing,17,TRUE,FALSE,602482,0,0,0,0,0,0
1,/home/asm140830/AndroidTA/benchmarks/DroidBench30/benchmark/apks/Aliasing/StrongUpdate1.apk,Aliasing,17,FALSE,TRUE,602549,0,0,0,0,0,0
1,/home/asm140830/AndroidTA/benchmarks/DroidBench30/benchmark/apks/UnreachableCode/SimpleUnreachable1.apk,UnreachableCode,17,FALSE,TRUE,202883,0,0,0,0,0,0
1,/home/asm140830/AndroidTA/benchmarks/DroidBench30/benchmark/apks/UnreachableCode/UnreachableBoth.apk,UnreachableCode,17,TRUE,FALSE,601490,0,0,0,0,0,0
1,/home/asm140830/AndroidTA/benchmarks/DroidBench30/benchmark/apks/UnreachableCode/UnreachableSink1.apk,UnreachableCode,17,TRUE,FALSE,601531,0,0,0,0,0,0
1,/home/asm140830/AndroidTA/benchmarks/DroidBench30/benchmark/apks/UnreachableCode/UnreachableSource1.apk,UnreachableCode,17,TRUE,FALSE,602584,0,0,0,0,0,0
1,/home/asm140830/AndroidTA/benchmarks/DroidBench30/benchmark/apks/Aliasing/FlowSensitivity1.apk,Aliasing,29,FALSE,TRUE,602631,0,0,0,0,0,0
1,/home/asm140830/AndroidTA/benchmarks/DroidBench30/benchmark/apks/Aliasing/Merge1.apk,Aliasing,29,FALSE,TRUE,602611,0,0,0,0,0,0
1,/home/asm140830/AndroidTA/benchmarks/DroidBench30/benchmark/apks/Aliasing/SimpleAliasing1.apk,Aliasing,29,TRUE,FALSE,602497,0,0,0,0,0,0
1,/home/asm140830/AndroidTA/benchmarks/DroidBench30/benchmark/apks/Aliasing/StrongUpdate1.apk,Aliasing,29,FALSE,TRUE,602533,0,0,0,0,0,0
1,/home/asm140830/AndroidTA/benchmarks/DroidBench30/benchmark/apks/UnreachableCode/SimpleUnreachable1.apk,UnreachableCode,29,FALSE,TRUE,212630,0,0,0,0,0,0
1,/home/asm140830/AndroidTA/benchmarks/DroidBench30/benchmark/apks/UnreachableCode/UnreachableBoth.apk,UnreachableCode,29,TRUE,FALSE,601528,0,0,0,0,0,0
1,/home/asm140830/AndroidTA/benchmarks/DroidBench30/benchmark/apks/UnreachableCode/UnreachableSink1.apk,UnreachableCode,29,TRUE,FALSE,601485,0,0,0,0,0,0
1,/home/asm140830/AndroidTA/benchmarks/DroidBench30/benchmark/apks/UnreachableCode/UnreachableSource1.apk,UnreachableCode,29,TRUE,FALSE,602473,0,0,0,0,0,0
1,/home/asm140830/AndroidTA/benchmarks/DroidBench30/benchmark/apks/Aliasing/FlowSensitivity1.apk,Aliasing,26,FALSE,TRUE,602657,0,0,0,0,0,0
1,/home/asm140830/AndroidTA/benchmarks/DroidBench30/benchmark/apks/Aliasing/Merge1.apk,Aliasing,26,FALSE,TRUE,602671,0,0,0,0,0,0
1,/home/asm140830/AndroidTA/benchmarks/DroidBench30/benchmark/apks/Aliasing/SimpleAliasing1.apk,Aliasing,26,TRUE,FALSE,602546,0,0,0,0,0,0
1,/home/asm140830/AndroidTA/benchmarks/DroidBench30/benchmark/apks/Aliasing/StrongUpdate1.apk,Aliasing,26,FALSE,TRUE,602527,0,0,0,0,0,0
1,/home/asm140830/AndroidTA/benchmarks/DroidBench30/benchmark/apks/UnreachableCode/SimpleUnreachable1.apk,UnreachableCode,26,FALSE,TRUE,211863,0,0,0,0,0,0
1,/home/asm140830/AndroidTA/benchmarks/DroidBench30/benchmark/apks/UnreachableCode/UnreachableBoth.apk,UnreachableCode,26,TRUE,FALSE,601875,0,0,0,0,0,0
1,/home/asm140830/AndroidTA/benchmarks/DroidBench30/benchmark/apks/UnreachableCode/UnreachableSink1.apk,UnreachableCode,26,TRUE,FALSE,602595,0,0,0,0,0,0
1,/home/asm140830/AndroidTA/benchmarks/DroidBench30/benchmark/apks/UnreachableCode/UnreachableSource1.apk,UnreachableCode,26,TRUE,FALSE,603596,0,0,0,0,0,0
1,/home/asm140830/AndroidTA/benchmarks/DroidBench30/benchmark/apks/Aliasing/FlowSensitivity1.apk,Aliasing,10,FALSE,TRUE,602609,0,0,0,0,0,0
1,/home/asm140830/AndroidTA/benchmarks/DroidBench30/benchmark/apks/Aliasing/Merge1.apk,Aliasing,10,FALSE,TRUE,602652,0,0,0,0,0,0
1,/home/asm140830/AndroidTA/benchmarks/DroidBench30/benchmark/apks/Aliasing/SimpleAliasing1.apk,Aliasing,10,TRUE,FALSE,602517,0,0,0,0,0,0
1,/home/asm140830/AndroidTA/benchmarks/DroidBench30/benchmark/apks/Aliasing/StrongUpdate1.apk,Aliasing,10,FALSE,TRUE,602513,0,0,0,0,0,0
1,/home/asm140830/AndroidTA/benchmarks/DroidBench30/benchmark/apks/UnreachableCode/SimpleUnreachable1.apk,UnreachableCode,10,FALSE,TRUE,221232,0,0,0,0,0,0
1,/home/asm140830/AndroidTA/benchmarks/DroidBench30/benchmark/apks/UnreachableCode/UnreachableBoth.apk,UnreachableCode,10,TRUE,FALSE,602501,0,0,0,0,0,0
1,/home/asm140830/AndroidTA/benchmarks/DroidBench30/benchmark/apks/UnreachableCode/UnreachableSink1.apk,UnreachableCode,10,TRUE,FALSE,602491,0,0,0,0,0,0
1,/home/asm140830/AndroidTA/benchmarks/DroidBench30/benchmark/apks/UnreachableCode/UnreachableSource1.apk,UnreachableCode,10,TRUE,FALSE,605560,0,0,0,0,0,0
1,/home/asm140830/AndroidTA/benchmarks/DroidBench30/benchmark/apks/Aliasing/FlowSensitivity1.apk,Aliasing,55,FALSE,TRUE,426607,0,0,0,0,0,0
1,/home/asm140830/AndroidTA/benchmarks/DroidBench30/benchmark/apks/Aliasing/Merge1.apk,Aliasing,55,FALSE,TRUE,270264,0,0,0,0,0,0
1,/home/asm140830/AndroidTA/benchmarks/DroidBench30/benchmark/apks/Aliasing/SimpleAliasing1.apk,Aliasing,55,TRUE,FALSE,422641,0,0,0,0,0,0
1,/home/asm140830/AndroidTA/benchmarks/DroidBench30/benchmark/apks/Aliasing/StrongUpdate1.apk,Aliasing,55,FALSE,TRUE,284360,0,0,0,0,0,0
1,/home/asm140830/AndroidTA/benchmarks/DroidBench30/benchmark/apks/UnreachableCode/SimpleUnreachable1.apk,UnreachableCode,55,FALSE,TRUE,327652,0,0,0,0,0,0
1,/home/asm140830/AndroidTA/benchmarks/DroidBench30/benchmark/apks/UnreachableCode/UnreachableBoth.apk,UnreachableCode,55,TRUE,FALSE,265760,0,0,0,0,0,0
1,/home/asm140830/AndroidTA/benchmarks/DroidBench30/benchmark/apks/UnreachableCode/UnreachableSink1.apk,UnreachableCode,55,TRUE,FALSE,343889,0,0,0,0,0,0
1,/home/asm140830/AndroidTA/benchmarks/DroidBench30/benchmark/apks/UnreachableCode/UnreachableSource1.apk,UnreachableCode,55,TRUE,FALSE,244291,0,0,0,0,0,0
1,/home/asm140830/AndroidTA/benchmarks/DroidBench30/benchmark/apks/Aliasing/FlowSensitivity1.apk,Aliasing,63,FALSE,TRUE,245232,0,0,0,0,0,0
1,/home/asm140830/AndroidTA/benchmarks/DroidBench30/benchmark/apks/Aliasing/Merge1.apk,Aliasing,63,FALSE,TRUE,306731,0,0,0,0,0,0
1,/home/asm140830/AndroidTA/benchmarks/DroidBench30/benchmark/apks/Aliasing/SimpleAliasing1.apk,Aliasing,63,TRUE,FALSE,190256,0,0,0,0,0,0
1,/home/asm140830/AndroidTA/benchmarks/DroidBench30/benchmark/apks/Aliasing/StrongUpdate1.apk,Aliasing,63,FALSE,TRUE,314607,0,0,0,0,0,0
1,/home/asm140830/AndroidTA/benchmarks/DroidBench30/benchmark/apks/UnreachableCode/SimpleUnreachable1.apk,UnreachableCode,63,FALSE,TRUE,204813,0,0,0,0,0,0
1,/home/asm140830/AndroidTA/benchmarks/DroidBench30/benchmark/apks/UnreachableCode/UnreachableBoth.apk,UnreachableCode,63,TRUE,FALSE,242983,0,0,0,0,0,0
1,/home/asm140830/AndroidTA/benchmarks/DroidBench30/benchmark/apks/UnreachableCode/UnreachableSink1.apk,UnreachableCode,63,TRUE,FALSE,242221,0,0,0,0,0,0
1,/home/asm140830/AndroidTA/benchmarks/DroidBench30/benchmark/apks/UnreachableCode/UnreachableSource1.apk,UnreachableCode,63,TRUE,FALSE,185333,0,0,0,0,0,0
1,/home/asm140830/AndroidTA/benchmarks/DroidBench30/benchmark/apks/Aliasing/FlowSensitivity1.apk,Aliasing,67,FALSE,TRUE,249585,0,0,0,0,0,0
1,/home/asm140830/AndroidTA/benchmarks/DroidBench30/benchmark/apks/Aliasing/Merge1.apk,Aliasing,67,FALSE,TRUE,284379,0,0,0,0,0,0
1,/home/asm140830/AndroidTA/benchmarks/DroidBench30/benchmark/apks/Aliasing/SimpleAliasing1.apk,Aliasing,67,TRUE,FALSE,180523,0,0,0,0,0,0
1,/home/asm140830/AndroidTA/benchmarks/DroidBench30/benchmark/apks/Aliasing/StrongUpdate1.apk,Aliasing,67,FALSE,TRUE,204934,0,0,0,0,0,0
1,/home/asm140830/AndroidTA/benchmarks/DroidBench30/benchmark/apks/UnreachableCode/SimpleUnreachable1.apk,UnreachableCode,67,FALSE,TRUE,245895,0,0,0,0,0,0
1,/home/asm140830/AndroidTA/benchmarks/DroidBench30/benchmark/apks/UnreachableCode/UnreachableBoth.apk,UnreachableCode,67,TRUE,FALSE,178096,0,0,0,0,0,0
1,/home/asm140830/AndroidTA/benchmarks/DroidBench30/benchmark/apks/UnreachableCode/UnreachableSink1.apk,UnreachableCode,67,TRUE,FALSE,199543,0,0,0,0,0,0
1,/home/asm140830/AndroidTA/benchmarks/DroidBench30/benchmark/apks/UnreachableCode/UnreachableSource1.apk,UnreachableCode,67,TRUE,FALSE,223703,0,0,0,0,0,0
1,/home/asm140830/AndroidTA/benchmarks/DroidBench30/benchmark/apks/Aliasing/FlowSensitivity1.apk,Aliasing,61,FALSE,TRUE,602761,0,0,0,0,0,0
1,/home/asm140830/AndroidTA/benchmarks/DroidBench30/benchmark/apks/Aliasing/Merge1.apk,Aliasing,61,FALSE,TRUE,604613,0,0,0,0,0,0
1,/home/asm140830/AndroidTA/benchmarks/DroidBench30/benchmark/apks/Aliasing/SimpleAliasing1.apk,Aliasing,61,TRUE,FALSE,602582,0,0,0,0,0,0
1,/home/asm140830/AndroidTA/benchmarks/DroidBench30/benchmark/apks/Aliasing/StrongUpdate1.apk,Aliasing,61,FALSE,TRUE,602586,0,0,0,0,0,0
1,/home/asm140830/AndroidTA/benchmarks/DroidBench30/benchmark/apks/UnreachableCode/SimpleUnreachable1.apk,UnreachableCode,61,FALSE,TRUE,185988,0,0,0,0,0,0
1,/home/asm140830/AndroidTA/benchmarks/DroidBench30/benchmark/apks/UnreachableCode/UnreachableBoth.apk,UnreachableCode,61,TRUE,FALSE,353828,0,0,0,0,0,0
1,/home/asm140830/AndroidTA/benchmarks/DroidBench30/benchmark/apks/UnreachableCode/UnreachableSink1.apk,UnreachableCode,61,TRUE,FALSE,295025,0,0,0,0,0,0
1,/home/asm140830/AndroidTA/benchmarks/DroidBench30/benchmark/apks/UnreachableCode/UnreachableSource1.apk,UnreachableCode,61,TRUE,FALSE,352165,0,0,0,0,0,0
1,/home/asm140830/AndroidTA/benchmarks/DroidBench30/benchmark/apks/Aliasing/FlowSensitivity1.apk,Aliasing,59,FALSE,TRUE,605830,0,0,0,0,0,0
1,/home/asm140830/AndroidTA/benchmarks/DroidBench30/benchmark/apks/Aliasing/Merge1.apk,Aliasing,59,FALSE,TRUE,604533,0,0,0,0,0,0
1,/home/asm140830/AndroidTA/benchmarks/DroidBench30/benchmark/apks/Aliasing/SimpleAliasing1.apk,Aliasing,59,TRUE,FALSE,603645,0,0,0,0,0,0
1,/home/asm140830/AndroidTA/benchmarks/DroidBench30/benchmark/apks/Aliasing/StrongUpdate1.apk,Aliasing,59,FALSE,TRUE,603505,0,0,0,0,0,0
1,/home/asm140830/AndroidTA/benchmarks/DroidBench30/benchmark/apks/UnreachableCode/SimpleUnreachable1.apk,UnreachableCode,59,FALSE,TRUE,201139,0,0,0,0,0,0
1,/home/asm140830/AndroidTA/benchmarks/DroidBench30/benchmark/apks/UnreachableCode/UnreachableBoth.apk,UnreachableCode,59,TRUE,FALSE,359843,0,0,0,0,0,0
1,/home/asm140830/AndroidTA/benchmarks/DroidBench30/benchmark/apks/UnreachableCode/UnreachableSink1.apk,UnreachableCode,59,TRUE,FALSE,287312,0,0,0,0,0,0
1,/home/asm140830/AndroidTA/benchmarks/DroidBench30/benchmark/apks/UnreachableCode/UnreachableSource1.apk,UnreachableCode,59,TRUE,FALSE,353875,0,0,0,0,0,0
1,/home/asm140830/AndroidTA/benchmarks/DroidBench30/benchmark/apks/Aliasing/FlowSensitivity1.apk,Aliasing,58,FALSE,TRUE,602776,0,0,0,0,0,0
1,/home/asm140830/AndroidTA/benchmarks/DroidBench30/benchmark/apks/Aliasing/Merge1.apk,Aliasing,58,FALSE,TRUE,605642,0,0,0,0,0,0
1,/home/asm140830/AndroidTA/benchmarks/DroidBench30/benchmark/apks/Aliasing/SimpleAliasing1.apk,Aliasing,58,TRUE,FALSE,602673,0,0,0,0,0,0
1,/home/asm140830/AndroidTA/benchmarks/DroidBench30/benchmark/apks/Aliasing/StrongUpdate1.apk,Aliasing,58,FALSE,TRUE,602515,0,0,0,0,0,0
1,/home/asm140830/AndroidTA/benchmarks/DroidBench30/benchmark/apks/UnreachableCode/SimpleUnreachable1.apk,UnreachableCode,58,FALSE,TRUE,206029,0,0,0,0,0,0
1,/home/asm140830/AndroidTA/benchmarks/DroidBench30/benchmark/apks/UnreachableCode/UnreachableBoth.apk,UnreachableCode,58,TRUE,FALSE,370040,0,0,0,0,0,0
1,/home/asm140830/AndroidTA/benchmarks/DroidBench30/benchmark/apks/UnreachableCode/UnreachableSink1.apk,UnreachableCode,58,TRUE,FALSE,287429,0,0,0,0,0,0
1,/home/asm140830/AndroidTA/benchmarks/DroidBench30/benchmark/apks/UnreachableCode/UnreachableSource1.apk,UnreachableCode,58,TRUE,FALSE,352976,0,0,0,0,0,0
1,/home/asm140830/AndroidTA/benchmarks/DroidBench30/benchmark/apks/Aliasing/FlowSensitivity1.apk,Aliasing,70,FALSE,TRUE,255950,0,0,0,0,0,0
1,/home/asm140830/AndroidTA/benchmarks/DroidBench30/benchmark/apks/Aliasing/Merge1.apk,Aliasing,70,FALSE,TRUE,255002,0,0,0,0,0,0
1,/home/asm140830/AndroidTA/benchmarks/DroidBench30/benchmark/apks/Aliasing/SimpleAliasing1.apk,Aliasing,70,TRUE,FALSE,193412,0,0,0,0,0,0
1,/home/asm140830/AndroidTA/benchmarks/DroidBench30/benchmark/apks/Aliasing/StrongUpdate1.apk,Aliasing,70,FALSE,TRUE,243879,0,0,0,0,0,0
1,/home/asm140830/AndroidTA/benchmarks/DroidBench30/benchmark/apks/UnreachableCode/SimpleUnreachable1.apk,UnreachableCode,70,FALSE,TRUE,195243,0,0,0,0,0,0
1,/home/asm140830/AndroidTA/benchmarks/DroidBench30/benchmark/apks/UnreachableCode/UnreachableBoth.apk,UnreachableCode,70,TRUE,FALSE,185903,0,0,0,0,0,0
1,/home/asm140830/AndroidTA/benchmarks/DroidBench30/benchmark/apks/UnreachableCode/UnreachableSink1.apk,UnreachableCode,70,TRUE,FALSE,227112,0,0,0,0,0,0
1,/home/asm140830/AndroidTA/benchmarks/DroidBench30/benchmark/apks/UnreachableCode/UnreachableSource1.apk,UnreachableCode,70,TRUE,FALSE,173318,0,0,0,0,0,0
1,/home/asm140830/AndroidTA/benchmarks/DroidBench30/benchmark/apks/Aliasing/FlowSensitivity1.apk,Aliasing,62,FALSE,TRUE,587740,0,0,0,0,0,0
1,/home/asm140830/AndroidTA/benchmarks/DroidBench30/benchmark/apks/Aliasing/Merge1.apk,Aliasing,62,FALSE,TRUE,519600,0,0,0,0,0,0
1,/home/asm140830/AndroidTA/benchmarks/DroidBench30/benchmark/apks/Aliasing/SimpleAliasing1.apk,Aliasing,62,TRUE,FALSE,458407,0,0,0,0,0,0
1,/home/asm140830/AndroidTA/benchmarks/DroidBench30/benchmark/apks/Aliasing/StrongUpdate1.apk,Aliasing,62,FALSE,TRUE,430102,0,0,0,0,0,0
1,/home/asm140830/AndroidTA/benchmarks/DroidBench30/benchmark/apks/UnreachableCode/SimpleUnreachable1.apk,UnreachableCode,62,FALSE,TRUE,264445,0,0,0,0,0,0
1,/home/asm140830/AndroidTA/benchmarks/DroidBench30/benchmark/apks/UnreachableCode/UnreachableBoth.apk,UnreachableCode,62,TRUE,FALSE,348880,0,0,0,0,0,0
1,/home/asm140830/AndroidTA/benchmarks/DroidBench30/benchmark/apks/UnreachableCode/UnreachableSink1.apk,UnreachableCode,62,TRUE,FALSE,471914,0,0,0,0,0,0
1,/home/asm140830/AndroidTA/benchmarks/DroidBench30/benchmark/apks/UnreachableCode/UnreachableSource1.apk,UnreachableCode,62,TRUE,FALSE,489614,0,0,0,0,0,0
1,/home/asm140830/AndroidTA/benchmarks/DroidBench30/benchmark/apks/Aliasing/FlowSensitivity1.apk,Aliasing,51,FALSE,TRUE,603067,0,0,0,0,0,0
1,/home/asm140830/AndroidTA/benchmarks/DroidBench30/benchmark/apks/Aliasing/Merge1.apk,Aliasing,51,FALSE,TRUE,602705,0,0,0,0,0,0
1,/home/asm140830/AndroidTA/benchmarks/DroidBench30/benchmark/apks/Aliasing/SimpleAliasing1.apk,Aliasing,51,TRUE,FALSE,602708,0,0,0,0,0,0
1,/home/asm140830/AndroidTA/benchmarks/DroidBench30/benchmark/apks/Aliasing/StrongUpdate1.apk,Aliasing,51,FALSE,TRUE,603665,0,0,0,0,0,0
1,/home/asm140830/AndroidTA/benchmarks/DroidBench30/benchmark/apks/UnreachableCode/SimpleUnreachable1.apk,UnreachableCode,51,FALSE,TRUE,204194,0,0,0,0,0,0
1,/home/asm140830/AndroidTA/benchmarks/DroidBench30/benchmark/apks/UnreachableCode/UnreachableBoth.apk,UnreachableCode,51,TRUE,FALSE,601580,0,0,0,0,0,0
1,/home/asm140830/AndroidTA/benchmarks/DroidBench30/benchmark/apks/UnreachableCode/UnreachableSink1.apk,UnreachableCode,51,TRUE,FALSE,602526,0,0,0,0,0,0
1,/home/asm140830/AndroidTA/benchmarks/DroidBench30/benchmark/apks/UnreachableCode/UnreachableSource1.apk,UnreachableCode,51,TRUE,FALSE,601611,0,0,0,0,0,0
1,/home/asm140830/AndroidTA/benchmarks/DroidBench30/benchmark/apks/Aliasing/FlowSensitivity1.apk,Aliasing,57,FALSE,TRUE,602675,0,0,0,0,0,0
1,/home/asm140830/AndroidTA/benchmarks/DroidBench30/benchmark/apks/Aliasing/Merge1.apk,Aliasing,57,FALSE,TRUE,602788,0,0,0,0,0,0
1,/home/asm140830/AndroidTA/benchmarks/DroidBench30/benchmark/apks/Aliasing/SimpleAliasing1.apk,Aliasing,57,TRUE,FALSE,601608,0,0,0,0,0,0
1,/home/asm140830/AndroidTA/benchmarks/DroidBench30/benchmark/apks/Aliasing/StrongUpdate1.apk,Aliasing,57,FALSE,TRUE,602560,0,0,0,0,0,0
1,/home/asm140830/AndroidTA/benchmarks/DroidBench30/benchmark/apks/UnreachableCode/SimpleUnreachable1.apk,UnreachableCode,57,FALSE,TRUE,199745,0,0,0,0,0,0
1,/home/asm140830/AndroidTA/benchmarks/DroidBench30/benchmark/apks/UnreachableCode/UnreachableBoth.apk,UnreachableCode,57,TRUE,FALSE,602482,0,0,0,0,0,0
1,/home/asm140830/AndroidTA/benchmarks/DroidBench30/benchmark/apks/UnreachableCode/UnreachableSink1.apk,UnreachableCode,57,TRUE,FALSE,603654,0,0,0,0,0,0
1,/home/asm140830/AndroidTA/benchmarks/DroidBench30/benchmark/apks/UnreachableCode/UnreachableSource1.apk,UnreachableCode,57,TRUE,FALSE,602436,0,0,0,0,0,0
1,/home/asm140830/AndroidTA/benchmarks/DroidBench30/benchmark/apks/Aliasing/FlowSensitivity1.apk,Aliasing,54,FALSE,TRUE,602938,0,0,0,0,0,0
1,/home/asm140830/AndroidTA/benchmarks/DroidBench30/benchmark/apks/Aliasing/Merge1.apk,Aliasing,54,FALSE,TRUE,602728,0,0,0,0,0,0
1,/home/asm140830/AndroidTA/benchmarks/DroidBench30/benchmark/apks/Aliasing/SimpleAliasing1.apk,Aliasing,54,TRUE,FALSE,602710,0,0,0,0,0,0
1,/home/asm140830/AndroidTA/benchmarks/DroidBench30/benchmark/apks/Aliasing/StrongUpdate1.apk,Aliasing,54,FALSE,TRUE,603680,0,0,0,0,0,0
1,/home/asm140830/AndroidTA/benchmarks/DroidBench30/benchmark/apks/UnreachableCode/SimpleUnreachable1.apk,UnreachableCode,54,FALSE,TRUE,217140,0,0,0,0,0,0
1,/home/asm140830/AndroidTA/benchmarks/DroidBench30/benchmark/apks/UnreachableCode/UnreachableBoth.apk,UnreachableCode,54,TRUE,FALSE,602523,0,0,0,0,0,0
1,/home/asm140830/AndroidTA/benchmarks/DroidBench30/benchmark/apks/UnreachableCode/UnreachableSink1.apk,UnreachableCode,54,TRUE,FALSE,607510,0,0,0,0,0,0
1,/home/asm140830/AndroidTA/benchmarks/DroidBench30/benchmark/apks/UnreachableCode/UnreachableSource1.apk,UnreachableCode,54,TRUE,FALSE,602488,0,0,0,0,0,0
1,/home/asm140830/AndroidTA/benchmarks/DroidBench30/benchmark/apks/Aliasing/FlowSensitivity1.apk,Aliasing,76,FALSE,TRUE,378965,0,0,0,0,0,0
1,/home/asm140830/AndroidTA/benchmarks/DroidBench30/benchmark/apks/Aliasing/Merge1.apk,Aliasing,76,FALSE,TRUE,300447,0,0,0,0,0,0
1,/home/asm140830/AndroidTA/benchmarks/DroidBench30/benchmark/apks/Aliasing/SimpleAliasing1.apk,Aliasing,76,TRUE,FALSE,321913,0,0,0,0,0,0
1,/home/asm140830/AndroidTA/benchmarks/DroidBench30/benchmark/apks/Aliasing/StrongUpdate1.apk,Aliasing,76,FALSE,TRUE,331486,0,0,0,0,0,0
1,/home/asm140830/AndroidTA/benchmarks/DroidBench30/benchmark/apks/UnreachableCode/SimpleUnreachable1.apk,UnreachableCode,76,FALSE,TRUE,201581,0,0,0,0,0,0
1,/home/asm140830/AndroidTA/benchmarks/DroidBench30/benchmark/apks/UnreachableCode/UnreachableBoth.apk,UnreachableCode,76,TRUE,FALSE,281424,0,0,0,0,0,0
1,/home/asm140830/AndroidTA/benchmarks/DroidBench30/benchmark/apks/UnreachableCode/UnreachableSink1.apk,UnreachableCode,76,TRUE,FALSE,297302,0,0,0,0,0,0
1,/home/asm140830/AndroidTA/benchmarks/DroidBench30/benchmark/apks/UnreachableCode/UnreachableSource1.apk,UnreachableCode,76,TRUE,FALSE,232573,0,0,0,0,0,0
1,/home/asm140830/AndroidTA/benchmarks/DroidBench30/benchmark/apks/Aliasing/FlowSensitivity1.apk,Aliasing,64,FALSE,TRUE,603948,0,0,0,0,0,0
1,/home/asm140830/AndroidTA/benchmarks/DroidBench30/benchmark/apks/Aliasing/Merge1.apk,Aliasing,64,FALSE,TRUE,603521,0,0,0,0,0,0
1,/home/asm140830/AndroidTA/benchmarks/DroidBench30/benchmark/apks/Aliasing/SimpleAliasing1.apk,Aliasing,64,TRUE,FALSE,603530,0,0,0,0,0,0
1,/home/asm140830/AndroidTA/benchmarks/DroidBench30/benchmark/apks/Aliasing/StrongUpdate1.apk,Aliasing,64,FALSE,TRUE,601616,0,0,0,0,0,0
1,/home/asm140830/AndroidTA/benchmarks/DroidBench30/benchmark/apks/UnreachableCode/SimpleUnreachable1.apk,UnreachableCode,64,FALSE,TRUE,223370,0,0,0,0,0,0
1,/home/asm140830/AndroidTA/benchmarks/DroidBench30/benchmark/apks/UnreachableCode/UnreachableBoth.apk,UnreachableCode,64,TRUE,FALSE,601541,0,0,0,0,0,0
1,/home/asm140830/AndroidTA/benchmarks/DroidBench30/benchmark/apks/UnreachableCode/UnreachableSink1.apk,UnreachableCode,64,TRUE,FALSE,601458,0,0,0,0,0,0
1,/home/asm140830/AndroidTA/benchmarks/DroidBench30/benchmark/apks/UnreachableCode/UnreachableSource1.apk,UnreachableCode,64,TRUE,FALSE,602513,0,0,0,0,0,0
1,/home/asm140830/AndroidTA/benchmarks/DroidBench30/benchmark/apks/Aliasing/FlowSensitivity1.apk,Aliasing,66,FALSE,TRUE,602798,0,0,0,0,0,0
1,/home/asm140830/AndroidTA/benchmarks/DroidBench30/benchmark/apks/Aliasing/Merge1.apk,Aliasing,66,FALSE,TRUE,602502,0,0,0,0,0,0
1,/home/asm140830/AndroidTA/benchmarks/DroidBench30/benchmark/apks/Aliasing/SimpleAliasing1.apk,Aliasing,66,TRUE,FALSE,603533,0,0,0,0,0,0
1,/home/asm140830/AndroidTA/benchmarks/DroidBench30/benchmark/apks/Aliasing/StrongUpdate1.apk,Aliasing,66,FALSE,TRUE,601637,0,0,0,0,0,0
1,/home/asm140830/AndroidTA/benchmarks/DroidBench30/benchmark/apks/UnreachableCode/SimpleUnreachable1.apk,UnreachableCode,66,FALSE,TRUE,173889,0,0,0,0,0,0
1,/home/asm140830/AndroidTA/benchmarks/DroidBench30/benchmark/apks/UnreachableCode/UnreachableBoth.apk,UnreachableCode,66,TRUE,FALSE,387552,0,0,0,0,0,0
1,/home/asm140830/AndroidTA/benchmarks/DroidBench30/benchmark/apks/UnreachableCode/UnreachableSink1.apk,UnreachableCode,66,TRUE,FALSE,383132,0,0,0,0,0,0
1,/home/asm140830/AndroidTA/benchmarks/DroidBench30/benchmark/apks/UnreachableCode/UnreachableSource1.apk,UnreachableCode,66,TRUE,FALSE,447012,0,0,0,0,0,0
1,/home/asm140830/AndroidTA/benchmarks/DroidBench30/benchmark/apks/Aliasing/FlowSensitivity1.apk,Aliasing,72,FALSE,TRUE,606124,0,0,0,0,0,0
1,/home/asm140830/AndroidTA/benchmarks/DroidBench30/benchmark/apks/Aliasing/Merge1.apk,Aliasing,72,FALSE,TRUE,602576,0,0,0,0,0,0
1,/home/asm140830/AndroidTA/benchmarks/DroidBench30/benchmark/apks/Aliasing/SimpleAliasing1.apk,Aliasing,72,TRUE,FALSE,601669,0,0,0,0,0,0
1,/home/asm140830/AndroidTA/benchmarks/DroidBench30/benchmark/apks/Aliasing/StrongUpdate1.apk,Aliasing,72,FALSE,TRUE,602638,0,0,0,0,0,0
1,/home/asm140830/AndroidTA/benchmarks/DroidBench30/benchmark/apks/UnreachableCode/SimpleUnreachable1.apk,UnreachableCode,72,FALSE,TRUE,241607,0,0,0,0,0,0
1,/home/asm140830/AndroidTA/benchmarks/DroidBench30/benchmark/apks/UnreachableCode/UnreachableBoth.apk,UnreachableCode,72,TRUE,FALSE,397312,0,0,0,0,0,0
1,/home/asm140830/AndroidTA/benchmarks/DroidBench30/benchmark/apks/UnreachableCode/UnreachableSink1.apk,UnreachableCode,72,TRUE,FALSE,417120,0,0,0,0,0,0
1,/home/asm140830/AndroidTA/benchmarks/DroidBench30/benchmark/apks/UnreachableCode/UnreachableSource1.apk,UnreachableCode,72,TRUE,FALSE,425370,0,0,0,0,0,0
1,/home/asm140830/AndroidTA/benchmarks/DroidBench30/benchmark/apks/Aliasing/FlowSensitivity1.apk,Aliasing,73,FALSE,TRUE,606907,0,0,0,0,0,0
1,/home/asm140830/AndroidTA/benchmarks/DroidBench30/benchmark/apks/Aliasing/Merge1.apk,Aliasing,73,FALSE,TRUE,602537,0,0,0,0,0,0
1,/home/asm140830/AndroidTA/benchmarks/DroidBench30/benchmark/apks/Aliasing/SimpleAliasing1.apk,Aliasing,73,TRUE,FALSE,602620,0,0,0,0,0,0
1,/home/asm140830/AndroidTA/benchmarks/DroidBench30/benchmark/apks/Aliasing/StrongUpdate1.apk,Aliasing,73,FALSE,TRUE,602593,0,0,0,0,0,0
1,/home/asm140830/AndroidTA/benchmarks/DroidBench30/benchmark/apks/UnreachableCode/SimpleUnreachable1.apk,UnreachableCode,73,FALSE,TRUE,242931,0,0,0,0,0,0
1,/home/asm140830/AndroidTA/benchmarks/DroidBench30/benchmark/apks/UnreachableCode/UnreachableBoth.apk,UnreachableCode,73,TRUE,FALSE,402640,0,0,0,0,0,0
1,/home/asm140830/AndroidTA/benchmarks/DroidBench30/benchmark/apks/UnreachableCode/UnreachableSink1.apk,UnreachableCode,73,TRUE,FALSE,458277,0,0,0,0,0,0
1,/home/asm140830/AndroidTA/benchmarks/DroidBench30/benchmark/apks/UnreachableCode/UnreachableSource1.apk,UnreachableCode,73,TRUE,FALSE,430941,0,0,0,0,0,0
1,/home/asm140830/AndroidTA/benchmarks/DroidBench30/benchmark/apks/Aliasing/FlowSensitivity1.apk,Aliasing,75,FALSE,TRUE,603770,0,0,0,0,0,0
1,/home/asm140830/AndroidTA/benchmarks/DroidBench30/benchmark/apks/Aliasing/Merge1.apk,Aliasing,75,FALSE,TRUE,602669,0,0,0,0,0,0
1,/home/asm140830/AndroidTA/benchmarks/DroidBench30/benchmark/apks/Aliasing/SimpleAliasing1.apk,Aliasing,75,TRUE,FALSE,602543,0,0,0,0,0,0
1,/home/asm140830/AndroidTA/benchmarks/DroidBench30/benchmark/apks/Aliasing/StrongUpdate1.apk,Aliasing,75,FALSE,TRUE,602519,0,0,0,0,0,0
1,/home/asm140830/AndroidTA/benchmarks/DroidBench30/benchmark/apks/UnreachableCode/SimpleUnreachable1.apk,UnreachableCode,75,FALSE,TRUE,229244,0,0,0,0,0,0
1,/home/asm140830/AndroidTA/benchmarks/DroidBench30/benchmark/apks/UnreachableCode/UnreachableBoth.apk,UnreachableCode,75,TRUE,FALSE,395433,0,0,0,0,0,0
1,/home/asm140830/AndroidTA/benchmarks/DroidBench30/benchmark/apks/UnreachableCode/UnreachableSink1.apk,UnreachableCode,75,TRUE,FALSE,440293,0,0,0,0,0,0
1,/home/asm140830/AndroidTA/benchmarks/DroidBench30/benchmark/apks/UnreachableCode/UnreachableSource1.apk,UnreachableCode,75,TRUE,FALSE,454594,0,0,0,0,0,0
1,/home/asm140830/AndroidTA/benchmarks/DroidBench30/benchmark/apks/Aliasing/FlowSensitivity1.apk,Aliasing,65,FALSE,TRUE,603027,0,0,0,0,0,0
1,/home/asm140830/AndroidTA/benchmarks/DroidBench30/benchmark/apks/Aliasing/Merge1.apk,Aliasing,65,FALSE,TRUE,602556,0,0,0,0,0,0
1,/home/asm140830/AndroidTA/benchmarks/DroidBench30/benchmark/apks/Aliasing/SimpleAliasing1.apk,Aliasing,65,TRUE,FALSE,602581,0,0,0,0,0,0
1,/home/asm140830/AndroidTA/benchmarks/DroidBench30/benchmark/apks/Aliasing/StrongUpdate1.apk,Aliasing,65,FALSE,TRUE,602647,0,0,0,0,0,0
1,/home/asm140830/AndroidTA/benchmarks/DroidBench30/benchmark/apks/UnreachableCode/SimpleUnreachable1.apk,UnreachableCode,65,FALSE,TRUE,187825,0,0,0,0,0,0
1,/home/asm140830/AndroidTA/benchmarks/DroidBench30/benchmark/apks/UnreachableCode/UnreachableBoth.apk,UnreachableCode,65,TRUE,FALSE,601557,0,0,0,0,0,0
1,/home/asm140830/AndroidTA/benchmarks/DroidBench30/benchmark/apks/UnreachableCode/UnreachableSink1.apk,UnreachableCode,65,TRUE,FALSE,603574,0,0,0,0,0,0
1,/home/asm140830/AndroidTA/benchmarks/DroidBench30/benchmark/apks/UnreachableCode/UnreachableSource1.apk,UnreachableCode,65,TRUE,FALSE,601548,0,0,0,0,0,0
1,/home/asm140830/AndroidTA/benchmarks/DroidBench30/benchmark/apks/Aliasing/FlowSensitivity1.apk,Aliasing,kobjsens3,FALSE,TRUE,603808,0,0,0,0,0,0
1,/home/asm140830/AndroidTA/benchmarks/DroidBench30/benchmark/apks/Aliasing/Merge1.apk,Aliasing,kobjsens3,FALSE,TRUE,602578,0,0,0,0,0,0
1,/home/asm140830/AndroidTA/benchmarks/DroidBench30/benchmark/apks/Aliasing/SimpleAliasing1.apk,Aliasing,kobjsens3,TRUE,FALSE,602607,0,0,0,0,0,0
1,/home/asm140830/AndroidTA/benchmarks/DroidBench30/benchmark/apks/Aliasing/StrongUpdate1.apk,Aliasing,kobjsens3,FALSE,TRUE,602600,0,0,0,0,0,0
1,/home/asm140830/AndroidTA/benchmarks/DroidBench30/benchmark/apks/UnreachableCode/SimpleUnreachable1.apk,UnreachableCode,kobjsens3,FALSE,TRUE,236778,0,0,0,0,0,0
1,/home/asm140830/AndroidTA/benchmarks/DroidBench30/benchmark/apks/UnreachableCode/UnreachableBoth.apk,UnreachableCode,kobjsens3,TRUE,FALSE,391089,0,0,0,0,0,0
1,/home/asm140830/AndroidTA/benchmarks/DroidBench30/benchmark/apks/UnreachableCode/UnreachableSink1.apk,UnreachableCode,kobjsens3,TRUE,FALSE,430940,0,0,0,0,0,0
1,/home/asm140830/AndroidTA/benchmarks/DroidBench30/benchmark/apks/UnreachableCode/UnreachableSource1.apk,UnreachableCode,kobjsens3,TRUE,FALSE,435694,0,0,0,0,0,0
1,/home/asm140830/AndroidTA/benchmarks/DroidBench30/benchmark/apks/Aliasing/FlowSensitivity1.apk,Aliasing,68,FALSE,TRUE,602736,0,0,0,0,0,0
1,/home/asm140830/AndroidTA/benchmarks/DroidBench30/benchmark/apks/Aliasing/Merge1.apk,Aliasing,68,FALSE,TRUE,602601,0,0,0,0,0,0
1,/home/asm140830/AndroidTA/benchmarks/DroidBench30/benchmark/apks/Aliasing/SimpleAliasing1.apk,Aliasing,68,TRUE,FALSE,602600,0,0,0,0,0,0
1,/home/asm140830/AndroidTA/benchmarks/DroidBench30/benchmark/apks/Aliasing/StrongUpdate1.apk,Aliasing,68,FALSE,TRUE,602616,0,0,0,0,0,0
1,/home/asm140830/AndroidTA/benchmarks/DroidBench30/benchmark/apks/UnreachableCode/SimpleUnreachable1.apk,UnreachableCode,68,FALSE,TRUE,189698,0,0,0,0,0,0
1,/home/asm140830/AndroidTA/benchmarks/DroidBench30/benchmark/apks/UnreachableCode/UnreachableBoth.apk,UnreachableCode,68,TRUE,FALSE,602558,0,0,0,0,0,0
1,/home/asm140830/AndroidTA/benchmarks/DroidBench30/benchmark/apks/UnreachableCode/UnreachableSink1.apk,UnreachableCode,68,TRUE,FALSE,601714,0,0,0,0,0,0
1,/home/asm140830/AndroidTA/benchmarks/DroidBench30/benchmark/apks/UnreachableCode/UnreachableSource1.apk,UnreachableCode,68,TRUE,FALSE,602613,0,0,0,0,0,0
1,/home/asm140830/AndroidTA/benchmarks/DroidBench30/benchmark/apks/Aliasing/FlowSensitivity1.apk,Aliasing,69,FALSE,TRUE,602680,0,0,0,0,0,0
1,/home/asm140830/AndroidTA/benchmarks/DroidBench30/benchmark/apks/Aliasing/Merge1.apk,Aliasing,69,FALSE,TRUE,602530,0,0,0,0,0,0
1,/home/asm140830/AndroidTA/benchmarks/DroidBench30/benchmark/apks/Aliasing/SimpleAliasing1.apk,Aliasing,69,TRUE,FALSE,602532,0,0,0,0,0,0
1,/home/asm140830/AndroidTA/benchmarks/DroidBench30/benchmark/apks/Aliasing/StrongUpdate1.apk,Aliasing,69,FALSE,TRUE,602494,0,0,0,0,0,0
1,/home/asm140830/AndroidTA/benchmarks/DroidBench30/benchmark/apks/UnreachableCode/SimpleUnreachable1.apk,UnreachableCode,69,FALSE,TRUE,208632,0,0,0,0,0,0
1,/home/asm140830/AndroidTA/benchmarks/DroidBench30/benchmark/apks/UnreachableCode/UnreachableBoth.apk,UnreachableCode,69,TRUE,FALSE,601697,0,0,0,0,0,0
1,/home/asm140830/AndroidTA/benchmarks/DroidBench30/benchmark/apks/UnreachableCode/UnreachableSink1.apk,UnreachableCode,69,TRUE,FALSE,602462,0,0,0,0,0,0
1,/home/asm140830/AndroidTA/benchmarks/DroidBench30/benchmark/apks/UnreachableCode/UnreachableSource1.apk,UnreachableCode,69,TRUE,FALSE,602542,0,0,0,0,0,0
1,/home/asm140830/AndroidTA/benchmarks/DroidBench30/benchmark/apks/Aliasing/FlowSensitivity1.apk,Aliasing,71,FALSE,TRUE,612945,0,0,0,0,0,0
1,/home/asm140830/AndroidTA/benchmarks/DroidBench30/benchmark/apks/Aliasing/Merge1.apk,Aliasing,71,FALSE,TRUE,602546,0,0,0,0,0,0
1,/home/asm140830/AndroidTA/benchmarks/DroidBench30/benchmark/apks/Aliasing/SimpleAliasing1.apk,Aliasing,71,TRUE,FALSE,602655,0,0,0,0,0,0
1,/home/asm140830/AndroidTA/benchmarks/DroidBench30/benchmark/apks/Aliasing/StrongUpdate1.apk,Aliasing,71,FALSE,TRUE,602524,0,0,0,0,0,0
1,/home/asm140830/AndroidTA/benchmarks/DroidBench30/benchmark/apks/UnreachableCode/SimpleUnreachable1.apk,UnreachableCode,71,FALSE,TRUE,223935,0,0,0,0,0,0
1,/home/asm140830/AndroidTA/benchmarks/DroidBench30/benchmark/apks/UnreachableCode/UnreachableBoth.apk,UnreachableCode,71,TRUE,FALSE,601565,0,0,0,0,0,0
1,/home/asm140830/AndroidTA/benchmarks/DroidBench30/benchmark/apks/UnreachableCode/UnreachableSink1.apk,UnreachableCode,71,TRUE,FALSE,602598,0,0,0,0,0,0
1,/home/asm140830/AndroidTA/benchmarks/DroidBench30/benchmark/apks/UnreachableCode/UnreachableSource1.apk,UnreachableCode,71,TRUE,FALSE,601546,0,0,0,0,0,0
1,/home/asm140830/AndroidTA/benchmarks/DroidBench30/benchmark/apks/Aliasing/FlowSensitivity1.apk,Aliasing,35,FALSE,TRUE,208787,0,0,0,0,0,0
1,/home/asm140830/AndroidTA/benchmarks/DroidBench30/benchmark/apks/Aliasing/Merge1.apk,Aliasing,35,FALSE,TRUE,360681,0,0,0,0,0,0
1,/home/asm140830/AndroidTA/benchmarks/DroidBench30/benchmark/apks/Aliasing/SimpleAliasing1.apk,Aliasing,35,TRUE,FALSE,199746,0,0,0,0,0,0
1,/home/asm140830/AndroidTA/benchmarks/DroidBench30/benchmark/apks/Aliasing/StrongUpdate1.apk,Aliasing,35,FALSE,TRUE,353143,0,0,0,0,0,0
1,/home/asm140830/AndroidTA/benchmarks/DroidBench30/benchmark/apks/UnreachableCode/SimpleUnreachable1.apk,UnreachableCode,35,FALSE,TRUE,153778,0,0,0,0,0,0
1,/home/asm140830/AndroidTA/benchmarks/DroidBench30/benchmark/apks/UnreachableCode/UnreachableBoth.apk,UnreachableCode,35,TRUE,FALSE,181703,0,0,0,0,0,0
1,/home/asm140830/AndroidTA/benchmarks/DroidBench30/benchmark/apks/UnreachableCode/UnreachableSink1.apk,UnreachableCode,35,TRUE,FALSE,265035,0,0,0,0,0,0
1,/home/asm140830/AndroidTA/benchmarks/DroidBench30/benchmark/apks/UnreachableCode/UnreachableSource1.apk,UnreachableCode,35,TRUE,FALSE,179218,0,0,0,0,0,0
1,/home/asm140830/AndroidTA/benchmarks/DroidBench30/benchmark/apks/Aliasing/FlowSensitivity1.apk,Aliasing,42,FALSE,TRUE,223938,0,0,0,0,0,0
1,/home/asm140830/AndroidTA/benchmarks/DroidBench30/benchmark/apks/Aliasing/Merge1.apk,Aliasing,42,FALSE,TRUE,363279,0,0,0,0,0,0
1,/home/asm140830/AndroidTA/benchmarks/DroidBench30/benchmark/apks/Aliasing/SimpleAliasing1.apk,Aliasing,42,TRUE,FALSE,184790,0,0,0,0,0,0
1,/home/asm140830/AndroidTA/benchmarks/DroidBench30/benchmark/apks/Aliasing/StrongUpdate1.apk,Aliasing,42,FALSE,TRUE,349738,0,0,0,0,0,0
1,/home/asm140830/AndroidTA/benchmarks/DroidBench30/benchmark/apks/UnreachableCode/SimpleUnreachable1.apk,UnreachableCode,42,FALSE,TRUE,154470,0,0,0,0,0,0
1,/home/asm140830/AndroidTA/benchmarks/DroidBench30/benchmark/apks/UnreachableCode/UnreachableBoth.apk,UnreachableCode,42,TRUE,FALSE,185275,0,0,0,0,0,0
1,/home/asm140830/AndroidTA/benchmarks/DroidBench30/benchmark/apks/UnreachableCode/UnreachableSink1.apk,UnreachableCode,42,TRUE,FALSE,273116,0,0,0,0,0,0
1,/home/asm140830/AndroidTA/benchmarks/DroidBench30/benchmark/apks/UnreachableCode/UnreachableSource1.apk,UnreachableCode,42,TRUE,FALSE,167504,0,0,0,0,0,0
1,/home/asm140830/AndroidTA/benchmarks/DroidBench30/benchmark/apks/Aliasing/FlowSensitivity1.apk,Aliasing,33,FALSE,TRUE,226699,0,0,0,0,0,0
1,/home/asm140830/AndroidTA/benchmarks/DroidBench30/benchmark/apks/Aliasing/Merge1.apk,Aliasing,33,FALSE,TRUE,347210,0,0,0,0,0,0
1,/home/asm140830/AndroidTA/benchmarks/DroidBench30/benchmark/apks/Aliasing/SimpleAliasing1.apk,Aliasing,33,TRUE,FALSE,203560,0,0,0,0,0,0
1,/home/asm140830/AndroidTA/benchmarks/DroidBench30/benchmark/apks/Aliasing/StrongUpdate1.apk,Aliasing,33,FALSE,TRUE,344700,0,0,0,0,0,0
1,/home/asm140830/AndroidTA/benchmarks/DroidBench30/benchmark/apks/UnreachableCode/SimpleUnreachable1.apk,UnreachableCode,33,FALSE,TRUE,153806,0,0,0,0,0,0
1,/home/asm140830/AndroidTA/benchmarks/DroidBench30/benchmark/apks/UnreachableCode/UnreachableBoth.apk,UnreachableCode,33,TRUE,FALSE,177657,0,0,0,0,0,0
1,/home/asm140830/AndroidTA/benchmarks/DroidBench30/benchmark/apks/UnreachableCode/UnreachableSink1.apk,UnreachableCode,33,TRUE,FALSE,271784,0,0,0,0,0,0
1,/home/asm140830/AndroidTA/benchmarks/DroidBench30/benchmark/apks/UnreachableCode/UnreachableSource1.apk,UnreachableCode,33,TRUE,FALSE,176842,0,0,0,0,0,0
1,/home/asm140830/AndroidTA/benchmarks/DroidBench30/benchmark/apks/Aliasing/FlowSensitivity1.apk,Aliasing,45,FALSE,TRUE,208831,0,0,0,0,0,0
1,/home/asm140830/AndroidTA/benchmarks/DroidBench30/benchmark/apks/Aliasing/Merge1.apk,Aliasing,45,FALSE,TRUE,329807,0,0,0,0,0,0
1,/home/asm140830/AndroidTA/benchmarks/DroidBench30/benchmark/apks/Aliasing/SimpleAliasing1.apk,Aliasing,45,TRUE,FALSE,173384,0,0,0,0,0,0
1,/home/asm140830/AndroidTA/benchmarks/DroidBench30/benchmark/apks/Aliasing/StrongUpdate1.apk,Aliasing,45,FALSE,TRUE,315540,0,0,0,0,0,0
1,/home/asm140830/AndroidTA/benchmarks/DroidBench30/benchmark/apks/UnreachableCode/SimpleUnreachable1.apk,UnreachableCode,45,FALSE,TRUE,248582,0,0,0,0,0,0
1,/home/asm140830/AndroidTA/benchmarks/DroidBench30/benchmark/apks/UnreachableCode/UnreachableBoth.apk,UnreachableCode,45,TRUE,FALSE,177516,0,0,0,0,0,0
1,/home/asm140830/AndroidTA/benchmarks/DroidBench30/benchmark/apks/UnreachableCode/UnreachableSink1.apk,UnreachableCode,45,TRUE,FALSE,275430,0,0,0,0,0,0
1,/home/asm140830/AndroidTA/benchmarks/DroidBench30/benchmark/apks/UnreachableCode/UnreachableSource1.apk,UnreachableCode,45,TRUE,FALSE,181752,0,0,0,0,0,0
1,/home/asm140830/AndroidTA/benchmarks/DroidBench30/benchmark/apks/Aliasing/FlowSensitivity1.apk,Aliasing,49,FALSE,TRUE,224672,0,0,0,0,0,0
1,/home/asm140830/AndroidTA/benchmarks/DroidBench30/benchmark/apks/Aliasing/Merge1.apk,Aliasing,49,FALSE,TRUE,351348,0,0,0,0,0,0
1,/home/asm140830/AndroidTA/benchmarks/DroidBench30/benchmark/apks/Aliasing/SimpleAliasing1.apk,Aliasing,49,TRUE,FALSE,204862,0,0,0,0,0,0
1,/home/asm140830/AndroidTA/benchmarks/DroidBench30/benchmark/apks/Aliasing/StrongUpdate1.apk,Aliasing,49,FALSE,TRUE,346404,0,0,0,0,0,0
1,/home/asm140830/AndroidTA/benchmarks/DroidBench30/benchmark/apks/UnreachableCode/SimpleUnreachable1.apk,UnreachableCode,49,FALSE,TRUE,148842,0,0,0,0,0,0
1,/home/asm140830/AndroidTA/benchmarks/DroidBench30/benchmark/apks/UnreachableCode/UnreachableBoth.apk,UnreachableCode,49,TRUE,FALSE,182907,0,0,0,0,0,0
1,/home/asm140830/AndroidTA/benchmarks/DroidBench30/benchmark/apks/UnreachableCode/UnreachableSink1.apk,UnreachableCode,49,TRUE,FALSE,264469,0,0,0,0,0,0
1,/home/asm140830/AndroidTA/benchmarks/DroidBench30/benchmark/apks/UnreachableCode/UnreachableSource1.apk,UnreachableCode,49,TRUE,FALSE,190153,0,0,0,0,0,0
1,/home/asm140830/AndroidTA/benchmarks/DroidBench30/benchmark/apks/Aliasing/FlowSensitivity1.apk,Aliasing,38,FALSE,TRUE,8181,0,0,0,0,0,0
1,/home/asm140830/AndroidTA/benchmarks/DroidBench30/benchmark/apks/Aliasing/Merge1.apk,Aliasing,38,FALSE,TRUE,58678,0,0,0,0,0,0
1,/home/asm140830/AndroidTA/benchmarks/DroidBench30/benchmark/apks/Aliasing/SimpleAliasing1.apk,Aliasing,38,TRUE,FALSE,201493,0,0,0,0,0,0
1,/home/asm140830/AndroidTA/benchmarks/DroidBench30/benchmark/apks/Aliasing/StrongUpdate1.apk,Aliasing,38,FALSE,TRUE,602574,0,0,0,0,0,0
1,/home/asm140830/AndroidTA/benchmarks/DroidBench30/benchmark/apks/UnreachableCode/SimpleUnreachable1.apk,UnreachableCode,38,FALSE,TRUE,293548,0,0,0,0,0,0
1,/home/asm140830/AndroidTA/benchmarks/DroidBench30/benchmark/apks/UnreachableCode/UnreachableBoth.apk,UnreachableCode,38,TRUE,FALSE,601520,0,0,0,0,0,0
1,/home/asm140830/AndroidTA/benchmarks/DroidBench30/benchmark/apks/UnreachableCode/UnreachableSink1.apk,UnreachableCode,38,TRUE,FALSE,166353,0,0,0,0,0,0
1,/home/asm140830/AndroidTA/benchmarks/DroidBench30/benchmark/apks/UnreachableCode/UnreachableSource1.apk,UnreachableCode,38,TRUE,FALSE,182547,0,0,0,0,0,0
1,/home/asm140830/AndroidTA/benchmarks/DroidBench30/benchmark/apks/Aliasing/FlowSensitivity1.apk,Aliasing,32,FALSE,TRUE,431202,0,0,0,0,0,0
1,/home/asm140830/AndroidTA/benchmarks/DroidBench30/benchmark/apks/Aliasing/Merge1.apk,Aliasing,32,FALSE,TRUE,305135,0,0,0,0,0,0
1,/home/asm140830/AndroidTA/benchmarks/DroidBench30/benchmark/apks/Aliasing/SimpleAliasing1.apk,Aliasing,32,TRUE,FALSE,390243,0,0,0,0,0,0
1,/home/asm140830/AndroidTA/benchmarks/DroidBench30/benchmark/apks/Aliasing/StrongUpdate1.apk,Aliasing,32,FALSE,TRUE,230562,0,0,0,0,0,0
1,/home/asm140830/AndroidTA/benchmarks/DroidBench30/benchmark/apks/UnreachableCode/SimpleUnreachable1.apk,UnreachableCode,32,FALSE,TRUE,279201,0,0,0,0,0,0
1,/home/asm140830/AndroidTA/benchmarks/DroidBench30/benchmark/apks/UnreachableCode/UnreachableBoth.apk,UnreachableCode,32,TRUE,FALSE,266514,0,0,0,0,0,0
1,/home/asm140830/AndroidTA/benchmarks/DroidBench30/benchmark/apks/UnreachableCode/UnreachableSink1.apk,UnreachableCode,32,TRUE,FALSE,296661,0,0,0,0,0,0
1,/home/asm140830/AndroidTA/benchmarks/DroidBench30/benchmark/apks/UnreachableCode/UnreachableSource1.apk,UnreachableCode,32,TRUE,FALSE,265064,0,0,0,0,0,0
1,/home/asm140830/AndroidTA/benchmarks/DroidBench30/benchmark/apks/Aliasing/FlowSensitivity1.apk,Aliasing,34,FALSE,TRUE,434893,0,0,0,0,0,0
1,/home/asm140830/AndroidTA/benchmarks/DroidBench30/benchmark/apks/Aliasing/Merge1.apk,Aliasing,34,FALSE,TRUE,307451,0,0,0,0,0,0
1,/home/asm140830/AndroidTA/benchmarks/DroidBench30/benchmark/apks/Aliasing/SimpleAliasing1.apk,Aliasing,34,TRUE,FALSE,384972,0,0,0,0,0,0
1,/home/asm140830/AndroidTA/benchmarks/DroidBench30/benchmark/apks/Aliasing/StrongUpdate1.apk,Aliasing,34,FALSE,TRUE,228523,0,0,0,0,0,0
1,/home/asm140830/AndroidTA/benchmarks/DroidBench30/benchmark/apks/UnreachableCode/SimpleUnreachable1.apk,UnreachableCode,34,FALSE,TRUE,274805,0,0,0,0,0,0
1,/home/asm140830/AndroidTA/benchmarks/DroidBench30/benchmark/apks/UnreachableCode/UnreachableBoth.apk,UnreachableCode,34,TRUE,FALSE,279097,0,0,0,0,0,0
1,/home/asm140830/AndroidTA/benchmarks/DroidBench30/benchmark/apks/UnreachableCode/UnreachableSink1.apk,UnreachableCode,34,TRUE,FALSE,309032,0,0,0,0,0,0
1,/home/asm140830/AndroidTA/benchmarks/DroidBench30/benchmark/apks/UnreachableCode/UnreachableSource1.apk,UnreachableCode,34,TRUE,FALSE,245747,0,0,0,0,0,0
1,/home/asm140830/AndroidTA/benchmarks/DroidBench30/benchmark/apks/Aliasing/FlowSensitivity1.apk,Aliasing,44,FALSE,TRUE,8128,0,0,0,0,0,0
1,/home/asm140830/AndroidTA/benchmarks/DroidBench30/benchmark/apks/Aliasing/Merge1.apk,Aliasing,44,FALSE,TRUE,612625,0,0,0,0,0,0
1,/home/asm140830/AndroidTA/benchmarks/DroidBench30/benchmark/apks/Aliasing/SimpleAliasing1.apk,Aliasing,44,TRUE,FALSE,655637,0,0,0,0,0,0
1,/home/asm140830/AndroidTA/benchmarks/DroidBench30/benchmark/apks/Aliasing/StrongUpdate1.apk,Aliasing,44,FALSE,TRUE,602541,0,0,0,0,0,0
1,/home/asm140830/AndroidTA/benchmarks/DroidBench30/benchmark/apks/UnreachableCode/SimpleUnreachable1.apk,UnreachableCode,44,FALSE,TRUE,196680,0,0,0,0,0,0
1,/home/asm140830/AndroidTA/benchmarks/DroidBench30/benchmark/apks/UnreachableCode/UnreachableBoth.apk,UnreachableCode,44,TRUE,FALSE,332303,0,0,0,0,0,0
1,/home/asm140830/AndroidTA/benchmarks/DroidBench30/benchmark/apks/UnreachableCode/UnreachableSink1.apk,UnreachableCode,44,TRUE,FALSE,224393,0,0,0,0,0,0
1,/home/asm140830/AndroidTA/benchmarks/DroidBench30/benchmark/apks/UnreachableCode/UnreachableSource1.apk,UnreachableCode,44,TRUE,FALSE,303489,0,0,0,0,0,0
1,/home/asm140830/AndroidTA/benchmarks/DroidBench30/benchmark/apks/Aliasing/FlowSensitivity1.apk,Aliasing,74,FALSE,TRUE,605751,0,0,0,0,0,0
1,/home/asm140830/AndroidTA/benchmarks/DroidBench30/benchmark/apks/Aliasing/Merge1.apk,Aliasing,74,FALSE,TRUE,602497,0,0,0,0,0,0
1,/home/asm140830/AndroidTA/benchmarks/DroidBench30/benchmark/apks/Aliasing/SimpleAliasing1.apk,Aliasing,74,TRUE,FALSE,603700,0,0,0,0,0,0
1,/home/asm140830/AndroidTA/benchmarks/DroidBench30/benchmark/apks/Aliasing/StrongUpdate1.apk,Aliasing,74,FALSE,TRUE,602560,0,0,0,0,0,0
1,/home/asm140830/AndroidTA/benchmarks/DroidBench30/benchmark/apks/UnreachableCode/SimpleUnreachable1.apk,UnreachableCode,74,FALSE,TRUE,4431,0,0,0,0,0,0
1,/home/asm140830/AndroidTA/benchmarks/DroidBench30/benchmark/apks/UnreachableCode/UnreachableBoth.apk,UnreachableCode,74,TRUE,FALSE,202853,0,0,0,0,0,0
1,/home/asm140830/AndroidTA/benchmarks/DroidBench30/benchmark/apks/UnreachableCode/UnreachableSink1.apk,UnreachableCode,74,TRUE,FALSE,282924,0,0,0,0,0,0
1,/home/asm140830/AndroidTA/benchmarks/DroidBench30/benchmark/apks/UnreachableCode/UnreachableSource1.apk,UnreachableCode,74,TRUE,FALSE,263598,0,0,0,0,0,0
1,/home/asm140830/AndroidTA/benchmarks/DroidBench30/benchmark/apks/Aliasing/FlowSensitivity1.apk,Aliasing,53,FALSE,TRUE,605751,0,0,0,0,0,0
1,/home/asm140830/AndroidTA/benchmarks/DroidBench30/benchmark/apks/Aliasing/Merge1.apk,Aliasing,53,FALSE,TRUE,602503,0,0,0,0,0,0
1,/home/asm140830/AndroidTA/benchmarks/DroidBench30/benchmark/apks/Aliasing/SimpleAliasing1.apk,Aliasing,53,TRUE,FALSE,603670,0,0,0,0,0,0
1,/home/asm140830/AndroidTA/benchmarks/DroidBench30/benchmark/apks/Aliasing/StrongUpdate1.apk,Aliasing,53,FALSE,TRUE,602552,0,0,0,0,0,0
1,/home/asm140830/AndroidTA/benchmarks/DroidBench30/benchmark/apks/UnreachableCode/SimpleUnreachable1.apk,UnreachableCode,53,FALSE,TRUE,160049,0,0,0,0,0,0
1,/home/asm140830/AndroidTA/benchmarks/DroidBench30/benchmark/apks/UnreachableCode/UnreachableBoth.apk,UnreachableCode,53,TRUE,FALSE,271822,0,0,0,0,0,0
1,/home/asm140830/AndroidTA/benchmarks/DroidBench30/benchmark/apks/UnreachableCode/UnreachableSink1.apk,UnreachableCode,53,TRUE,FALSE,278403,0,0,0,0,0,0
1,/home/asm140830/AndroidTA/benchmarks/DroidBench30/benchmark/apks/UnreachableCode/UnreachableSource1.apk,UnreachableCode,53,TRUE,FALSE,225025,0,0,0,0,0,0
1,/home/asm140830/AndroidTA/benchmarks/DroidBench30/benchmark/apks/Aliasing/FlowSensitivity1.apk,Aliasing,39,FALSE,TRUE,595771,0,0,0,0,0,0
1,/home/asm140830/AndroidTA/benchmarks/DroidBench30/benchmark/apks/Aliasing/Merge1.apk,Aliasing,39,FALSE,TRUE,486636,0,0,0,0,0,0
1,/home/asm140830/AndroidTA/benchmarks/DroidBench30/benchmark/apks/Aliasing/SimpleAliasing1.apk,Aliasing,39,TRUE,FALSE,401775,0,0,0,0,0,0
1,/home/asm140830/AndroidTA/benchmarks/DroidBench30/benchmark/apks/Aliasing/StrongUpdate1.apk,Aliasing,39,FALSE,TRUE,535561,0,0,0,0,0,0
1,/home/asm140830/AndroidTA/benchmarks/DroidBench30/benchmark/apks/UnreachableCode/SimpleUnreachable1.apk,UnreachableCode,39,FALSE,TRUE,276222,0,0,0,0,0,0
1,/home/asm140830/AndroidTA/benchmarks/DroidBench30/benchmark/apks/UnreachableCode/UnreachableBoth.apk,UnreachableCode,39,TRUE,FALSE,340540,0,0,0,0,0,0
1,/home/asm140830/AndroidTA/benchmarks/DroidBench30/benchmark/apks/UnreachableCode/UnreachableSink1.apk,UnreachableCode,39,TRUE,FALSE,414451,0,0,0,0,0,0
1,/home/asm140830/AndroidTA/benchmarks/DroidBench30/benchmark/apks/UnreachableCode/UnreachableSource1.apk,UnreachableCode,39,TRUE,FALSE,439393,0,0,0,0,0,0
1,/home/asm140830/AndroidTA/benchmarks/DroidBench30/benchmark/apks/Aliasing/FlowSensitivity1.apk,Aliasing,24,FALSE,TRUE,604770,0,0,0,0,0,0
1,/home/asm140830/AndroidTA/benchmarks/DroidBench30/benchmark/apks/Aliasing/Merge1.apk,Aliasing,24,FALSE,TRUE,602702,0,0,0,0,0,0
1,/home/asm140830/AndroidTA/benchmarks/DroidBench30/benchmark/apks/Aliasing/SimpleAliasing1.apk,Aliasing,24,TRUE,FALSE,602726,0,0,0,0,0,0
1,/home/asm140830/AndroidTA/benchmarks/DroidBench30/benchmark/apks/Aliasing/StrongUpdate1.apk,Aliasing,24,FALSE,TRUE,602502,0,0,0,0,0,0
1,/home/asm140830/AndroidTA/benchmarks/DroidBench30/benchmark/apks/UnreachableCode/SimpleUnreachable1.apk,UnreachableCode,24,FALSE,TRUE,172164,0,0,0,0,0,0
1,/home/asm140830/AndroidTA/benchmarks/DroidBench30/benchmark/apks/UnreachableCode/UnreachableBoth.apk,UnreachableCode,24,TRUE,FALSE,327380,0,0,0,0,0,0
1,/home/asm140830/AndroidTA/benchmarks/DroidBench30/benchmark/apks/UnreachableCode/UnreachableSink1.apk,UnreachableCode,24,TRUE,FALSE,272489,0,0,0,0,0,0
1,/home/asm140830/AndroidTA/benchmarks/DroidBench30/benchmark/apks/UnreachableCode/UnreachableSource1.apk,UnreachableCode,24,TRUE,FALSE,334715,0,0,0,0,0,0
1,/home/asm140830/AndroidTA/benchmarks/DroidBench30/benchmark/apks/Aliasing/FlowSensitivity1.apk,Aliasing,40,FALSE,TRUE,605721,0,0,0,0,0,0
1,/home/asm140830/AndroidTA/benchmarks/DroidBench30/benchmark/apks/Aliasing/Merge1.apk,Aliasing,40,FALSE,TRUE,612519,0,0,0,0,0,0
1,/home/asm140830/AndroidTA/benchmarks/DroidBench30/benchmark/apks/Aliasing/SimpleAliasing1.apk,Aliasing,40,TRUE,FALSE,650977,0,0,0,0,0,0
1,/home/asm140830/AndroidTA/benchmarks/DroidBench30/benchmark/apks/Aliasing/StrongUpdate1.apk,Aliasing,40,FALSE,TRUE,601772,0,0,0,0,0,0
1,/home/asm140830/AndroidTA/benchmarks/DroidBench30/benchmark/apks/UnreachableCode/SimpleUnreachable1.apk,UnreachableCode,40,FALSE,TRUE,134468,0,0,0,0,0,0
1,/home/asm140830/AndroidTA/benchmarks/DroidBench30/benchmark/apks/UnreachableCode/UnreachableBoth.apk,UnreachableCode,40,TRUE,FALSE,413497,0,0,0,0,0,0
1,/home/asm140830/AndroidTA/benchmarks/DroidBench30/benchmark/apks/UnreachableCode/UnreachableSink1.apk,UnreachableCode,40,TRUE,FALSE,314607,0,0,0,0,0,0
1,/home/asm140830/AndroidTA/benchmarks/DroidBench30/benchmark/apks/UnreachableCode/UnreachableSource1.apk,UnreachableCode,40,TRUE,FALSE,338065,0,0,0,0,0,0
1,/home/asm140830/AndroidTA/benchmarks/DroidBench30/benchmark/apks/Aliasing/FlowSensitivity1.apk,Aliasing,4,FALSE,TRUE,604755,0,0,0,0,0,0
1,/home/asm140830/AndroidTA/benchmarks/DroidBench30/benchmark/apks/Aliasing/Merge1.apk,Aliasing,4,FALSE,TRUE,602674,0,0,0,0,0,0
1,/home/asm140830/AndroidTA/benchmarks/DroidBench30/benchmark/apks/Aliasing/SimpleAliasing1.apk,Aliasing,4,TRUE,FALSE,602623,0,0,0,0,0,0
1,/home/asm140830/AndroidTA/benchmarks/DroidBench30/benchmark/apks/Aliasing/StrongUpdate1.apk,Aliasing,4,FALSE,TRUE,602477,0,0,0,0,0,0
1,/home/asm140830/AndroidTA/benchmarks/DroidBench30/benchmark/apks/UnreachableCode/SimpleUnreachable1.apk,UnreachableCode,4,FALSE,TRUE,162293,0,0,0,0,0,0
1,/home/asm140830/AndroidTA/benchmarks/DroidBench30/benchmark/apks/UnreachableCode/UnreachableBoth.apk,UnreachableCode,4,TRUE,FALSE,526406,0,0,0,0,0,0
1,/home/asm140830/AndroidTA/benchmarks/DroidBench30/benchmark/apks/UnreachableCode/UnreachableSink1.apk,UnreachableCode,4,TRUE,FALSE,543525,0,0,0,0,0,0
1,/home/asm140830/AndroidTA/benchmarks/DroidBench30/benchmark/apks/UnreachableCode/UnreachableSource1.apk,UnreachableCode,4,TRUE,FALSE,446862,0,0,0,0,0,0
1,/home/asm140830/AndroidTA/benchmarks/DroidBench30/benchmark/apks/Aliasing/FlowSensitivity1.apk,Aliasing,48,FALSE,TRUE,605794,0,0,0,0,0,0
1,/home/asm140830/AndroidTA/benchmarks/DroidBench30/benchmark/apks/Aliasing/Merge1.apk,Aliasing,48,FALSE,TRUE,603559,0,0,0,0,0,0
1,/home/asm140830/AndroidTA/benchmarks/DroidBench30/benchmark/apks/Aliasing/SimpleAliasing1.apk,Aliasing,48,TRUE,FALSE,602427,0,0,0,0,0,0
1,/home/asm140830/AndroidTA/benchmarks/DroidBench30/benchmark/apks/Aliasing/StrongUpdate1.apk,Aliasing,48,FALSE,TRUE,602760,0,0,0,0,0,0
1,/home/asm140830/AndroidTA/benchmarks/DroidBench30/benchmark/apks/UnreachableCode/SimpleUnreachable1.apk,UnreachableCode,48,FALSE,TRUE,160536,0,0,0,0,0,0
1,/home/asm140830/AndroidTA/benchmarks/DroidBench30/benchmark/apks/UnreachableCode/UnreachableBoth.apk,UnreachableCode,48,TRUE,FALSE,602421,0,0,0,0,0,0
1,/home/asm140830/AndroidTA/benchmarks/DroidBench30/benchmark/apks/UnreachableCode/UnreachableSink1.apk,UnreachableCode,48,TRUE,FALSE,601551,0,0,0,0,0,0
1,/home/asm140830/AndroidTA/benchmarks/DroidBench30/benchmark/apks/UnreachableCode/UnreachableSource1.apk,UnreachableCode,48,TRUE,FALSE,547490,0,0,0,0,0,0
1,/home/asm140830/AndroidTA/benchmarks/DroidBench30/benchmark/apks/Aliasing/FlowSensitivity1.apk,Aliasing,41,FALSE,TRUE,604780,0,0,0,0,0,0
1,/home/asm140830/AndroidTA/benchmarks/DroidBench30/benchmark/apks/Aliasing/Merge1.apk,Aliasing,41,FALSE,TRUE,602647,0,0,0,0,0,0
1,/home/asm140830/AndroidTA/benchmarks/DroidBench30/benchmark/apks/Aliasing/SimpleAliasing1.apk,Aliasing,41,TRUE,FALSE,602632,0,0,0,0,0,0
1,/home/asm140830/AndroidTA/benchmarks/DroidBench30/benchmark/apks/Aliasing/StrongUpdate1.apk,Aliasing,41,FALSE,TRUE,602457,0,0,0,0,0,0
1,/home/asm140830/AndroidTA/benchmarks/DroidBench30/benchmark/apks/UnreachableCode/SimpleUnreachable1.apk,UnreachableCode,41,FALSE,TRUE,152122,0,0,0,0,0,0
1,/home/asm140830/AndroidTA/benchmarks/DroidBench30/benchmark/apks/UnreachableCode/UnreachableBoth.apk,UnreachableCode,41,TRUE,FALSE,601441,0,0,0,0,0,0
1,/home/asm140830/AndroidTA/benchmarks/DroidBench30/benchmark/apks/UnreachableCode/UnreachableSink1.apk,UnreachableCode,41,TRUE,FALSE,601612,0,0,0,0,0,0
1,/home/asm140830/AndroidTA/benchmarks/DroidBench30/benchmark/apks/UnreachableCode/UnreachableSource1.apk,UnreachableCode,41,TRUE,FALSE,601464,0,0,0,0,0,0
1,/home/asm140830/AndroidTA/benchmarks/DroidBench30/benchmark/apks/Aliasing/FlowSensitivity1.apk,Aliasing,20,FALSE,TRUE,604724,0,0,0,0,0,0
1,/home/asm140830/AndroidTA/benchmarks/DroidBench30/benchmark/apks/Aliasing/Merge1.apk,Aliasing,20,FALSE,TRUE,602715,0,0,0,0,0,0
1,/home/asm140830/AndroidTA/benchmarks/DroidBench30/benchmark/apks/Aliasing/SimpleAliasing1.apk,Aliasing,20,TRUE,FALSE,602665,0,0,0,0,0,0
1,/home/asm140830/AndroidTA/benchmarks/DroidBench30/benchmark/apks/Aliasing/StrongUpdate1.apk,Aliasing,20,FALSE,TRUE,602562,0,0,0,0,0,0
1,/home/asm140830/AndroidTA/benchmarks/DroidBench30/benchmark/apks/UnreachableCode/SimpleUnreachable1.apk,UnreachableCode,20,FALSE,TRUE,155508,0,0,0,0,0,0
1,/home/asm140830/AndroidTA/benchmarks/DroidBench30/benchmark/apks/UnreachableCode/UnreachableBoth.apk,UnreachableCode,20,TRUE,FALSE,601477,0,0,0,0,0,0
1,/home/asm140830/AndroidTA/benchmarks/DroidBench30/benchmark/apks/UnreachableCode/UnreachableSink1.apk,UnreachableCode,20,TRUE,FALSE,601704,0,0,0,0,0,0
1,/home/asm140830/AndroidTA/benchmarks/DroidBench30/benchmark/apks/UnreachableCode/UnreachableSource1.apk,UnreachableCode,20,TRUE,FALSE,601528,0,0,0,0,0,0
1,/home/asm140830/AndroidTA/benchmarks/DroidBench30/benchmark/apks/Aliasing/FlowSensitivity1.apk,Aliasing,36,FALSE,TRUE,604789,0,0,0,0,0,0
1,/home/asm140830/AndroidTA/benchmarks/DroidBench30/benchmark/apks/Aliasing/Merge1.apk,Aliasing,36,FALSE,TRUE,602669,0,0,0,0,0,0
1,/home/asm140830/AndroidTA/benchmarks/DroidBench30/benchmark/apks/Aliasing/SimpleAliasing1.apk,Aliasing,36,TRUE,FALSE,602620,0,0,0,0,0,0
1,/home/asm140830/AndroidTA/benchmarks/DroidBench30/benchmark/apks/Aliasing/StrongUpdate1.apk,Aliasing,36,FALSE,TRUE,602506,0,0,0,0,0,0
1,/home/asm140830/AndroidTA/benchmarks/DroidBench30/benchmark/apks/UnreachableCode/SimpleUnreachable1.apk,UnreachableCode,36,FALSE,TRUE,156040,0,0,0,0,0,0
1,/home/asm140830/AndroidTA/benchmarks/DroidBench30/benchmark/apks/UnreachableCode/UnreachableBoth.apk,UnreachableCode,36,TRUE,FALSE,601612,0,0,0,0,0,0
1,/home/asm140830/AndroidTA/benchmarks/DroidBench30/benchmark/apks/UnreachableCode/UnreachableSink1.apk,UnreachableCode,36,TRUE,FALSE,601469,0,0,0,0,0,0
1,/home/asm140830/AndroidTA/benchmarks/DroidBench30/benchmark/apks/UnreachableCode/UnreachableSource1.apk,UnreachableCode,36,TRUE,FALSE,601396,0,0,0,0,0,0
1,/home/asm140830/AndroidTA/benchmarks/DroidBench30/benchmark/apks/Aliasing/FlowSensitivity1.apk,Aliasing,37,FALSE,TRUE,604760,0,0,0,0,0,0
1,/home/asm140830/AndroidTA/benchmarks/DroidBench30/benchmark/apks/Aliasing/Merge1.apk,Aliasing,37,FALSE,TRUE,602696,0,0,0,0,0,0
1,/home/asm140830/AndroidTA/benchmarks/DroidBench30/benchmark/apks/Aliasing/SimpleAliasing1.apk,Aliasing,37,TRUE,FALSE,602637,0,0,0,0,0,0
1,/home/asm140830/AndroidTA/benchmarks/DroidBench30/benchmark/apks/Aliasing/StrongUpdate1.apk,Aliasing,37,FALSE,TRUE,602515,0,0,0,0,0,0
1,/home/asm140830/AndroidTA/benchmarks/DroidBench30/benchmark/apks/UnreachableCode/SimpleUnreachable1.apk,UnreachableCode,37,FALSE,TRUE,162271,0,0,0,0,0,0
1,/home/asm140830/AndroidTA/benchmarks/DroidBench30/benchmark/apks/UnreachableCode/UnreachableBoth.apk,UnreachableCode,37,TRUE,FALSE,602470,0,0,0,0,0,0
1,/home/asm140830/AndroidTA/benchmarks/DroidBench30/benchmark/apks/UnreachableCode/UnreachableSink1.apk,UnreachableCode,37,TRUE,FALSE,601561,0,0,0,0,0,0
1,/home/asm140830/AndroidTA/benchmarks/DroidBench30/benchmark/apks/UnreachableCode/UnreachableSource1.apk,UnreachableCode,37,TRUE,FALSE,601594,0,0,0,0,0,0
1,/home/asm140830/AndroidTA/benchmarks/DroidBench30/benchmark/apks/Aliasing/FlowSensitivity1.apk,Aliasing,50,FALSE,TRUE,604747,0,0,0,0,0,0
1,/home/asm140830/AndroidTA/benchmarks/DroidBench30/benchmark/apks/Aliasing/Merge1.apk,Aliasing,50,FALSE,TRUE,602777,0,0,0,0,0,0
1,/home/asm140830/AndroidTA/benchmarks/DroidBench30/benchmark/apks/Aliasing/SimpleAliasing1.apk,Aliasing,50,TRUE,FALSE,602608,0,0,0,0,0,0
1,/home/asm140830/AndroidTA/benchmarks/DroidBench30/benchmark/apks/Aliasing/StrongUpdate1.apk,Aliasing,50,FALSE,TRUE,602536,0,0,0,0,0,0
1,/home/asm140830/AndroidTA/benchmarks/DroidBench30/benchmark/apks/UnreachableCode/SimpleUnreachable1.apk,UnreachableCode,50,FALSE,TRUE,162239,0,0,0,0,0,0
1,/home/asm140830/AndroidTA/benchmarks/DroidBench30/benchmark/apks/UnreachableCode/UnreachableBoth.apk,UnreachableCode,50,TRUE,FALSE,602435,0,0,0,0,0,0
1,/home/asm140830/AndroidTA/benchmarks/DroidBench30/benchmark/apks/UnreachableCode/UnreachableSink1.apk,UnreachableCode,50,TRUE,FALSE,601482,0,0,0,0,0,0
1,/home/asm140830/AndroidTA/benchmarks/DroidBench30/benchmark/apks/UnreachableCode/UnreachableSource1.apk,UnreachableCode,50,TRUE,FALSE,601604,0,0,0,0,0,0
1,/home/asm140830/AndroidTA/benchmarks/DroidBench30/benchmark/apks/Aliasing/FlowSensitivity1.apk,Aliasing,43,FALSE,TRUE,605739,0,0,0,0,0,0
1,/home/asm140830/AndroidTA/benchmarks/DroidBench30/benchmark/apks/Aliasing/Merge1.apk,Aliasing,43,FALSE,TRUE,602514,0,0,0,0,0,0
1,/home/asm140830/AndroidTA/benchmarks/DroidBench30/benchmark/apks/Aliasing/SimpleAliasing1.apk,Aliasing,43,TRUE,FALSE,603678,0,0,0,0,0,0
1,/home/asm140830/AndroidTA/benchmarks/DroidBench30/benchmark/apks/Aliasing/StrongUpdate1.apk,Aliasing,43,FALSE,TRUE,602527,0,0,0,0,0,0
1,/home/asm140830/AndroidTA/benchmarks/DroidBench30/benchmark/apks/UnreachableCode/SimpleUnreachable1.apk,UnreachableCode,43,FALSE,TRUE,160562,0,0,0,0,0,0
1,/home/asm140830/AndroidTA/benchmarks/DroidBench30/benchmark/apks/UnreachableCode/UnreachableBoth.apk,UnreachableCode,43,TRUE,FALSE,602457,0,0,0,0,0,0
1,/home/asm140830/AndroidTA/benchmarks/DroidBench30/benchmark/apks/UnreachableCode/UnreachableSink1.apk,UnreachableCode,43,TRUE,FALSE,601451,0,0,0,0,0,0
1,/home/asm140830/AndroidTA/benchmarks/DroidBench30/benchmark/apks/UnreachableCode/UnreachableSource1.apk,UnreachableCode,43,TRUE,FALSE,601561,0,0,0,0,0,0
1,/home/asm140830/AndroidTA/benchmarks/DroidBench30/benchmark/apks/Aliasing/FlowSensitivity1.apk,Aliasing,22,FALSE,TRUE,604733,0,0,0,0,0,0
1,/home/asm140830/AndroidTA/benchmarks/DroidBench30/benchmark/apks/Aliasing/Merge1.apk,Aliasing,22,FALSE,TRUE,602688,0,0,0,0,0,0
1,/home/asm140830/AndroidTA/benchmarks/DroidBench30/benchmark/apks/Aliasing/SimpleAliasing1.apk,Aliasing,22,TRUE,FALSE,602653,0,0,0,0,0,0
1,/home/asm140830/AndroidTA/benchmarks/DroidBench30/benchmark/apks/Aliasing/StrongUpdate1.apk,Aliasing,22,FALSE,TRUE,602491,0,0,0,0,0,0
1,/home/asm140830/AndroidTA/benchmarks/DroidBench30/benchmark/apks/UnreachableCode/SimpleUnreachable1.apk,UnreachableCode,22,FALSE,TRUE,162291,0,0,0,0,0,0
1,/home/asm140830/AndroidTA/benchmarks/DroidBench30/benchmark/apks/UnreachableCode/UnreachableBoth.apk,UnreachableCode,22,TRUE,FALSE,602441,0,0,0,0,0,0
1,/home/asm140830/AndroidTA/benchmarks/DroidBench30/benchmark/apks/UnreachableCode/UnreachableSink1.apk,UnreachableCode,22,TRUE,FALSE,601654,0,0,0,0,0,0
1,/home/asm140830/AndroidTA/benchmarks/DroidBench30/benchmark/apks/UnreachableCode/UnreachableSource1.apk,UnreachableCode,22,TRUE,FALSE,601541,0,0,0,0,0,0
1,/home/asm140830/AndroidTA/benchmarks/DroidBench30/benchmark/apks/Aliasing/FlowSensitivity1.apk,Aliasing,47,FALSE,TRUE,605737,0,0,0,0,0,0
1,/home/asm140830/AndroidTA/benchmarks/DroidBench30/benchmark/apks/Aliasing/Merge1.apk,Aliasing,47,FALSE,TRUE,602494,0,0,0,0,0,0
1,/home/asm140830/AndroidTA/benchmarks/DroidBench30/benchmark/apks/Aliasing/SimpleAliasing1.apk,Aliasing,47,TRUE,FALSE,603669,0,0,0,0,0,0
1,/home/asm140830/AndroidTA/benchmarks/DroidBench30/benchmark/apks/Aliasing/StrongUpdate1.apk,Aliasing,47,FALSE,TRUE,602641,0,0,0,0,0,0
1,/home/asm140830/AndroidTA/benchmarks/DroidBench30/benchmark/apks/UnreachableCode/SimpleUnreachable1.apk,UnreachableCode,47,FALSE,TRUE,159966,0,0,0,0,0,0
1,/home/asm140830/AndroidTA/benchmarks/DroidBench30/benchmark/apks/UnreachableCode/UnreachableBoth.apk,UnreachableCode,47,TRUE,FALSE,603669,0,0,0,0,0,0
1,/home/asm140830/AndroidTA/benchmarks/DroidBench30/benchmark/apks/UnreachableCode/UnreachableSink1.apk,UnreachableCode,47,TRUE,FALSE,603455,0,0,0,0,0,0
1,/home/asm140830/AndroidTA/benchmarks/DroidBench30/benchmark/apks/UnreachableCode/UnreachableSource1.apk,UnreachableCode,47,TRUE,FALSE,601559,0,0,0,0,0,0
1,/home/asm140830/AndroidTA/benchmarks/DroidBench30/benchmark/apks/Aliasing/FlowSensitivity1.apk,Aliasing,46,FALSE,TRUE,605746,0,0,0,0,0,0
1,/home/asm140830/AndroidTA/benchmarks/DroidBench30/benchmark/apks/Aliasing/Merge1.apk,Aliasing,46,FALSE,TRUE,603500,0,0,0,0,0,0
1,/home/asm140830/AndroidTA/benchmarks/DroidBench30/benchmark/apks/Aliasing/SimpleAliasing1.apk,Aliasing,46,TRUE,FALSE,602471,0,0,0,0,0,0
1,/home/asm140830/AndroidTA/benchmarks/DroidBench30/benchmark/apks/Aliasing/StrongUpdate1.apk,Aliasing,46,FALSE,TRUE,601769,0,0,0,0,0,0
1,/home/asm140830/AndroidTA/benchmarks/DroidBench30/benchmark/apks/UnreachableCode/SimpleUnreachable1.apk,UnreachableCode,46,FALSE,TRUE,169238,0,0,0,0,0,0
1,/home/asm140830/AndroidTA/benchmarks/DroidBench30/benchmark/apks/UnreachableCode/UnreachableBoth.apk,UnreachableCode,46,TRUE,FALSE,601801,0,0,0,0,0,0
1,/home/asm140830/AndroidTA/benchmarks/DroidBench30/benchmark/apks/UnreachableCode/UnreachableSink1.apk,UnreachableCode,46,TRUE,FALSE,601474,0,0,0,0,0,0
1,/home/asm140830/AndroidTA/benchmarks/DroidBench30/benchmark/apks/UnreachableCode/UnreachableSource1.apk,UnreachableCode,46,TRUE,FALSE,601528,0,0,0,0,0,0