"","config","f1","f2","f3","f-measure","time1","time2","time3","time","completed1","completed2","completed3","completed","aliasalgo","aplength","callbackanalyzer","codeelimination","cgalgo","dataflowsolver","implicit","maxcallbackspercomponent","maxcallbacksdepth","pathalgo","staticmode","taintwrapper","aliasflowins","analyzeframeworks","nocallbacks","noexceptions","nothischainreduction","onesourceatatime","onecomponentatatime","pathspecificresults","enablereflection","singlejoinpointabstraction"
"1","/home/asm140830/Documents/git/AndroidTAEnvironment/configurations/FlowDroid/2-way/config_FlowDroid_2way_0.xml",0.669201521,0.669201521,0.669201521,0.669201521,3591288,3682916,3645673,3645673,198,198,198,198,"FLOWSENSITIVE",2,"FAST","PROPAGATECONSTS","CHA","FLOWINSENSITIVE","ARRAYONLY",1,0,"CONTEXTINSENSITIVE","CONTEXTFLOWINSENSITIVE","EASY",FALSE,FALSE,FALSE,FALSE,FALSE,FALSE,FALSE,FALSE,FALSE,FALSE
"2","/home/asm140830/Documents/git/AndroidTAEnvironment/configurations/FlowDroid/2-way/config_FlowDroid_2way_1.xml",0.380487805,0.388349515,0.380487805,0.380487805,7148682,6269650,7701773,7148682,196,197,195,196,"PTSBASED",3,"DEFAULT","REMOVECODE","VTA","CONTEXTFLOWSENSITIVE","ALL",50,0,"SOURCESONLY","NONE","DEFAULT",TRUE,TRUE,TRUE,TRUE,TRUE,TRUE,TRUE,TRUE,TRUE,TRUE
"3","/home/asm140830/Documents/git/AndroidTAEnvironment/configurations/FlowDroid/2-way/config_FlowDroid_2way_10.xml",0.477876106,0.477876106,0.477876106,0.477876106,13975942,13830373,13826210,13830373,186,186,187,186,"NONE",4,"DEFAULT","REMOVECODE","GEOM","FLOWINSENSITIVE","ALL",1,1,"SOURCESONLY","CONTEXTFLOWSENSITIVE","DEFAULT",FALSE,FALSE,TRUE,FALSE,TRUE,TRUE,TRUE,FALSE,FALSE,TRUE
"4","/home/asm140830/Documents/git/AndroidTAEnvironment/configurations/FlowDroid/2-way/config_FlowDroid_2way_100.xml",0.427906977,0.427906977,0.427906977,0.427906977,5284315,5610140,4918661,5284315,198,196,198,198,"PTSBASED",3,"DEFAULT","NONE","CHA","CONTEXTFLOWSENSITIVE","NONE",1,600,"SOURCESONLY","CONTEXTFLOWSENSITIVE","DEFAULTFALLBACK",TRUE,FALSE,FALSE,TRUE,FALSE,TRUE,TRUE,FALSE,FALSE,TRUE
"5","/home/asm140830/Documents/git/AndroidTAEnvironment/configurations/FlowDroid/2-way/config_FlowDroid_2way_101.xml",0.567901235,0.567901235,0.567901235,0.567901235,3796799,3736103,3801610,3796799,198,198,198,198,"LAZY",4,"FAST","REMOVECODE","VTA","FLOWINSENSITIVE","ARRAYONLY",50,600,"CONTEXTSENSITIVE","CONTEXTFLOWINSENSITIVE","NONE",FALSE,TRUE,TRUE,FALSE,TRUE,FALSE,FALSE,TRUE,TRUE,FALSE
"6","/home/asm140830/Documents/git/AndroidTAEnvironment/configurations/FlowDroid/2-way/config_FlowDroid_2way_102.xml",0.345177665,0.345177665,0.345177665,0.345177665,5895393,5077053,5399722,5399722,197,198,198,198,"NONE",5,"FAST","PROPAGATECONSTS","RTA","CONTEXTFLOWSENSITIVE","ALL",80,600,"CONTEXTINSENSITIVE","NONE","EASY",FALSE,TRUE,TRUE,TRUE,TRUE,TRUE,FALSE,FALSE,FALSE,TRUE
"7","/home/asm140830/Documents/git/AndroidTAEnvironment/configurations/FlowDroid/2-way/config_FlowDroid_2way_103.xml",0.618473896,0.616,0.616,0.616,3772703,3984705,3844089,3844089,198,198,198,198,"FLOWSENSITIVE",7,"DEFAULT","REMOVECODE","SPARK","CONTEXTFLOWSENSITIVE","NONE",90,600,"CONTEXTINSENSITIVE","CONTEXTFLOWSENSITIVE","DEFAULT",TRUE,FALSE,FALSE,FALSE,FALSE,FALSE,TRUE,TRUE,FALSE,FALSE
"8","/home/asm140830/Documents/git/AndroidTAEnvironment/configurations/FlowDroid/2-way/config_FlowDroid_2way_104.xml",0.46728972,0.46728972,0.474418605,0.46728972,8827887,8901010,8420578,8827887,191,191,192,191,"NONE",10,"FAST","PROPAGATECONSTS","GEOM","CONTEXTFLOWSENSITIVE","ALL",100,600,"SOURCESONLY","CONTEXTFLOWINSENSITIVE","DEFAULT",TRUE,FALSE,TRUE,FALSE,TRUE,TRUE,TRUE,TRUE,TRUE,FALSE
"9","/home/asm140830/Documents/git/AndroidTAEnvironment/configurations/FlowDroid/2-way/config_FlowDroid_2way_105.xml",0.513513514,0.513513514,0.513513514,0.513513514,3973538,3842507,3641737,3842507,198,198,198,198,"LAZY",20,"DEFAULT","PROPAGATECONSTS","AUTO","CONTEXTFLOWSENSITIVE","ARRAYONLY",110,600,"CONTEXTSENSITIVE","NONE","NONE",FALSE,FALSE,FALSE,TRUE,TRUE,FALSE,FALSE,FALSE,TRUE,TRUE
"10","/home/asm140830/Documents/git/AndroidTAEnvironment/configurations/FlowDroid/2-way/config_FlowDroid_2way_106.xml",0.625,0.625,0.625,0.625,4433192,3860059,3624211,3860059,197,198,198,198,"FLOWSENSITIVE",1,"FAST","REMOVECODE","AUTO","FLOWINSENSITIVE","ALL",120,600,"CONTEXTSENSITIVE","CONTEXTFLOWSENSITIVE","DEFAULT",FALSE,FALSE,FALSE,TRUE,FALSE,FALSE,FALSE,FALSE,TRUE,FALSE
"11","/home/asm140830/Documents/git/AndroidTAEnvironment/configurations/FlowDroid/2-way/config_FlowDroid_2way_107.xml",0.55,0.55,0.55,0.55,5796097,5791513,6300148,5796097,196,196,195,196,"FLOWSENSITIVE",2,"DEFAULT","PROPAGATECONSTS","SPARK","FLOWINSENSITIVE","NONE",150,600,"SOURCESONLY","CONTEXTFLOWSENSITIVE","NONE",FALSE,TRUE,TRUE,TRUE,TRUE,TRUE,FALSE,TRUE,TRUE,TRUE
"12","/home/asm140830/Documents/git/AndroidTAEnvironment/configurations/FlowDroid/2-way/config_FlowDroid_2way_108.xml",0.551724138,0.551724138,0.551724138,0.551724138,5559079,5882971,6067153,5882971,198,197,197,197,"PTSBASED",5,"FAST","PROPAGATECONSTS","SPARK","CONTEXTFLOWSENSITIVE","ALL",200,600,"CONTEXTSENSITIVE","CONTEXTFLOWSENSITIVE","DEFAULTFALLBACK",FALSE,TRUE,FALSE,FALSE,TRUE,TRUE,FALSE,FALSE,TRUE,FALSE
"13","/home/asm140830/Documents/git/AndroidTAEnvironment/configurations/FlowDroid/2-way/config_FlowDroid_2way_109.xml",0.525423729,0.525423729,0.525423729,0.525423729,4583403,4455425,4614048,4583403,198,198,198,198,"FLOWSENSITIVE",4,"DEFAULT","PROPAGATECONSTS","RTA","FLOWINSENSITIVE","NONE",600,600,"CONTEXTINSENSITIVE","CONTEXTFLOWINSENSITIVE","NONE",TRUE,TRUE,TRUE,FALSE,FALSE,TRUE,TRUE,FALSE,TRUE,FALSE
"14","/home/asm140830/Documents/git/AndroidTAEnvironment/configurations/FlowDroid/2-way/config_FlowDroid_2way_11.xml",0.472222222,0.472222222,0.472222222,0.472222222,3507477,3640508,4561639,3640508,198,198,197,198,"FLOWSENSITIVE",5,"DEFAULT","NONE","AUTO","CONTEXTFLOWSENSITIVE","NONE",50,1,"CONTEXTINSENSITIVE","CONTEXTFLOWINSENSITIVE","DEFAULTFALLBACK",FALSE,TRUE,FALSE,TRUE,FALSE,FALSE,FALSE,TRUE,TRUE,FALSE
"15","/home/asm140830/Documents/git/AndroidTAEnvironment/configurations/FlowDroid/2-way/config_FlowDroid_2way_110.xml",0.382352941,0.390243902,0.390243902,0.390243902,3930081,3430809,3934305,3930081,198,198,197,198,"LAZY",7,"DEFAULT","PROPAGATECONSTS","CHA","CONTEXTFLOWSENSITIVE","ALL",90,90,"CONTEXTSENSITIVE","CONTEXTFLOWINSENSITIVE","DEFAULT",TRUE,TRUE,FALSE,TRUE,FALSE,FALSE,FALSE,TRUE,FALSE,FALSE
"16","/home/asm140830/Documents/git/AndroidTAEnvironment/configurations/FlowDroid/2-way/config_FlowDroid_2way_111.xml",0.45814978,0.45814978,0.45814978,0.45814978,4646782,4502233,4610496,4610496,198,198,198,198,"PTSBASED",2,"FAST","REMOVECODE","VTA","FLOWINSENSITIVE","ALL",80,1,"CONTEXTINSENSITIVE","NONE","DEFAULTFALLBACK",FALSE,FALSE,TRUE,FALSE,TRUE,TRUE,TRUE,TRUE,FALSE,FALSE
"17","/home/asm140830/Documents/git/AndroidTAEnvironment/configurations/FlowDroid/2-way/config_FlowDroid_2way_112.xml",0.625482625,0.625482625,0.625482625,0.625482625,5409022,5333156,5304194,5333156,196,196,196,196,"PTSBASED",1,"DEFAULT","PROPAGATECONSTS","RTA","FLOWINSENSITIVE","NONE",110,80,"SOURCESONLY","CONTEXTFLOWINSENSITIVE","NONE",FALSE,TRUE,FALSE,FALSE,TRUE,FALSE,TRUE,TRUE,TRUE,TRUE
"18","/home/asm140830/Documents/git/AndroidTAEnvironment/configurations/FlowDroid/2-way/config_FlowDroid_2way_113.xml",0.41314554,0.41314554,0.41314554,0.41314554,4179345,3324086,3912571,3912571,197,198,197,197,"PTSBASED",5,"FAST","PROPAGATECONSTS","SPARK","CONTEXTFLOWSENSITIVE","ARRAYONLY",100,50,"SOURCESONLY","NONE","DEFAULT",TRUE,FALSE,TRUE,TRUE,TRUE,FALSE,FALSE,TRUE,TRUE,FALSE
"19","/home/asm140830/Documents/git/AndroidTAEnvironment/configurations/FlowDroid/2-way/config_FlowDroid_2way_12.xml",0.336633663,0.336633663,0.336633663,0.336633663,5486187,5224229,5310594,5310594,198,198,198,198,"PTSBASED",7,"FAST","PROPAGATECONSTS","CHA","CONTEXTFLOWSENSITIVE","ALL",80,1,"CONTEXTSENSITIVE","NONE","EASY",TRUE,TRUE,TRUE,FALSE,TRUE,TRUE,TRUE,FALSE,FALSE,TRUE
"20","/home/asm140830/Documents/git/AndroidTAEnvironment/configurations/FlowDroid/2-way/config_FlowDroid_2way_13.xml",0.550847458,0.556962025,0.556962025,0.556962025,4118053,3977428,4111894,4111894,198,198,198,198,"LAZY",10,"DEFAULT","PROPAGATECONSTS","VTA","FLOWINSENSITIVE","NONE",90,1,"CONTEXTINSENSITIVE","CONTEXTFLOWINSENSITIVE","DEFAULT",FALSE,FALSE,FALSE,TRUE,FALSE,FALSE,FALSE,TRUE,TRUE,FALSE
"21","/home/asm140830/Documents/git/AndroidTAEnvironment/configurations/FlowDroid/2-way/config_FlowDroid_2way_14.xml",0.486956522,0.486956522,0.486956522,0.486956522,5668514,5418232,5497445,5497445,198,198,198,198,"NONE",20,"FAST","REMOVECODE","RTA","FLOWINSENSITIVE","ARRAYONLY",100,1,"CONTEXTSENSITIVE","NONE","DEFAULTFALLBACK",TRUE,TRUE,TRUE,FALSE,TRUE,TRUE,TRUE,FALSE,FALSE,TRUE
"22","/home/asm140830/Documents/git/AndroidTAEnvironment/configurations/FlowDroid/2-way/config_FlowDroid_2way_15.xml",0.396135266,0.396135266,0.396135266,0.396135266,4689312,4790122,4806872,4790122,196,196,196,196,"FLOWSENSITIVE",1,"DEFAULT","REMOVECODE","SPARK","CONTEXTFLOWSENSITIVE","ALL",110,1,"SOURCESONLY","NONE","NONE",TRUE,FALSE,FALSE,TRUE,FALSE,FALSE,FALSE,TRUE,TRUE,FALSE
"23","/home/asm140830/Documents/git/AndroidTAEnvironment/configurations/FlowDroid/2-way/config_FlowDroid_2way_16.xml",0.477477477,0.477477477,0.477477477,0.477477477,8330378,8080157,8201563,8201563,198,198,198,198,"PTSBASED",2,"FAST","PROPAGATECONSTS","GEOM","FLOWINSENSITIVE","NONE",120,1,"CONTEXTSENSITIVE","CONTEXTFLOWINSENSITIVE","DEFAULTFALLBACK",FALSE,TRUE,FALSE,TRUE,FALSE,TRUE,TRUE,TRUE,TRUE,TRUE
"24","/home/asm140830/Documents/git/AndroidTAEnvironment/configurations/FlowDroid/2-way/config_FlowDroid_2way_17.xml",0.40776699,0.40776699,0.40776699,0.40776699,3395097,3473683,3540519,3473683,198,198,198,198,"LAZY",3,"FAST","REMOVECODE","AUTO","CONTEXTFLOWSENSITIVE","ALL",150,1,"CONTEXTSENSITIVE","NONE","NONE",TRUE,FALSE,TRUE,FALSE,TRUE,FALSE,FALSE,FALSE,FALSE,FALSE
"25","/home/asm140830/Documents/git/AndroidTAEnvironment/configurations/FlowDroid/2-way/config_FlowDroid_2way_18.xml",0.596774194,0.596774194,0.596774194,0.596774194,9156640,9089741,9184352,9156640,195,195,195,195,"NONE",4,"FAST","PROPAGATECONSTS","CHA","FLOWINSENSITIVE","NONE",200,1,"SOURCESONLY","CONTEXTFLOWINSENSITIVE","EASY",FALSE,TRUE,FALSE,TRUE,FALSE,TRUE,FALSE,TRUE,TRUE,FALSE
"26","/home/asm140830/Documents/git/AndroidTAEnvironment/configurations/FlowDroid/2-way/config_FlowDroid_2way_19.xml",0.482142857,0.482142857,0.482142857,0.482142857,7047555,7464890,7249835,7249835,197,196,197,197,"FLOWSENSITIVE",5,"DEFAULT","NONE","VTA","CONTEXTFLOWSENSITIVE","ARRAYONLY",600,1,"SOURCESONLY","CONTEXTFLOWSENSITIVE","DEFAULT",TRUE,FALSE,TRUE,FALSE,TRUE,TRUE,TRUE,FALSE,FALSE,TRUE
"27","/home/asm140830/Documents/git/AndroidTAEnvironment/configurations/FlowDroid/2-way/config_FlowDroid_2way_2.xml",0.681003584,0.688172043,0.685714286,0.685714286,18489527,20250563,20164051,20164051,189,187,189,189,"LAZY",4,"DEFAULT","NONE","RTA","FLOWINSENSITIVE","NONE",80,0,"CONTEXTSENSITIVE","CONTEXTFLOWSENSITIVE","DEFAULTFALLBACK",FALSE,TRUE,FALSE,TRUE,FALSE,TRUE,FALSE,TRUE,FALSE,TRUE
"28","/home/asm140830/Documents/git/AndroidTAEnvironment/configurations/FlowDroid/2-way/config_FlowDroid_2way_20.xml",0.491071429,0.429906542,0.431924883,0.431924883,18600319,21759209,22426994,21759209,182,175,173,175,"LAZY",7,"DEFAULT","NONE","RTA","FLOWINSENSITIVE","ARRAYONLY",1,50,"SOURCESONLY","CONTEXTFLOWINSENSITIVE","DEFAULTFALLBACK",FALSE,TRUE,FALSE,TRUE,FALSE,FALSE,TRUE,TRUE,TRUE,FALSE
"29","/home/asm140830/Documents/git/AndroidTAEnvironment/configurations/FlowDroid/2-way/config_FlowDroid_2way_21.xml",0.415458937,0.415458937,0.415458937,0.415458937,6332203,6035599,6201599,6201599,198,198,198,198,"NONE",10,"FAST","PROPAGATECONSTS","SPARK","CONTEXTFLOWSENSITIVE","ALL",50,50,"CONTEXTSENSITIVE","CONTEXTFLOWSENSITIVE","NONE",TRUE,FALSE,TRUE,FALSE,TRUE,TRUE,FALSE,FALSE,FALSE,TRUE
"30","/home/asm140830/Documents/git/AndroidTAEnvironment/configurations/FlowDroid/2-way/config_FlowDroid_2way_22.xml",0.561403509,0.561403509,0.561403509,0.561403509,5498155,5397280,5326325,5397280,198,198,198,198,"FLOWSENSITIVE",20,"FAST","REMOVECODE","GEOM","CONTEXTFLOWSENSITIVE","ARRAYONLY",80,50,"CONTEXTINSENSITIVE","NONE","EASY",FALSE,FALSE,FALSE,TRUE,FALSE,FALSE,FALSE,TRUE,TRUE,FALSE
"31","/home/asm140830/Documents/git/AndroidTAEnvironment/configurations/FlowDroid/2-way/config_FlowDroid_2way_23.xml",0.454545455,0.454545455,0.454545455,0.454545455,6810282,6628241,7394697,6810282,198,198,197,198,"PTSBASED",1,"FAST","NONE","AUTO","CONTEXTFLOWSENSITIVE","NONE",90,50,"CONTEXTINSENSITIVE","CONTEXTFLOWSENSITIVE","DEFAULT",FALSE,TRUE,TRUE,FALSE,TRUE,TRUE,FALSE,FALSE,FALSE,TRUE
"32","/home/asm140830/Documents/git/AndroidTAEnvironment/configurations/FlowDroid/2-way/config_FlowDroid_2way_24.xml",0.582995951,0.582995951,0.582995951,0.582995951,11181558,11453281,11854539,11453281,190,190,190,190,"LAZY",2,"DEFAULT","PROPAGATECONSTS","VTA","FLOWINSENSITIVE","ARRAYONLY",100,50,"SOURCESONLY","CONTEXTFLOWINSENSITIVE","NONE",FALSE,TRUE,FALSE,FALSE,FALSE,TRUE,TRUE,TRUE,FALSE,FALSE
"33","/home/asm140830/Documents/git/AndroidTAEnvironment/configurations/FlowDroid/2-way/config_FlowDroid_2way_25.xml",0.535564854,0.535564854,0.535564854,0.535564854,5684214,5513808,5495051,5513808,198,198,198,198,"NONE",3,"FAST","NONE","CHA","FLOWINSENSITIVE","NONE",110,50,"CONTEXTSENSITIVE","CONTEXTFLOWINSENSITIVE","DEFAULT",FALSE,TRUE,TRUE,FALSE,TRUE,TRUE,TRUE,TRUE,TRUE,TRUE
"34","/home/asm140830/Documents/git/AndroidTAEnvironment/configurations/FlowDroid/2-way/config_FlowDroid_2way_26.xml",0.554621849,0.554621849,0.548523207,0.554621849,3928590,4471032,3901471,3928590,198,197,198,198,"FLOWSENSITIVE",4,"DEFAULT","NONE","SPARK","CONTEXTFLOWSENSITIVE","ARRAYONLY",120,50,"CONTEXTINSENSITIVE","NONE","DEFAULT",TRUE,FALSE,FALSE,TRUE,TRUE,FALSE,FALSE,TRUE,FALSE,FALSE
"35","/home/asm140830/Documents/git/AndroidTAEnvironment/configurations/FlowDroid/2-way/config_FlowDroid_2way_27.xml",0.48245614,0.48245614,0.475770925,0.48245614,9090701,8334164,9446152,9090701,194,195,193,194,"PTSBASED",5,"DEFAULT","REMOVECODE","GEOM","FLOWINSENSITIVE","ALL",150,50,"SOURCESONLY","CONTEXTFLOWSENSITIVE","DEFAULTFALLBACK",TRUE,FALSE,TRUE,TRUE,TRUE,FALSE,FALSE,TRUE,FALSE,FALSE
"36","/home/asm140830/Documents/git/AndroidTAEnvironment/configurations/FlowDroid/2-way/config_FlowDroid_2way_28.xml",0.611764706,0.611764706,0.611764706,0.611764706,3527210,3603959,3646209,3603959,198,198,198,198,"NONE",7,"DEFAULT","REMOVECODE","AUTO","FLOWINSENSITIVE","ARRAYONLY",200,50,"CONTEXTSENSITIVE","NONE","EASY",FALSE,FALSE,FALSE,FALSE,FALSE,FALSE,TRUE,FALSE,FALSE,FALSE
"37","/home/asm140830/Documents/git/AndroidTAEnvironment/configurations/FlowDroid/2-way/config_FlowDroid_2way_29.xml",0.523206751,0.523206751,0.523206751,0.523206751,3506539,3664098,3679346,3664098,198,198,198,198,"FLOWSENSITIVE",10,"FAST","PROPAGATECONSTS","RTA","FLOWINSENSITIVE","ALL",600,50,"CONTEXTSENSITIVE","NONE","EASY",TRUE,TRUE,FALSE,FALSE,TRUE,FALSE,FALSE,TRUE,TRUE,TRUE
"38","/home/asm140830/Documents/git/AndroidTAEnvironment/configurations/FlowDroid/2-way/config_FlowDroid_2way_3.xml",0.46728972,0.46728972,0.46728972,0.46728972,3394930,3495825,3492536,3492536,198,198,198,198,"NONE",5,"FAST","PROPAGATECONSTS","SPARK","CONTEXTFLOWSENSITIVE","ALL",90,0,"CONTEXTSENSITIVE","CONTEXTFLOWINSENSITIVE","NONE",TRUE,FALSE,TRUE,FALSE,TRUE,FALSE,TRUE,FALSE,TRUE,FALSE
"39","/home/asm140830/Documents/git/AndroidTAEnvironment/configurations/FlowDroid/2-way/config_FlowDroid_2way_30.xml",0.454545455,0.461538462,0.461538462,0.461538462,6862597,6421735,6718118,6718118,198,198,198,198,"PTSBASED",20,"FAST","NONE","SPARK","CONTEXTFLOWSENSITIVE","NONE",1,80,"CONTEXTSENSITIVE","CONTEXTFLOWSENSITIVE","DEFAULTFALLBACK",TRUE,FALSE,FALSE,TRUE,FALSE,TRUE,TRUE,FALSE,FALSE,TRUE
"40","/home/asm140830/Documents/git/AndroidTAEnvironment/configurations/FlowDroid/2-way/config_FlowDroid_2way_31.xml",0.358208955,0.358208955,0.358208955,0.358208955,4484946,4427093,4725310,4484946,198,198,198,198,"LAZY",1,"DEFAULT","PROPAGATECONSTS","GEOM","FLOWINSENSITIVE","ARRAYONLY",50,80,"CONTEXTINSENSITIVE","CONTEXTFLOWINSENSITIVE","NONE",FALSE,TRUE,TRUE,FALSE,TRUE,FALSE,FALSE,TRUE,TRUE,FALSE
"41","/home/asm140830/Documents/git/AndroidTAEnvironment/configurations/FlowDroid/2-way/config_FlowDroid_2way_32.xml",0.504273504,0.504273504,0.504273504,0.504273504,14045163,14960367,14861847,14861847,185,184,185,185,"NONE",2,"DEFAULT","REMOVECODE","AUTO","FLOWINSENSITIVE","ALL",80,80,"SOURCESONLY","NONE","DEFAULT",FALSE,FALSE,FALSE,TRUE,TRUE,TRUE,TRUE,TRUE,TRUE,FALSE
"42","/home/asm140830/Documents/git/AndroidTAEnvironment/configurations/FlowDroid/2-way/config_FlowDroid_2way_33.xml",0.467889908,0.467889908,0.467889908,0.467889908,3776523,3788240,3876625,3788240,198,198,198,198,"FLOWSENSITIVE",3,"FAST","PROPAGATECONSTS","RTA","CONTEXTFLOWSENSITIVE","ARRAYONLY",90,80,"SOURCESONLY","NONE","DEFAULTFALLBACK",TRUE,FALSE,TRUE,FALSE,FALSE,FALSE,FALSE,FALSE,FALSE,FALSE
"43","/home/asm140830/Documents/git/AndroidTAEnvironment/configurations/FlowDroid/2-way/config_FlowDroid_2way_34.xml",0.424528302,0.424528302,0.424528302,0.424528302,6918871,6595743,6853013,6853013,198,198,198,198,"PTSBASED",4,"DEFAULT","NONE","CHA","CONTEXTFLOWSENSITIVE","ALL",100,80,"CONTEXTSENSITIVE","CONTEXTFLOWSENSITIVE","EASY",TRUE,TRUE,FALSE,TRUE,TRUE,TRUE,FALSE,TRUE,FALSE,FALSE
"44","/home/asm140830/Documents/git/AndroidTAEnvironment/configurations/FlowDroid/2-way/config_FlowDroid_2way_35.xml",0.504504505,0.504504505,0.504504505,0.504504505,7720583,7260770,7438391,7438391,198,198,198,198,"LAZY",5,"FAST","NONE","VTA","CONTEXTFLOWSENSITIVE","NONE",110,80,"CONTEXTINSENSITIVE","NONE","EASY",TRUE,FALSE,TRUE,FALSE,FALSE,TRUE,FALSE,TRUE,FALSE,FALSE
"45","/home/asm140830/Documents/git/AndroidTAEnvironment/configurations/FlowDroid/2-way/config_FlowDroid_2way_36.xml",0.582995951,0.582995951,0.582995951,0.582995951,7135985,6806633,7074017,7074017,198,198,198,198,"NONE",7,"FAST","REMOVECODE","VTA","FLOWINSENSITIVE","ALL",120,80,"CONTEXTINSENSITIVE","CONTEXTFLOWSENSITIVE","NONE",FALSE,TRUE,FALSE,TRUE,TRUE,TRUE,FALSE,TRUE,FALSE,FALSE
"46","/home/asm140830/Documents/git/AndroidTAEnvironment/configurations/FlowDroid/2-way/config_FlowDroid_2way_37.xml",0.573770492,0.573770492,0.573770492,0.573770492,6524450,6217274,6434127,6434127,198,198,198,198,"FLOWSENSITIVE",10,"DEFAULT","REMOVECODE","CHA","FLOWINSENSITIVE","NONE",150,80,"CONTEXTINSENSITIVE","CONTEXTFLOWINSENSITIVE","DEFAULT",FALSE,FALSE,TRUE,TRUE,TRUE,TRUE,FALSE,TRUE,FALSE,FALSE
"47","/home/asm140830/Documents/git/AndroidTAEnvironment/configurations/FlowDroid/2-way/config_FlowDroid_2way_38.xml",0.40776699,0.40776699,0.40776699,0.40776699,7185938,7001302,7150783,7150783,196,196,196,196,"LAZY",20,"FAST","PROPAGATECONSTS","VTA","CONTEXTFLOWSENSITIVE","ALL",200,80,"SOURCESONLY","NONE","DEFAULTFALLBACK",FALSE,TRUE,TRUE,FALSE,TRUE,TRUE,TRUE,TRUE,TRUE,TRUE
"48","/home/asm140830/Documents/git/AndroidTAEnvironment/configurations/FlowDroid/2-way/config_FlowDroid_2way_39.xml",0.649056604,0.649056604,0.649056604,0.649056604,8193036,8233549,8299730,8233549,198,198,198,198,"PTSBASED",1,"DEFAULT","PROPAGATECONSTS","CHA","FLOWINSENSITIVE","NONE",600,80,"CONTEXTINSENSITIVE","CONTEXTFLOWINSENSITIVE","DEFAULTFALLBACK",FALSE,FALSE,FALSE,FALSE,TRUE,TRUE,TRUE,FALSE,FALSE,FALSE
"49","/home/asm140830/Documents/git/AndroidTAEnvironment/configurations/FlowDroid/2-way/config_FlowDroid_2way_4.xml",0.515555556,0.515555556,0.515555556,0.515555556,5647341,5498162,5430349,5498162,198,198,198,198,"FLOWSENSITIVE",7,"FAST","NONE","GEOM","CONTEXTFLOWSENSITIVE","NONE",100,0,"CONTEXTINSENSITIVE","NONE","DEFAULT",TRUE,FALSE,FALSE,TRUE,TRUE,FALSE,FALSE,TRUE,TRUE,FALSE
"50","/home/asm140830/Documents/git/AndroidTAEnvironment/configurations/FlowDroid/2-way/config_FlowDroid_2way_40.xml",0.209944751,0.209944751,0.209944751,0.209944751,7796525,7597068,7818707,7796525,198,198,198,198,"LAZY",3,"DEFAULT","NONE","GEOM","CONTEXTFLOWSENSITIVE","NONE",1,90,"SOURCESONLY","NONE","NONE",TRUE,FALSE,FALSE,TRUE,FALSE,TRUE,TRUE,FALSE,FALSE,TRUE
"51","/home/asm140830/Documents/git/AndroidTAEnvironment/configurations/FlowDroid/2-way/config_FlowDroid_2way_41.xml",0.556016598,0.556016598,0.556016598,0.556016598,4360070,3876827,4394783,4360070,198,198,198,198,"NONE",4,"FAST","REMOVECODE","AUTO","FLOWINSENSITIVE","ARRAYONLY",50,90,"CONTEXTSENSITIVE","CONTEXTFLOWSENSITIVE","EASY",FALSE,TRUE,TRUE,FALSE,TRUE,FALSE,FALSE,TRUE,TRUE,FALSE
"52","/home/asm140830/Documents/git/AndroidTAEnvironment/configurations/FlowDroid/2-way/config_FlowDroid_2way_42.xml",0.441314554,0.441314554,0.441314554,0.441314554,4981086,3907584,4488651,4488651,197,198,198,198,"FLOWSENSITIVE",5,"DEFAULT","PROPAGATECONSTS","RTA","CONTEXTFLOWSENSITIVE","ALL",80,90,"CONTEXTINSENSITIVE","CONTEXTFLOWINSENSITIVE","DEFAULT",TRUE,TRUE,TRUE,FALSE,TRUE,FALSE,FALSE,FALSE,TRUE,FALSE
"53","/home/asm140830/Documents/git/AndroidTAEnvironment/configurations/FlowDroid/2-way/config_FlowDroid_2way_43.xml",0.549356223,0.549356223,0.549356223,0.549356223,2228397,4925373,4639752,4639752,198,197,198,198,"PTSBASED",7,"FAST","REMOVECODE","SPARK","CONTEXTFLOWSENSITIVE","NONE",90,90,"CONTEXTINSENSITIVE","CONTEXTFLOWSENSITIVE","DEFAULTFALLBACK",TRUE,TRUE,FALSE,FALSE,FALSE,FALSE,FALSE,FALSE,TRUE,TRUE
"54","/home/asm140830/Documents/git/AndroidTAEnvironment/configurations/FlowDroid/2-way/config_FlowDroid_2way_44.xml",0.297435897,0.297435897,0.297435897,0.297435897,2980819,4677470,5420927,4677470,197,198,198,198,"LAZY",10,"DEFAULT","NONE","GEOM","FLOWINSENSITIVE","ALL",100,90,"CONTEXTINSENSITIVE","NONE","DEFAULT",FALSE,TRUE,TRUE,TRUE,TRUE,FALSE,FALSE,TRUE,TRUE,TRUE
"55","/home/asm140830/Documents/git/AndroidTAEnvironment/configurations/FlowDroid/2-way/config_FlowDroid_2way_45.xml",0.440191388,0.440191388,0.440191388,0.440191388,2146564,4821006,5798201,4821006,198,197,196,197,"NONE",20,"FAST","PROPAGATECONSTS","AUTO","CONTEXTFLOWSENSITIVE","NONE",110,90,"SOURCESONLY","CONTEXTFLOWSENSITIVE","DEFAULT",FALSE,TRUE,FALSE,TRUE,TRUE,FALSE,TRUE,TRUE,FALSE,TRUE
"56","/home/asm140830/Documents/git/AndroidTAEnvironment/configurations/FlowDroid/2-way/config_FlowDroid_2way_46.xml",0.32160804,0.32160804,0.32160804,0.32160804,2087849,4145369,4725870,4145369,198,198,198,198,"PTSBASED",1,"DEFAULT","PROPAGATECONSTS","RTA","CONTEXTFLOWSENSITIVE","NONE",120,90,"CONTEXTINSENSITIVE","NONE","EASY",TRUE,TRUE,FALSE,TRUE,TRUE,FALSE,TRUE,TRUE,FALSE,TRUE
"57","/home/asm140830/Documents/git/AndroidTAEnvironment/configurations/FlowDroid/2-way/config_FlowDroid_2way_47.xml",0.51754386,0.51754386,0.51754386,0.51754386,2220121,4509510,4854981,4509510,198,198,198,198,"PTSBASED",2,"FAST","PROPAGATECONSTS","SPARK","CONTEXTFLOWSENSITIVE","NONE",150,90,"CONTEXTSENSITIVE","CONTEXTFLOWINSENSITIVE","DEFAULTFALLBACK",TRUE,TRUE,FALSE,FALSE,FALSE,FALSE,TRUE,FALSE,TRUE,TRUE
"58","/home/asm140830/Documents/git/AndroidTAEnvironment/configurations/FlowDroid/2-way/config_FlowDroid_2way_48.xml",0.573770492,0.573770492,0.573770492,0.573770492,3499693,8209280,8801036,8209280,198,198,198,198,"FLOWSENSITIVE",3,"FAST","NONE","GEOM","FLOWINSENSITIVE","NONE",200,90,"CONTEXTSENSITIVE","CONTEXTFLOWINSENSITIVE","DEFAULT",TRUE,FALSE,TRUE,FALSE,TRUE,TRUE,FALSE,FALSE,TRUE,TRUE
"59","/home/asm140830/Documents/git/AndroidTAEnvironment/configurations/FlowDroid/2-way/config_FlowDroid_2way_49.xml",0.591093117,0.591093117,0.591093117,0.591093117,4357239,9230809,10110150,9230809,195,195,194,195,"NONE",4,"FAST","REMOVECODE","VTA","FLOWINSENSITIVE","ARRAYONLY",600,90,"SOURCESONLY","CONTEXTFLOWSENSITIVE","NONE",TRUE,TRUE,FALSE,FALSE,TRUE,TRUE,FALSE,TRUE,TRUE,FALSE
"60","/home/asm140830/Documents/git/AndroidTAEnvironment/configurations/FlowDroid/2-way/config_FlowDroid_2way_5.xml",0.497854077,0.497854077,0.497854077,0.497854077,10392322,10564524,11363304,10564524,190,190,189,190,"PTSBASED",10,"FAST","PROPAGATECONSTS","AUTO","FLOWINSENSITIVE","ARRAYONLY",110,0,"SOURCESONLY","CONTEXTFLOWSENSITIVE","DEFAULTFALLBACK",TRUE,FALSE,TRUE,FALSE,FALSE,TRUE,TRUE,FALSE,FALSE,TRUE
"61","/home/asm140830/Documents/git/AndroidTAEnvironment/configurations/FlowDroid/2-way/config_FlowDroid_2way_50.xml",0.429906542,0.429906542,0.429906542,0.429906542,3468797,7050138,7537023,7050138,197,198,198,198,"PTSBASED",5,"DEFAULT","NONE","AUTO","CONTEXTFLOWSENSITIVE","NONE",1,100,"SOURCESONLY","CONTEXTFLOWSENSITIVE","NONE",TRUE,FALSE,FALSE,TRUE,FALSE,TRUE,TRUE,FALSE,FALSE,TRUE
"62","/home/asm140830/Documents/git/AndroidTAEnvironment/configurations/FlowDroid/2-way/config_FlowDroid_2way_51.xml",0.573705179,0.568,0.568,0.568,3671971,6669999,6654541,6654541,196,195,195,195,"LAZY",7,"FAST","REMOVECODE","CHA","FLOWINSENSITIVE","ARRAYONLY",50,100,"CONTEXTSENSITIVE","CONTEXTFLOWINSENSITIVE","EASY",FALSE,TRUE,TRUE,FALSE,TRUE,FALSE,FALSE,TRUE,TRUE,FALSE
"63","/home/asm140830/Documents/git/AndroidTAEnvironment/configurations/FlowDroid/2-way/config_FlowDroid_2way_52.xml",0.480349345,0.480349345,0.480349345,0.480349345,2076398,4321179,5351002,4321179,198,198,197,198,"NONE",10,"DEFAULT","PROPAGATECONSTS","SPARK","FLOWINSENSITIVE","ALL",80,100,"CONTEXTINSENSITIVE","NONE","DEFAULTFALLBACK",FALSE,FALSE,TRUE,FALSE,TRUE,FALSE,TRUE,TRUE,FALSE,TRUE
"64","/home/asm140830/Documents/git/AndroidTAEnvironment/configurations/FlowDroid/2-way/config_FlowDroid_2way_53.xml",0.452830189,0.452830189,0.452830189,0.452830189,3571738,9062140,9320916,9062140,198,197,197,197,"FLOWSENSITIVE",20,"DEFAULT","REMOVECODE","GEOM","CONTEXTFLOWSENSITIVE","ALL",90,100,"CONTEXTINSENSITIVE","CONTEXTFLOWSENSITIVE","EASY",TRUE,TRUE,TRUE,TRUE,TRUE,TRUE,TRUE,FALSE,TRUE,TRUE
"65","/home/asm140830/Documents/git/AndroidTAEnvironment/configurations/FlowDroid/2-way/config_FlowDroid_2way_54.xml",0.449541284,0.449541284,0.449541284,0.449541284,3410464,7234334,7375011,7234334,197,198,198,198,"PTSBASED",1,"FAST","PROPAGATECONSTS","RTA","CONTEXTFLOWSENSITIVE","ARRAYONLY",100,100,"CONTEXTINSENSITIVE","CONTEXTFLOWINSENSITIVE","DEFAULT",FALSE,FALSE,FALSE,FALSE,TRUE,TRUE,TRUE,FALSE,FALSE,FALSE
"66","/home/asm140830/Documents/git/AndroidTAEnvironment/configurations/FlowDroid/2-way/config_FlowDroid_2way_55.xml",0.462962963,0.462962963,0.462962963,0.462962963,2661838,4917601,4796512,4796512,197,198,198,198,"FLOWSENSITIVE",2,"FAST","NONE","VTA","CONTEXTFLOWSENSITIVE","NONE",110,100,"CONTEXTINSENSITIVE","CONTEXTFLOWINSENSITIVE","DEFAULTFALLBACK",FALSE,TRUE,FALSE,TRUE,FALSE,FALSE,TRUE,TRUE,FALSE,TRUE
"67","/home/asm140830/Documents/git/AndroidTAEnvironment/configurations/FlowDroid/2-way/config_FlowDroid_2way_56.xml",0.423076923,0.423076923,0.423076923,0.423076923,2098425,4125900,4647006,4125900,198,198,198,198,"NONE",3,"FAST","PROPAGATECONSTS","AUTO","CONTEXTFLOWSENSITIVE","ARRAYONLY",120,100,"SOURCESONLY","CONTEXTFLOWINSENSITIVE","DEFAULTFALLBACK",TRUE,TRUE,TRUE,FALSE,TRUE,FALSE,FALSE,FALSE,FALSE,FALSE
"68","/home/asm140830/Documents/git/AndroidTAEnvironment/configurations/FlowDroid/2-way/config_FlowDroid_2way_57.xml",0.543859649,0.543859649,0.543859649,0.543859649,3775134,8882390,9726796,8882390,197,197,196,197,"FLOWSENSITIVE",4,"DEFAULT","PROPAGATECONSTS","RTA","CONTEXTFLOWSENSITIVE","NONE",150,100,"SOURCESONLY","CONTEXTFLOWINSENSITIVE","EASY",TRUE,TRUE,FALSE,FALSE,TRUE,TRUE,FALSE,FALSE,FALSE,FALSE
"69","/home/asm140830/Documents/git/AndroidTAEnvironment/configurations/FlowDroid/2-way/config_FlowDroid_2way_58.xml",0.510638298,0.510638298,0.510638298,0.510638298,3661941,6198998,7434455,6198998,196,196,195,196,"PTSBASED",5,"FAST","NONE","SPARK","FLOWINSENSITIVE","ARRAYONLY",200,100,"SOURCESONLY","NONE","EASY",TRUE,FALSE,TRUE,TRUE,TRUE,FALSE,FALSE,TRUE,FALSE,TRUE
"70","/home/asm140830/Documents/git/AndroidTAEnvironment/configurations/FlowDroid/2-way/config_FlowDroid_2way_59.xml",0.331658291,0.331658291,0.331658291,0.331658291,3067084,6531876,6591966,6531876,198,198,198,198,"LAZY",7,"FAST","NONE","GEOM","FLOWINSENSITIVE","ARRAYONLY",600,100,"CONTEXTINSENSITIVE","CONTEXTFLOWINSENSITIVE","EASY",FALSE,TRUE,TRUE,FALSE,TRUE,TRUE,TRUE,TRUE,FALSE,FALSE
"71","/home/asm140830/Documents/git/AndroidTAEnvironment/configurations/FlowDroid/2-way/config_FlowDroid_2way_6.xml",0.21978022,0.229508197,0.229508197,0.229508197,5039231,5440871,4343514,5039231,197,196,198,197,"LAZY",20,"DEFAULT","REMOVECODE","CHA","CONTEXTFLOWSENSITIVE","NONE",120,0,"SOURCESONLY","CONTEXTFLOWINSENSITIVE","NONE",FALSE,TRUE,TRUE,FALSE,TRUE,FALSE,FALSE,FALSE,FALSE,FALSE
"72","/home/asm140830/Documents/git/AndroidTAEnvironment/configurations/FlowDroid/2-way/config_FlowDroid_2way_60.xml",0.429906542,0.429906542,0.429906542,0.429906542,3979828,6985074,7677652,6985074,195,198,197,197,"PTSBASED",10,"DEFAULT","NONE","VTA","CONTEXTFLOWSENSITIVE","NONE",1,110,"SOURCESONLY","CONTEXTFLOWSENSITIVE","NONE",TRUE,FALSE,FALSE,TRUE,FALSE,TRUE,TRUE,FALSE,FALSE,TRUE
"73","/home/asm140830/Documents/git/AndroidTAEnvironment/configurations/FlowDroid/2-way/config_FlowDroid_2way_61.xml",0.554216867,0.548387097,0.554216867,0.554216867,3661625,6822744,6686395,6686395,196,195,195,195,"LAZY",20,"FAST","REMOVECODE","RTA","FLOWINSENSITIVE","ARRAYONLY",50,110,"CONTEXTSENSITIVE","CONTEXTFLOWINSENSITIVE","DEFAULTFALLBACK",FALSE,TRUE,TRUE,FALSE,TRUE,FALSE,FALSE,TRUE,TRUE,FALSE
"74","/home/asm140830/Documents/git/AndroidTAEnvironment/configurations/FlowDroid/2-way/config_FlowDroid_2way_62.xml",0.368159204,0.368159204,0.368159204,0.368159204,3571180,7126794,7161569,7126794,197,198,198,198,"NONE",1,"DEFAULT","PROPAGATECONSTS","CHA","CONTEXTFLOWSENSITIVE","ALL",80,110,"CONTEXTINSENSITIVE","NONE","NONE",FALSE,TRUE,TRUE,TRUE,FALSE,TRUE,FALSE,FALSE,FALSE,FALSE
"75","/home/asm140830/Documents/git/AndroidTAEnvironment/configurations/FlowDroid/2-way/config_FlowDroid_2way_63.xml",0.580645161,0.580645161,0.580645161,0.580645161,4692497,5146529,4729549,4729549,198,197,198,198,"FLOWSENSITIVE",2,"FAST","NONE","SPARK","FLOWINSENSITIVE","NONE",90,110,"CONTEXTINSENSITIVE","NONE","EASY",TRUE,FALSE,FALSE,TRUE,TRUE,FALSE,FALSE,FALSE,FALSE,FALSE
"76","/home/asm140830/Documents/git/AndroidTAEnvironment/configurations/FlowDroid/2-way/config_FlowDroid_2way_64.xml",0.519148936,0.519148936,0.519148936,0.519148936,4746710,4498604,4543382,4543382,197,198,198,198,"LAZY",3,"DEFAULT","PROPAGATECONSTS","AUTO","FLOWINSENSITIVE","ARRAYONLY",100,110,"CONTEXTSENSITIVE","NONE","DEFAULT",FALSE,TRUE,TRUE,FALSE,FALSE,FALSE,TRUE,FALSE,TRUE,TRUE
"77","/home/asm140830/Documents/git/AndroidTAEnvironment/configurations/FlowDroid/2-way/config_FlowDroid_2way_65.xml",0.024539877,0.024539877,0.024539877,0.024539877,5794495,6322148,5920120,5920120,198,197,198,198,"LAZY",4,"DEFAULT","NONE","GEOM","FLOWINSENSITIVE","ALL",110,110,"CONTEXTSENSITIVE","CONTEXTFLOWSENSITIVE","DEFAULT",TRUE,FALSE,TRUE,TRUE,TRUE,TRUE,TRUE,TRUE,FALSE,TRUE
"78","/home/asm140830/Documents/git/AndroidTAEnvironment/configurations/FlowDroid/2-way/config_FlowDroid_2way_66.xml",0.509090909,0.509090909,0.509090909,0.509090909,4407268,4385720,5238412,4407268,198,198,197,198,"NONE",5,"DEFAULT","NONE","CHA","CONTEXTFLOWSENSITIVE","ALL",120,110,"CONTEXTSENSITIVE","CONTEXTFLOWINSENSITIVE","NONE",TRUE,TRUE,FALSE,TRUE,FALSE,FALSE,FALSE,TRUE,FALSE,TRUE
"79","/home/asm140830/Documents/git/AndroidTAEnvironment/configurations/FlowDroid/2-way/config_FlowDroid_2way_67.xml",0.455357143,0.455357143,0.455357143,0.455357143,16015198,15759230,15682844,15759230,180,180,180,180,"LAZY",7,"DEFAULT","REMOVECODE","AUTO","FLOWINSENSITIVE","ARRAYONLY",150,110,"SOURCESONLY","NONE","DEFAULT",FALSE,TRUE,FALSE,TRUE,TRUE,TRUE,TRUE,FALSE,FALSE,FALSE
"80","/home/asm140830/Documents/git/AndroidTAEnvironment/configurations/FlowDroid/2-way/config_FlowDroid_2way_68.xml",0.537815126,0.537815126,0.537815126,0.537815126,6676687,6033839,6554130,6554130,198,198,198,198,"FLOWSENSITIVE",10,"FAST","PROPAGATECONSTS","CHA","FLOWINSENSITIVE","NONE",200,110,"CONTEXTINSENSITIVE","CONTEXTFLOWINSENSITIVE","NONE",FALSE,TRUE,TRUE,TRUE,TRUE,TRUE,TRUE,TRUE,FALSE,TRUE
"81","/home/asm140830/Documents/git/AndroidTAEnvironment/configurations/FlowDroid/2-way/config_FlowDroid_2way_69.xml",0.588709677,0.588709677,0.588709677,0.588709677,6733092,7187574,6911197,6911197,198,197,198,198,"PTSBASED",20,"DEFAULT","NONE","AUTO","FLOWINSENSITIVE","ARRAYONLY",600,110,"CONTEXTINSENSITIVE","CONTEXTFLOWSENSITIVE","EASY",FALSE,FALSE,TRUE,TRUE,FALSE,TRUE,TRUE,FALSE,TRUE,FALSE
"82","/home/asm140830/Documents/git/AndroidTAEnvironment/configurations/FlowDroid/2-way/config_FlowDroid_2way_7.xml",0.568,0.568,0.568,0.568,7128993,6905121,6917931,6917931,198,198,198,198,"NONE",1,"DEFAULT","NONE","VTA","FLOWINSENSITIVE","ARRAYONLY",150,0,"CONTEXTSENSITIVE","NONE","EASY",FALSE,TRUE,FALSE,TRUE,FALSE,TRUE,TRUE,FALSE,TRUE,TRUE
"83","/home/asm140830/Documents/git/AndroidTAEnvironment/configurations/FlowDroid/2-way/config_FlowDroid_2way_70.xml",0.433179724,0.433179724,0.433179724,0.433179724,7198245,6455398,6833688,6833688,198,198,198,198,"PTSBASED",1,"DEFAULT","NONE","CHA","CONTEXTFLOWSENSITIVE","NONE",1,120,"SOURCESONLY","CONTEXTFLOWSENSITIVE","DEFAULTFALLBACK",TRUE,FALSE,FALSE,TRUE,FALSE,TRUE,TRUE,FALSE,FALSE,TRUE
"84","/home/asm140830/Documents/git/AndroidTAEnvironment/configurations/FlowDroid/2-way/config_FlowDroid_2way_71.xml",0.567901235,0.567901235,0.567901235,0.567901235,4723248,4804727,5230995,4804727,198,197,197,197,"LAZY",2,"FAST","REMOVECODE","VTA","FLOWINSENSITIVE","ARRAYONLY",50,120,"CONTEXTSENSITIVE","CONTEXTFLOWINSENSITIVE","NONE",FALSE,TRUE,TRUE,FALSE,TRUE,FALSE,FALSE,TRUE,TRUE,FALSE
"85","/home/asm140830/Documents/git/AndroidTAEnvironment/configurations/FlowDroid/2-way/config_FlowDroid_2way_72.xml",0.549180328,0.549180328,0.549180328,0.549180328,7221933,7066551,7810015,7221933,198,198,197,198,"NONE",3,"DEFAULT","PROPAGATECONSTS","RTA","FLOWINSENSITIVE","ALL",80,120,"CONTEXTINSENSITIVE","NONE","EASY",TRUE,TRUE,FALSE,FALSE,TRUE,TRUE,TRUE,FALSE,TRUE,FALSE
"86","/home/asm140830/Documents/git/AndroidTAEnvironment/configurations/FlowDroid/2-way/config_FlowDroid_2way_73.xml",0.543933054,0.543933054,0.543933054,0.543933054,10632061,10495778,10299454,10495778,191,191,191,191,"FLOWSENSITIVE",4,"FAST","PROPAGATECONSTS","SPARK","FLOWINSENSITIVE","NONE",90,120,"SOURCESONLY","NONE","DEFAULT",TRUE,FALSE,FALSE,TRUE,FALSE,TRUE,TRUE,TRUE,TRUE,TRUE
"87","/home/asm140830/Documents/git/AndroidTAEnvironment/configurations/FlowDroid/2-way/config_FlowDroid_2way_74.xml",0.433962264,0.433962264,0.433962264,0.433962264,7287846,7285921,7676321,7287846,198,198,198,198,"LAZY",5,"DEFAULT","REMOVECODE","GEOM","FLOWINSENSITIVE","NONE",100,120,"SOURCESONLY","CONTEXTFLOWSENSITIVE","NONE",FALSE,FALSE,FALSE,FALSE,TRUE,TRUE,FALSE,FALSE,TRUE,TRUE
"88","/home/asm140830/Documents/git/AndroidTAEnvironment/configurations/FlowDroid/2-way/config_FlowDroid_2way_75.xml",0.5,0.5,0.5,0.5,8300985,7581208,8095893,8095893,197,198,198,198,"PTSBASED",7,"DEFAULT","REMOVECODE","AUTO","CONTEXTFLOWSENSITIVE","NONE",110,120,"CONTEXTINSENSITIVE","NONE","DEFAULTFALLBACK",TRUE,TRUE,FALSE,FALSE,TRUE,TRUE,TRUE,TRUE,TRUE,TRUE
"89","/home/asm140830/Documents/git/AndroidTAEnvironment/configurations/FlowDroid/2-way/config_FlowDroid_2way_76.xml",0.506550218,0.506550218,0.506550218,0.506550218,6104685,5595815,5827389,5827389,197,197,197,197,"LAZY",10,"FAST","REMOVECODE","RTA","FLOWINSENSITIVE","NONE",120,120,"CONTEXTSENSITIVE","NONE","DEFAULT",FALSE,TRUE,TRUE,TRUE,TRUE,FALSE,TRUE,TRUE,TRUE,FALSE
"90","/home/asm140830/Documents/git/AndroidTAEnvironment/configurations/FlowDroid/2-way/config_FlowDroid_2way_77.xml",0.433962264,0.433962264,0.433962264,0.433962264,6868202,6850958,7074726,6868202,198,198,198,198,"FLOWSENSITIVE",20,"DEFAULT","NONE","SPARK","CONTEXTFLOWSENSITIVE","NONE",150,120,"SOURCESONLY","CONTEXTFLOWSENSITIVE","DEFAULT",FALSE,TRUE,TRUE,FALSE,FALSE,TRUE,FALSE,TRUE,FALSE,FALSE
"91","/home/asm140830/Documents/git/AndroidTAEnvironment/configurations/FlowDroid/2-way/config_FlowDroid_2way_78.xml",0.346938776,0.346938776,0.346938776,0.346938776,7852990,8062378,7996123,7996123,198,198,198,198,"LAZY",1,"FAST","REMOVECODE","GEOM","CONTEXTFLOWSENSITIVE","ARRAYONLY",200,120,"SOURCESONLY","CONTEXTFLOWINSENSITIVE","DEFAULTFALLBACK",TRUE,TRUE,FALSE,FALSE,FALSE,TRUE,TRUE,TRUE,TRUE,FALSE
"92","/home/asm140830/Documents/git/AndroidTAEnvironment/configurations/FlowDroid/2-way/config_FlowDroid_2way_79.xml",0.567901235,0.567901235,0.567901235,0.567901235,5257021,4156719,4417988,4417988,197,198,198,198,"NONE",2,"DEFAULT","REMOVECODE","RTA","FLOWINSENSITIVE","NONE",600,120,"CONTEXTSENSITIVE","CONTEXTFLOWINSENSITIVE","EASY",TRUE,FALSE,TRUE,TRUE,FALSE,FALSE,FALSE,FALSE,TRUE,TRUE
"93","/home/asm140830/Documents/git/AndroidTAEnvironment/configurations/FlowDroid/2-way/config_FlowDroid_2way_8.xml",0.352941176,0.352941176,0.352941176,0.352941176,3366499,3485625,3478490,3478490,198,198,198,198,"PTSBASED",2,"DEFAULT","NONE","RTA","CONTEXTFLOWSENSITIVE","ALL",200,0,"CONTEXTINSENSITIVE","CONTEXTFLOWSENSITIVE","NONE",TRUE,FALSE,TRUE,FALSE,TRUE,FALSE,TRUE,TRUE,TRUE,TRUE
"94","/home/asm140830/Documents/git/AndroidTAEnvironment/configurations/FlowDroid/2-way/config_FlowDroid_2way_80.xml",0.427906977,0.427906977,0.427906977,0.427906977,6081378,5966971,6122898,6081378,198,198,198,198,"PTSBASED",3,"DEFAULT","NONE","CHA","CONTEXTFLOWSENSITIVE","NONE",1,150,"SOURCESONLY","CONTEXTFLOWSENSITIVE","DEFAULTFALLBACK",TRUE,FALSE,FALSE,TRUE,FALSE,TRUE,TRUE,FALSE,FALSE,TRUE
"95","/home/asm140830/Documents/git/AndroidTAEnvironment/configurations/FlowDroid/2-way/config_FlowDroid_2way_81.xml",0.567901235,0.567901235,0.567901235,0.567901235,4658860,4304796,5011183,4658860,198,198,197,198,"LAZY",4,"FAST","REMOVECODE","VTA","FLOWINSENSITIVE","ARRAYONLY",50,150,"CONTEXTSENSITIVE","CONTEXTFLOWINSENSITIVE","NONE",FALSE,TRUE,TRUE,FALSE,TRUE,FALSE,FALSE,TRUE,TRUE,FALSE
"96","/home/asm140830/Documents/git/AndroidTAEnvironment/configurations/FlowDroid/2-way/config_FlowDroid_2way_82.xml",0.44549763,0.452830189,0.44549763,0.44549763,6774856,6903119,6749171,6774856,198,197,198,198,"NONE",5,"DEFAULT","PROPAGATECONSTS","RTA","CONTEXTFLOWSENSITIVE","ALL",80,150,"CONTEXTINSENSITIVE","NONE","EASY",FALSE,FALSE,TRUE,TRUE,FALSE,TRUE,FALSE,TRUE,FALSE,FALSE
"97","/home/asm140830/Documents/git/AndroidTAEnvironment/configurations/FlowDroid/2-way/config_FlowDroid_2way_83.xml",0.625482625,0.625482625,0.625482625,0.625482625,4761842,4261205,4916172,4761842,198,198,198,198,"FLOWSENSITIVE",7,"DEFAULT","PROPAGATECONSTS","SPARK","FLOWINSENSITIVE","NONE",90,150,"CONTEXTSENSITIVE","NONE","DEFAULT",TRUE,FALSE,FALSE,FALSE,TRUE,FALSE,FALSE,FALSE,TRUE,TRUE
"98","/home/asm140830/Documents/git/AndroidTAEnvironment/configurations/FlowDroid/2-way/config_FlowDroid_2way_84.xml",0.616,0.616,0.616,0.616,6479923,6013027,6923943,6479923,198,198,197,198,"NONE",10,"FAST","REMOVECODE","GEOM","FLOWINSENSITIVE","ARRAYONLY",100,150,"CONTEXTSENSITIVE","CONTEXTFLOWSENSITIVE","NONE",TRUE,FALSE,FALSE,FALSE,TRUE,FALSE,TRUE,FALSE,TRUE,FALSE
"99","/home/asm140830/Documents/git/AndroidTAEnvironment/configurations/FlowDroid/2-way/config_FlowDroid_2way_85.xml",0.469026549,0.469026549,0.469026549,0.469026549,4523127,4122349,4293369,4293369,198,198,198,198,"PTSBASED",20,"FAST","REMOVECODE","AUTO","FLOWINSENSITIVE","ARRAYONLY",110,150,"CONTEXTSENSITIVE","NONE","NONE",TRUE,FALSE,FALSE,TRUE,TRUE,FALSE,TRUE,TRUE,FALSE,TRUE
"100","/home/asm140830/Documents/git/AndroidTAEnvironment/configurations/FlowDroid/2-way/config_FlowDroid_2way_86.xml",0.6,0.6,0.6,0.6,4600457,3948248,4452078,4452078,198,198,198,198,"PTSBASED",1,"FAST","REMOVECODE","CHA","FLOWINSENSITIVE","ARRAYONLY",120,150,"CONTEXTINSENSITIVE","CONTEXTFLOWINSENSITIVE","DEFAULT",TRUE,FALSE,FALSE,FALSE,FALSE,FALSE,TRUE,FALSE,TRUE,TRUE
"101","/home/asm140830/Documents/git/AndroidTAEnvironment/configurations/FlowDroid/2-way/config_FlowDroid_2way_87.xml",0.616600791,0.616600791,0.616600791,0.616600791,4557098,3928342,4741233,4557098,198,198,198,198,"PTSBASED",2,"FAST","PROPAGATECONSTS","VTA","FLOWINSENSITIVE","ARRAYONLY",150,150,"CONTEXTSENSITIVE","CONTEXTFLOWINSENSITIVE","NONE",FALSE,TRUE,FALSE,FALSE,FALSE,FALSE,FALSE,FALSE,TRUE,FALSE
"102","/home/asm140830/Documents/git/AndroidTAEnvironment/configurations/FlowDroid/2-way/config_FlowDroid_2way_88.xml",0.345177665,0.345177665,0.345177665,0.345177665,4284696,3721210,4182047,4182047,198,198,198,198,"NONE",4,"FAST","REMOVECODE","AUTO","CONTEXTFLOWSENSITIVE","NONE",200,150,"SOURCESONLY","NONE","DEFAULT",TRUE,TRUE,TRUE,TRUE,FALSE,FALSE,TRUE,FALSE,FALSE,TRUE
"103","/home/asm140830/Documents/git/AndroidTAEnvironment/configurations/FlowDroid/2-way/config_FlowDroid_2way_89.xml",0.586206897,0.586206897,0.586206897,0.586206897,4436015,3872203,4651033,4436015,198,198,198,198,"NONE",10,"FAST","PROPAGATECONSTS","CHA","CONTEXTFLOWSENSITIVE","NONE",600,150,"CONTEXTSENSITIVE","CONTEXTFLOWSENSITIVE","EASY",FALSE,FALSE,FALSE,TRUE,TRUE,FALSE,FALSE,TRUE,FALSE,FALSE
"104","/home/asm140830/Documents/git/AndroidTAEnvironment/configurations/FlowDroid/2-way/config_FlowDroid_2way_9.xml",0.602409639,0.602409639,0.602409639,0.602409639,8491780,8426442,10212348,8491780,198,198,196,198,"LAZY",3,"FAST","REMOVECODE","SPARK","FLOWINSENSITIVE","ARRAYONLY",600,0,"CONTEXTINSENSITIVE","CONTEXTFLOWSENSITIVE","EASY",FALSE,TRUE,FALSE,TRUE,FALSE,TRUE,FALSE,TRUE,FALSE,FALSE
"105","/home/asm140830/Documents/git/AndroidTAEnvironment/configurations/FlowDroid/2-way/config_FlowDroid_2way_90.xml",0.427906977,0.427906977,0.427906977,0.427906977,5713790,5567421,5705884,5705884,198,198,198,198,"PTSBASED",3,"DEFAULT","NONE","CHA","CONTEXTFLOWSENSITIVE","NONE",1,200,"SOURCESONLY","CONTEXTFLOWSENSITIVE","DEFAULTFALLBACK",TRUE,FALSE,FALSE,TRUE,FALSE,TRUE,TRUE,FALSE,FALSE,TRUE
"106","/home/asm140830/Documents/git/AndroidTAEnvironment/configurations/FlowDroid/2-way/config_FlowDroid_2way_91.xml",0.567901235,0.567901235,0.567901235,0.567901235,4294420,3601678,4374176,4294420,198,198,198,198,"LAZY",4,"FAST","REMOVECODE","VTA","FLOWINSENSITIVE","ARRAYONLY",50,200,"CONTEXTSENSITIVE","CONTEXTFLOWINSENSITIVE","NONE",FALSE,TRUE,TRUE,FALSE,TRUE,FALSE,FALSE,TRUE,TRUE,FALSE
"107","/home/asm140830/Documents/git/AndroidTAEnvironment/configurations/FlowDroid/2-way/config_FlowDroid_2way_92.xml",0.438095238,0.438095238,0.438095238,0.438095238,5030554,4301287,4322358,4322358,197,198,198,198,"NONE",5,"DEFAULT","PROPAGATECONSTS","RTA","CONTEXTFLOWSENSITIVE","ALL",80,200,"CONTEXTINSENSITIVE","NONE","EASY",TRUE,TRUE,FALSE,FALSE,TRUE,FALSE,FALSE,FALSE,TRUE,TRUE
"108","/home/asm140830/Documents/git/AndroidTAEnvironment/configurations/FlowDroid/2-way/config_FlowDroid_2way_93.xml",0.493150685,0.493150685,0.493150685,0.493150685,6674013,6071022,6108227,6108227,198,198,198,198,"FLOWSENSITIVE",7,"DEFAULT","REMOVECODE","SPARK","CONTEXTFLOWSENSITIVE","ALL",90,200,"CONTEXTINSENSITIVE","CONTEXTFLOWINSENSITIVE","DEFAULT",FALSE,TRUE,TRUE,FALSE,TRUE,TRUE,FALSE,TRUE,TRUE,FALSE
"109","/home/asm140830/Documents/git/AndroidTAEnvironment/configurations/FlowDroid/2-way/config_FlowDroid_2way_94.xml",0.476635514,0.476635514,0.476635514,0.476635514,8032304,7255652,8237964,8032304,198,198,196,198,"FLOWSENSITIVE",10,"DEFAULT","NONE","GEOM","CONTEXTFLOWSENSITIVE","ARRAYONLY",100,200,"CONTEXTSENSITIVE","NONE","EASY",FALSE,TRUE,FALSE,TRUE,FALSE,TRUE,TRUE,FALSE,TRUE,TRUE
"110","/home/asm140830/Documents/git/AndroidTAEnvironment/configurations/FlowDroid/2-way/config_FlowDroid_2way_95.xml",0.506437768,0.506437768,0.506437768,0.506437768,7179824,6367641,6387552,6387552,196,195,196,196,"NONE",20,"FAST","REMOVECODE","AUTO","FLOWINSENSITIVE","ALL",110,200,"SOURCESONLY","CONTEXTFLOWINSENSITIVE","DEFAULTFALLBACK",TRUE,TRUE,TRUE,TRUE,FALSE,TRUE,FALSE,FALSE,FALSE,TRUE
"111","/home/asm140830/Documents/git/AndroidTAEnvironment/configurations/FlowDroid/2-way/config_FlowDroid_2way_96.xml",0.477477477,0.477477477,0.477477477,0.477477477,4580422,4009141,4532180,4532180,198,198,197,198,"PTSBASED",1,"FAST","REMOVECODE","AUTO","CONTEXTFLOWSENSITIVE","ALL",120,200,"CONTEXTSENSITIVE","CONTEXTFLOWINSENSITIVE","EASY",FALSE,TRUE,FALSE,TRUE,TRUE,FALSE,TRUE,TRUE,FALSE,TRUE
"112","/home/asm140830/Documents/git/AndroidTAEnvironment/configurations/FlowDroid/2-way/config_FlowDroid_2way_97.xml",0.348258706,0.348258706,0.348258706,0.348258706,4261408,3797782,4333154,4261408,198,198,197,198,"PTSBASED",2,"FAST","REMOVECODE","RTA","CONTEXTFLOWSENSITIVE","ALL",150,200,"CONTEXTINSENSITIVE","CONTEXTFLOWSENSITIVE","EASY",TRUE,TRUE,TRUE,TRUE,TRUE,FALSE,FALSE,FALSE,TRUE,TRUE
"113","/home/asm140830/Documents/git/AndroidTAEnvironment/configurations/FlowDroid/2-way/config_FlowDroid_2way_98.xml",0.65648855,0.65648855,0.65648855,0.65648855,4305558,3857244,4307079,4305558,198,198,198,198,"PTSBASED",1,"FAST","PROPAGATECONSTS","SPARK","FLOWINSENSITIVE","ARRAYONLY",200,200,"CONTEXTINSENSITIVE","CONTEXTFLOWINSENSITIVE","EASY",FALSE,FALSE,FALSE,TRUE,FALSE,FALSE,FALSE,FALSE,FALSE,FALSE
"114","/home/asm140830/Documents/git/AndroidTAEnvironment/configurations/FlowDroid/2-way/config_FlowDroid_2way_99.xml",0.374384236,0.374384236,0.374384236,0.374384236,5826817,5396490,5903038,5826817,198,198,197,198,"FLOWSENSITIVE",7,"DEFAULT","REMOVECODE","RTA","CONTEXTFLOWSENSITIVE","ALL",600,200,"CONTEXTINSENSITIVE","NONE","DEFAULTFALLBACK",TRUE,TRUE,TRUE,FALSE,FALSE,TRUE,FALSE,FALSE,TRUE,TRUE
