apk,category,generating_script,true_positive,successful,time,category_precision,category_recall,category_fmeasure,run_precision,run_recall,run_fmeasure
/home/asm140830/AndroidTA/benchmarks/DroidBench30/benchmark/apks/Aliasing/FlowSensitivity1.apk,Aliasing,/home/asm140830/AndroidTA/AndroidTAEnvironment/configurations/config_DidFail.xml,False,True,85638,0.0,0.0,0,0.7575757575757576,0.3105590062111801,0.44052863436123346
/home/asm140830/AndroidTA/benchmarks/DroidBench30/benchmark/apks/Aliasing/Merge1.apk,Aliasing,/home/asm140830/AndroidTA/AndroidTAEnvironment/configurations/config_DidFail.xml,False,True,82725,0.0,0.0,0,0.7575757575757576,0.3105590062111801,0.44052863436123346
/home/asm140830/AndroidTA/benchmarks/DroidBench30/benchmark/apks/Aliasing/SimpleAliasing1.apk,Aliasing,/home/asm140830/AndroidTA/AndroidTAEnvironment/configurations/config_DidFail.xml,True,False,86022,0.0,0.0,0,0.7575757575757576,0.3105590062111801,0.44052863436123346
/home/asm140830/AndroidTA/benchmarks/DroidBench30/benchmark/apks/Aliasing/StrongUpdate1.apk,Aliasing,/home/asm140830/AndroidTA/AndroidTAEnvironment/configurations/config_DidFail.xml,False,True,85295,0.0,0.0,0,0.7575757575757576,0.3105590062111801,0.44052863436123346
/home/asm140830/AndroidTA/benchmarks/DroidBench30/benchmark/apks/AndroidSpecific/ApplicationModeling1.apk,AndroidSpecific,/home/asm140830/AndroidTA/AndroidTAEnvironment/configurations/config_DidFail.xml,True,False,19140,1.0,0.2727272727272727,0.42857142857142855,0.7575757575757576,0.3105590062111801,0.44052863436123346
/home/asm140830/AndroidTA/benchmarks/DroidBench30/benchmark/apks/AndroidSpecific/DirectLeak1.apk,AndroidSpecific,/home/asm140830/AndroidTA/AndroidTAEnvironment/configurations/config_DidFail.xml,True,True,45940,1.0,0.2727272727272727,0.42857142857142855,0.7575757575757576,0.3105590062111801,0.44052863436123346
/home/asm140830/AndroidTA/benchmarks/DroidBench30/benchmark/apks/AndroidSpecific/InactiveActivity.apk,AndroidSpecific,/home/asm140830/AndroidTA/AndroidTAEnvironment/configurations/config_DidFail.xml,False,True,43396,1.0,0.2727272727272727,0.42857142857142855,0.7575757575757576,0.3105590062111801,0.44052863436123346
/home/asm140830/AndroidTA/benchmarks/DroidBench30/benchmark/apks/AndroidSpecific/Library2.apk,AndroidSpecific,/home/asm140830/AndroidTA/AndroidTAEnvironment/configurations/config_DidFail.xml,True,True,48339,1.0,0.2727272727272727,0.42857142857142855,0.7575757575757576,0.3105590062111801,0.44052863436123346
/home/asm140830/AndroidTA/benchmarks/DroidBench30/benchmark/apks/AndroidSpecific/Obfuscation1.apk,AndroidSpecific,/home/asm140830/AndroidTA/AndroidTAEnvironment/configurations/config_DidFail.xml,True,True,47190,1.0,0.2727272727272727,0.42857142857142855,0.7575757575757576,0.3105590062111801,0.44052863436123346
/home/asm140830/AndroidTA/benchmarks/DroidBench30/benchmark/apks/AndroidSpecific/Parcel1.apk,AndroidSpecific,/home/asm140830/AndroidTA/AndroidTAEnvironment/configurations/config_DidFail.xml,True,False,24281,1.0,0.2727272727272727,0.42857142857142855,0.7575757575757576,0.3105590062111801,0.44052863436123346
/home/asm140830/AndroidTA/benchmarks/DroidBench30/benchmark/apks/AndroidSpecific/PrivateDataLeak1.apk,AndroidSpecific,/home/asm140830/AndroidTA/AndroidTAEnvironment/configurations/config_DidFail.xml,True,False,47681,1.0,0.2727272727272727,0.42857142857142855,0.7575757575757576,0.3105590062111801,0.44052863436123346
/home/asm140830/AndroidTA/benchmarks/DroidBench30/benchmark/apks/AndroidSpecific/PrivateDataLeak2.apk,AndroidSpecific,/home/asm140830/AndroidTA/AndroidTAEnvironment/configurations/config_DidFail.xml,True,False,46408,1.0,0.2727272727272727,0.42857142857142855,0.7575757575757576,0.3105590062111801,0.44052863436123346
/home/asm140830/AndroidTA/benchmarks/DroidBench30/benchmark/apks/AndroidSpecific/PrivateDataLeak3.apk,AndroidSpecific,/home/asm140830/AndroidTA/AndroidTAEnvironment/configurations/config_DidFail.xml,True,False,48333,1.0,0.2727272727272727,0.42857142857142855,0.7575757575757576,0.3105590062111801,0.44052863436123346
/home/asm140830/AndroidTA/benchmarks/DroidBench30/benchmark/apks/AndroidSpecific/PublicAPIField1.apk,AndroidSpecific,/home/asm140830/AndroidTA/AndroidTAEnvironment/configurations/config_DidFail.xml,True,False,26581,1.0,0.2727272727272727,0.42857142857142855,0.7575757575757576,0.3105590062111801,0.44052863436123346
/home/asm140830/AndroidTA/benchmarks/DroidBench30/benchmark/apks/AndroidSpecific/PublicAPIField2.apk,AndroidSpecific,/home/asm140830/AndroidTA/AndroidTAEnvironment/configurations/config_DidFail.xml,True,False,18676,1.0,0.2727272727272727,0.42857142857142855,0.7575757575757576,0.3105590062111801,0.44052863436123346
/home/asm140830/AndroidTA/benchmarks/DroidBench30/benchmark/apks/AndroidSpecific/View1.apk,AndroidSpecific,/home/asm140830/AndroidTA/AndroidTAEnvironment/configurations/config_DidFail.xml,True,False,44281,1.0,0.2727272727272727,0.42857142857142855,0.7575757575757576,0.3105590062111801,0.44052863436123346
/home/asm140830/AndroidTA/benchmarks/DroidBench30/benchmark/apks/ArraysAndLists/ArrayAccess1.apk,ArraysAndLists,/home/asm140830/AndroidTA/AndroidTAEnvironment/configurations/config_DidFail.xml,False,True,44946,0.4,0.5,0.4444444444444444,0.7575757575757576,0.3105590062111801,0.44052863436123346
/home/asm140830/AndroidTA/benchmarks/DroidBench30/benchmark/apks/ArraysAndLists/ArrayAccess2.apk,ArraysAndLists,/home/asm140830/AndroidTA/AndroidTAEnvironment/configurations/config_DidFail.xml,False,False,42525,0.4,0.5,0.4444444444444444,0.7575757575757576,0.3105590062111801,0.44052863436123346
/home/asm140830/AndroidTA/benchmarks/DroidBench30/benchmark/apks/ArraysAndLists/ArrayAccess3.apk,ArraysAndLists,/home/asm140830/AndroidTA/AndroidTAEnvironment/configurations/config_DidFail.xml,True,False,46736,0.4,0.5,0.4444444444444444,0.7575757575757576,0.3105590062111801,0.44052863436123346
/home/asm140830/AndroidTA/benchmarks/DroidBench30/benchmark/apks/ArraysAndLists/ArrayAccess4.apk,ArraysAndLists,/home/asm140830/AndroidTA/AndroidTAEnvironment/configurations/config_DidFail.xml,False,True,45182,0.4,0.5,0.4444444444444444,0.7575757575757576,0.3105590062111801,0.44052863436123346
/home/asm140830/AndroidTA/benchmarks/DroidBench30/benchmark/apks/ArraysAndLists/ArrayAccess5.apk,ArraysAndLists,/home/asm140830/AndroidTA/AndroidTAEnvironment/configurations/config_DidFail.xml,False,True,43980,0.4,0.5,0.4444444444444444,0.7575757575757576,0.3105590062111801,0.44052863436123346
/home/asm140830/AndroidTA/benchmarks/DroidBench30/benchmark/apks/ArraysAndLists/ArrayCopy1.apk,ArraysAndLists,/home/asm140830/AndroidTA/AndroidTAEnvironment/configurations/config_DidFail.xml,True,True,25829,0.4,0.5,0.4444444444444444,0.7575757575757576,0.3105590062111801,0.44052863436123346
/home/asm140830/AndroidTA/benchmarks/DroidBench30/benchmark/apks/ArraysAndLists/ArrayToString1.apk,ArraysAndLists,/home/asm140830/AndroidTA/AndroidTAEnvironment/configurations/config_DidFail.xml,True,False,19532,0.4,0.5,0.4444444444444444,0.7575757575757576,0.3105590062111801,0.44052863436123346
/home/asm140830/AndroidTA/benchmarks/DroidBench30/benchmark/apks/ArraysAndLists/HashMapAccess1.apk,ArraysAndLists,/home/asm140830/AndroidTA/AndroidTAEnvironment/configurations/config_DidFail.xml,False,False,45267,0.4,0.5,0.4444444444444444,0.7575757575757576,0.3105590062111801,0.44052863436123346
/home/asm140830/AndroidTA/benchmarks/DroidBench30/benchmark/apks/ArraysAndLists/ListAccess1.apk,ArraysAndLists,/home/asm140830/AndroidTA/AndroidTAEnvironment/configurations/config_DidFail.xml,False,False,46415,0.4,0.5,0.4444444444444444,0.7575757575757576,0.3105590062111801,0.44052863436123346
/home/asm140830/AndroidTA/benchmarks/DroidBench30/benchmark/apks/ArraysAndLists/MultidimensionalArray1.apk,ArraysAndLists,/home/asm140830/AndroidTA/AndroidTAEnvironment/configurations/config_DidFail.xml,True,True,24907,0.4,0.5,0.4444444444444444,0.7575757575757576,0.3105590062111801,0.44052863436123346
/home/asm140830/AndroidTA/benchmarks/DroidBench30/benchmark/apks/Callbacks/AnonymousClass1.apk,Callbacks,/home/asm140830/AndroidTA/AndroidTAEnvironment/configurations/config_DidFail.xml,True,False,43683,0.8333333333333334,0.7142857142857143,0.7692307692307693,0.7575757575757576,0.3105590062111801,0.44052863436123346
/home/asm140830/AndroidTA/benchmarks/DroidBench30/benchmark/apks/Callbacks/Button1.apk,Callbacks,/home/asm140830/AndroidTA/AndroidTAEnvironment/configurations/config_DidFail.xml,True,False,46771,0.8333333333333334,0.7142857142857143,0.7692307692307693,0.7575757575757576,0.3105590062111801,0.44052863436123346
/home/asm140830/AndroidTA/benchmarks/DroidBench30/benchmark/apks/Callbacks/Button2.apk,Callbacks,/home/asm140830/AndroidTA/AndroidTAEnvironment/configurations/config_DidFail.xml,True,True,64886,0.8333333333333334,0.7142857142857143,0.7692307692307693,0.7575757575757576,0.3105590062111801,0.44052863436123346
/home/asm140830/AndroidTA/benchmarks/DroidBench30/benchmark/apks/Callbacks/Button2.apk,Callbacks,/home/asm140830/AndroidTA/AndroidTAEnvironment/configurations/config_DidFail.xml,True,True,63470,0.8333333333333334,0.7142857142857143,0.7692307692307693,0.7575757575757576,0.3105590062111801,0.44052863436123346
/home/asm140830/AndroidTA/benchmarks/DroidBench30/benchmark/apks/Callbacks/Button2.apk,Callbacks,/home/asm140830/AndroidTA/AndroidTAEnvironment/configurations/config_DidFail.xml,True,True,64216,0.8333333333333334,0.7142857142857143,0.7692307692307693,0.7575757575757576,0.3105590062111801,0.44052863436123346
/home/asm140830/AndroidTA/benchmarks/DroidBench30/benchmark/apks/Callbacks/Button2.apk,Callbacks,/home/asm140830/AndroidTA/AndroidTAEnvironment/configurations/config_DidFail.xml,False,False,64238,0.8333333333333334,0.7142857142857143,0.7692307692307693,0.7575757575757576,0.3105590062111801,0.44052863436123346
/home/asm140830/AndroidTA/benchmarks/DroidBench30/benchmark/apks/Callbacks/Button3.apk,Callbacks,/home/asm140830/AndroidTA/AndroidTAEnvironment/configurations/config_DidFail.xml,True,True,47970,0.8333333333333334,0.7142857142857143,0.7692307692307693,0.7575757575757576,0.3105590062111801,0.44052863436123346
/home/asm140830/AndroidTA/benchmarks/DroidBench30/benchmark/apks/Callbacks/Button4.apk,Callbacks,/home/asm140830/AndroidTA/AndroidTAEnvironment/configurations/config_DidFail.xml,True,False,43968,0.8333333333333334,0.7142857142857143,0.7692307692307693,0.7575757575757576,0.3105590062111801,0.44052863436123346
/home/asm140830/AndroidTA/benchmarks/DroidBench30/benchmark/apks/Callbacks/Button5.apk,Callbacks,/home/asm140830/AndroidTA/AndroidTAEnvironment/configurations/config_DidFail.xml,True,False,44000,0.8333333333333334,0.7142857142857143,0.7692307692307693,0.7575757575757576,0.3105590062111801,0.44052863436123346
/home/asm140830/AndroidTA/benchmarks/DroidBench30/benchmark/apks/Callbacks/LocationLeak1.apk,Callbacks,/home/asm140830/AndroidTA/AndroidTAEnvironment/configurations/config_DidFail.xml,True,True,44608,0.8333333333333334,0.7142857142857143,0.7692307692307693,0.7575757575757576,0.3105590062111801,0.44052863436123346
/home/asm140830/AndroidTA/benchmarks/DroidBench30/benchmark/apks/Callbacks/LocationLeak2.apk,Callbacks,/home/asm140830/AndroidTA/AndroidTAEnvironment/configurations/config_DidFail.xml,True,True,44571,0.8333333333333334,0.7142857142857143,0.7692307692307693,0.7575757575757576,0.3105590062111801,0.44052863436123346
/home/asm140830/AndroidTA/benchmarks/DroidBench30/benchmark/apks/Callbacks/LocationLeak3.apk,Callbacks,/home/asm140830/AndroidTA/AndroidTAEnvironment/configurations/config_DidFail.xml,True,True,45788,0.8333333333333334,0.7142857142857143,0.7692307692307693,0.7575757575757576,0.3105590062111801,0.44052863436123346
/home/asm140830/AndroidTA/benchmarks/DroidBench30/benchmark/apks/Callbacks/MethodOverride1.apk,Callbacks,/home/asm140830/AndroidTA/AndroidTAEnvironment/configurations/config_DidFail.xml,True,True,46434,0.8333333333333334,0.7142857142857143,0.7692307692307693,0.7575757575757576,0.3105590062111801,0.44052863436123346
/home/asm140830/AndroidTA/benchmarks/DroidBench30/benchmark/apks/Callbacks/MultiHandlers1.apk,Callbacks,/home/asm140830/AndroidTA/AndroidTAEnvironment/configurations/config_DidFail.xml,False,True,53505,0.8333333333333334,0.7142857142857143,0.7692307692307693,0.7575757575757576,0.3105590062111801,0.44052863436123346
/home/asm140830/AndroidTA/benchmarks/DroidBench30/benchmark/apks/Callbacks/MultiHandlers1.apk,Callbacks,/home/asm140830/AndroidTA/AndroidTAEnvironment/configurations/config_DidFail.xml,False,True,55523,0.8333333333333334,0.7142857142857143,0.7692307692307693,0.7575757575757576,0.3105590062111801,0.44052863436123346
/home/asm140830/AndroidTA/benchmarks/DroidBench30/benchmark/apks/Callbacks/Ordering1.apk,Callbacks,/home/asm140830/AndroidTA/AndroidTAEnvironment/configurations/config_DidFail.xml,False,True,44257,0.8333333333333334,0.7142857142857143,0.7692307692307693,0.7575757575757576,0.3105590062111801,0.44052863436123346
/home/asm140830/AndroidTA/benchmarks/DroidBench30/benchmark/apks/Callbacks/RegisterGlobal1.apk,Callbacks,/home/asm140830/AndroidTA/AndroidTAEnvironment/configurations/config_DidFail.xml,True,True,43686,0.8333333333333334,0.7142857142857143,0.7692307692307693,0.7575757575757576,0.3105590062111801,0.44052863436123346
/home/asm140830/AndroidTA/benchmarks/DroidBench30/benchmark/apks/Callbacks/RegisterGlobal2.apk,Callbacks,/home/asm140830/AndroidTA/AndroidTAEnvironment/configurations/config_DidFail.xml,True,True,38227,0.8333333333333334,0.7142857142857143,0.7692307692307693,0.7575757575757576,0.3105590062111801,0.44052863436123346
/home/asm140830/AndroidTA/benchmarks/DroidBench30/benchmark/apks/Callbacks/Unregister1.apk,Callbacks,/home/asm140830/AndroidTA/AndroidTAEnvironment/configurations/config_DidFail.xml,False,False,41361,0.8333333333333334,0.7142857142857143,0.7692307692307693,0.7575757575757576,0.3105590062111801,0.44052863436123346
/home/asm140830/AndroidTA/benchmarks/DroidBench30/benchmark/apks/DynamicLoading/DynamicBoth1.apk,DynamicLoading,/home/asm140830/AndroidTA/AndroidTAEnvironment/configurations/config_DidFail.xml,True,False,19947,0.0,0.0,0,0.7575757575757576,0.3105590062111801,0.44052863436123346
/home/asm140830/AndroidTA/benchmarks/DroidBench30/benchmark/apks/DynamicLoading/DynamicSink1.apk,DynamicLoading,/home/asm140830/AndroidTA/AndroidTAEnvironment/configurations/config_DidFail.xml,True,False,18322,0.0,0.0,0,0.7575757575757576,0.3105590062111801,0.44052863436123346
/home/asm140830/AndroidTA/benchmarks/DroidBench30/benchmark/apks/DynamicLoading/DynamicSource1.apk,DynamicLoading,/home/asm140830/AndroidTA/AndroidTAEnvironment/configurations/config_DidFail.xml,True,False,26784,0.0,0.0,0,0.7575757575757576,0.3105590062111801,0.44052863436123346
/home/asm140830/AndroidTA/benchmarks/DroidBench30/benchmark/apks/EmulatorDetection/Battery1.apk,EmulatorDetection,/home/asm140830/AndroidTA/AndroidTAEnvironment/configurations/config_DidFail.xml,True,False,82755,0.0,0.0,0,0.7575757575757576,0.3105590062111801,0.44052863436123346
/home/asm140830/AndroidTA/benchmarks/DroidBench30/benchmark/apks/EmulatorDetection/Bluetooth1.apk,EmulatorDetection,/home/asm140830/AndroidTA/AndroidTAEnvironment/configurations/config_DidFail.xml,True,False,78274,0.0,0.0,0,0.7575757575757576,0.3105590062111801,0.44052863436123346
/home/asm140830/AndroidTA/benchmarks/DroidBench30/benchmark/apks/EmulatorDetection/Build1.apk,EmulatorDetection,/home/asm140830/AndroidTA/AndroidTAEnvironment/configurations/config_DidFail.xml,True,False,87722,0.0,0.0,0,0.7575757575757576,0.3105590062111801,0.44052863436123346
/home/asm140830/AndroidTA/benchmarks/DroidBench30/benchmark/apks/EmulatorDetection/Contacts1.apk,EmulatorDetection,/home/asm140830/AndroidTA/AndroidTAEnvironment/configurations/config_DidFail.xml,True,False,86832,0.0,0.0,0,0.7575757575757576,0.3105590062111801,0.44052863436123346
/home/asm140830/AndroidTA/benchmarks/DroidBench30/benchmark/apks/EmulatorDetection/ContentProvider1.apk,EmulatorDetection,/home/asm140830/AndroidTA/AndroidTAEnvironment/configurations/config_DidFail.xml,True,False,85988,0.0,0.0,0,0.7575757575757576,0.3105590062111801,0.44052863436123346
/home/asm140830/AndroidTA/benchmarks/DroidBench30/benchmark/apks/EmulatorDetection/DeviceId1.apk,EmulatorDetection,/home/asm140830/AndroidTA/AndroidTAEnvironment/configurations/config_DidFail.xml,True,False,83124,0.0,0.0,0,0.7575757575757576,0.3105590062111801,0.44052863436123346
/home/asm140830/AndroidTA/benchmarks/DroidBench30/benchmark/apks/EmulatorDetection/File1.apk,EmulatorDetection,/home/asm140830/AndroidTA/AndroidTAEnvironment/configurations/config_DidFail.xml,True,False,80651,0.0,0.0,0,0.7575757575757576,0.3105590062111801,0.44052863436123346
/home/asm140830/AndroidTA/benchmarks/DroidBench30/benchmark/apks/EmulatorDetection/IMEI1.apk,EmulatorDetection,/home/asm140830/AndroidTA/AndroidTAEnvironment/configurations/config_DidFail.xml,True,False,69348,0.0,0.0,0,0.7575757575757576,0.3105590062111801,0.44052863436123346
/home/asm140830/AndroidTA/benchmarks/DroidBench30/benchmark/apks/EmulatorDetection/IP1.apk,EmulatorDetection,/home/asm140830/AndroidTA/AndroidTAEnvironment/configurations/config_DidFail.xml,True,False,75083,0.0,0.0,0,0.7575757575757576,0.3105590062111801,0.44052863436123346
/home/asm140830/AndroidTA/benchmarks/DroidBench30/benchmark/apks/EmulatorDetection/PI1.apk,EmulatorDetection,/home/asm140830/AndroidTA/AndroidTAEnvironment/configurations/config_DidFail.xml,True,False,72417,0.0,0.0,0,0.7575757575757576,0.3105590062111801,0.44052863436123346
/home/asm140830/AndroidTA/benchmarks/DroidBench30/benchmark/apks/EmulatorDetection/PlayStore1.apk,EmulatorDetection,/home/asm140830/AndroidTA/AndroidTAEnvironment/configurations/config_DidFail.xml,True,False,75472,0.0,0.0,0,0.7575757575757576,0.3105590062111801,0.44052863436123346
/home/asm140830/AndroidTA/benchmarks/DroidBench30/benchmark/apks/EmulatorDetection/PlayStore2.apk,EmulatorDetection,/home/asm140830/AndroidTA/AndroidTAEnvironment/configurations/config_DidFail.xml,True,False,601521,0.0,0.0,0,0.7575757575757576,0.3105590062111801,0.44052863436123346
/home/asm140830/AndroidTA/benchmarks/DroidBench30/benchmark/apks/EmulatorDetection/Sensors1.apk,EmulatorDetection,/home/asm140830/AndroidTA/AndroidTAEnvironment/configurations/config_DidFail.xml,True,False,70172,0.0,0.0,0,0.7575757575757576,0.3105590062111801,0.44052863436123346
/home/asm140830/AndroidTA/benchmarks/DroidBench30/benchmark/apks/EmulatorDetection/SubscriberId1.apk,EmulatorDetection,/home/asm140830/AndroidTA/AndroidTAEnvironment/configurations/config_DidFail.xml,True,False,73963,0.0,0.0,0,0.7575757575757576,0.3105590062111801,0.44052863436123346
/home/asm140830/AndroidTA/benchmarks/DroidBench30/benchmark/apks/EmulatorDetection/VoiceMail1.apk,EmulatorDetection,/home/asm140830/AndroidTA/AndroidTAEnvironment/configurations/config_DidFail.xml,True,False,71610,0.0,0.0,0,0.7575757575757576,0.3105590062111801,0.44052863436123346
/home/asm140830/AndroidTA/benchmarks/DroidBench30/benchmark/apks/FieldAndObjectSensitivity/FieldSensitivity1.apk,FieldAndObjectSensitivity,/home/asm140830/AndroidTA/AndroidTAEnvironment/configurations/config_DidFail.xml,False,False,34344,0.6666666666666666,1.0,0.8,0.7575757575757576,0.3105590062111801,0.44052863436123346
/home/asm140830/AndroidTA/benchmarks/DroidBench30/benchmark/apks/FieldAndObjectSensitivity/FieldSensitivity2.apk,FieldAndObjectSensitivity,/home/asm140830/AndroidTA/AndroidTAEnvironment/configurations/config_DidFail.xml,False,True,41005,0.6666666666666666,1.0,0.8,0.7575757575757576,0.3105590062111801,0.44052863436123346
/home/asm140830/AndroidTA/benchmarks/DroidBench30/benchmark/apks/FieldAndObjectSensitivity/FieldSensitivity3.apk,FieldAndObjectSensitivity,/home/asm140830/AndroidTA/AndroidTAEnvironment/configurations/config_DidFail.xml,True,True,37315,0.6666666666666666,1.0,0.8,0.7575757575757576,0.3105590062111801,0.44052863436123346
/home/asm140830/AndroidTA/benchmarks/DroidBench30/benchmark/apks/FieldAndObjectSensitivity/FieldSensitivity4.apk,FieldAndObjectSensitivity,/home/asm140830/AndroidTA/AndroidTAEnvironment/configurations/config_DidFail.xml,False,True,39656,0.6666666666666666,1.0,0.8,0.7575757575757576,0.3105590062111801,0.44052863436123346
/home/asm140830/AndroidTA/benchmarks/DroidBench30/benchmark/apks/FieldAndObjectSensitivity/InheritedObjects1.apk,FieldAndObjectSensitivity,/home/asm140830/AndroidTA/AndroidTAEnvironment/configurations/config_DidFail.xml,True,True,38731,0.6666666666666666,1.0,0.8,0.7575757575757576,0.3105590062111801,0.44052863436123346
/home/asm140830/AndroidTA/benchmarks/DroidBench30/benchmark/apks/FieldAndObjectSensitivity/ObjectSensitivity1.apk,FieldAndObjectSensitivity,/home/asm140830/AndroidTA/AndroidTAEnvironment/configurations/config_DidFail.xml,False,True,39017,0.6666666666666666,1.0,0.8,0.7575757575757576,0.3105590062111801,0.44052863436123346
/home/asm140830/AndroidTA/benchmarks/DroidBench30/benchmark/apks/FieldAndObjectSensitivity/ObjectSensitivity2.apk,FieldAndObjectSensitivity,/home/asm140830/AndroidTA/AndroidTAEnvironment/configurations/config_DidFail.xml,False,True,34062,0.6666666666666666,1.0,0.8,0.7575757575757576,0.3105590062111801,0.44052863436123346
/home/asm140830/AndroidTA/benchmarks/DroidBench30/benchmark/apks/GeneralJava/Clone1.apk,GeneralJava,/home/asm140830/AndroidTA/AndroidTAEnvironment/configurations/config_DidFail.xml,True,True,21413,0.7333333333333333,0.5238095238095238,0.6111111111111112,0.7575757575757576,0.3105590062111801,0.44052863436123346
/home/asm140830/AndroidTA/benchmarks/DroidBench30/benchmark/apks/GeneralJava/Exceptions1.apk,GeneralJava,/home/asm140830/AndroidTA/AndroidTAEnvironment/configurations/config_DidFail.xml,True,True,38460,0.7333333333333333,0.5238095238095238,0.6111111111111112,0.7575757575757576,0.3105590062111801,0.44052863436123346
/home/asm140830/AndroidTA/benchmarks/DroidBench30/benchmark/apks/GeneralJava/Exceptions2.apk,GeneralJava,/home/asm140830/AndroidTA/AndroidTAEnvironment/configurations/config_DidFail.xml,True,True,41050,0.7333333333333333,0.5238095238095238,0.6111111111111112,0.7575757575757576,0.3105590062111801,0.44052863436123346
/home/asm140830/AndroidTA/benchmarks/DroidBench30/benchmark/apks/GeneralJava/Exceptions3.apk,GeneralJava,/home/asm140830/AndroidTA/AndroidTAEnvironment/configurations/config_DidFail.xml,False,False,42812,0.7333333333333333,0.5238095238095238,0.6111111111111112,0.7575757575757576,0.3105590062111801,0.44052863436123346
/home/asm140830/AndroidTA/benchmarks/DroidBench30/benchmark/apks/GeneralJava/Exceptions4.apk,GeneralJava,/home/asm140830/AndroidTA/AndroidTAEnvironment/configurations/config_DidFail.xml,True,True,39343,0.7333333333333333,0.5238095238095238,0.6111111111111112,0.7575757575757576,0.3105590062111801,0.44052863436123346
/home/asm140830/AndroidTA/benchmarks/DroidBench30/benchmark/apks/GeneralJava/Exceptions5.apk,GeneralJava,/home/asm140830/AndroidTA/AndroidTAEnvironment/configurations/config_DidFail.xml,True,False,41594,0.7333333333333333,0.5238095238095238,0.6111111111111112,0.7575757575757576,0.3105590062111801,0.44052863436123346
/home/asm140830/AndroidTA/benchmarks/DroidBench30/benchmark/apks/GeneralJava/Exceptions6.apk,GeneralJava,/home/asm140830/AndroidTA/AndroidTAEnvironment/configurations/config_DidFail.xml,True,True,42212,0.7333333333333333,0.5238095238095238,0.6111111111111112,0.7575757575757576,0.3105590062111801,0.44052863436123346
/home/asm140830/AndroidTA/benchmarks/DroidBench30/benchmark/apks/GeneralJava/Exceptions7.apk,GeneralJava,/home/asm140830/AndroidTA/AndroidTAEnvironment/configurations/config_DidFail.xml,False,False,40476,0.7333333333333333,0.5238095238095238,0.6111111111111112,0.7575757575757576,0.3105590062111801,0.44052863436123346
/home/asm140830/AndroidTA/benchmarks/DroidBench30/benchmark/apks/GeneralJava/FactoryMethods1.apk,GeneralJava,/home/asm140830/AndroidTA/AndroidTAEnvironment/configurations/config_DidFail.xml,True,True,40159,0.7333333333333333,0.5238095238095238,0.6111111111111112,0.7575757575757576,0.3105590062111801,0.44052863436123346
/home/asm140830/AndroidTA/benchmarks/DroidBench30/benchmark/apks/GeneralJava/Loop1.apk,GeneralJava,/home/asm140830/AndroidTA/AndroidTAEnvironment/configurations/config_DidFail.xml,True,True,40138,0.7333333333333333,0.5238095238095238,0.6111111111111112,0.7575757575757576,0.3105590062111801,0.44052863436123346
/home/asm140830/AndroidTA/benchmarks/DroidBench30/benchmark/apks/GeneralJava/Loop2.apk,GeneralJava,/home/asm140830/AndroidTA/AndroidTAEnvironment/configurations/config_DidFail.xml,True,True,38742,0.7333333333333333,0.5238095238095238,0.6111111111111112,0.7575757575757576,0.3105590062111801,0.44052863436123346
/home/asm140830/AndroidTA/benchmarks/DroidBench30/benchmark/apks/GeneralJava/Serialization1.apk,GeneralJava,/home/asm140830/AndroidTA/AndroidTAEnvironment/configurations/config_DidFail.xml,True,False,15719,0.7333333333333333,0.5238095238095238,0.6111111111111112,0.7575757575757576,0.3105590062111801,0.44052863436123346
/home/asm140830/AndroidTA/benchmarks/DroidBench30/benchmark/apks/GeneralJava/SourceCodeSpecific1.apk,GeneralJava,/home/asm140830/AndroidTA/AndroidTAEnvironment/configurations/config_DidFail.xml,True,True,40474,0.7333333333333333,0.5238095238095238,0.6111111111111112,0.7575757575757576,0.3105590062111801,0.44052863436123346
/home/asm140830/AndroidTA/benchmarks/DroidBench30/benchmark/apks/GeneralJava/StartProcessWithSecret1.apk,GeneralJava,/home/asm140830/AndroidTA/AndroidTAEnvironment/configurations/config_DidFail.xml,True,False,20141,0.7333333333333333,0.5238095238095238,0.6111111111111112,0.7575757575757576,0.3105590062111801,0.44052863436123346
/home/asm140830/AndroidTA/benchmarks/DroidBench30/benchmark/apks/GeneralJava/StaticInitialization1.apk,GeneralJava,/home/asm140830/AndroidTA/AndroidTAEnvironment/configurations/config_DidFail.xml,True,False,38718,0.7333333333333333,0.5238095238095238,0.6111111111111112,0.7575757575757576,0.3105590062111801,0.44052863436123346
/home/asm140830/AndroidTA/benchmarks/DroidBench30/benchmark/apks/GeneralJava/StaticInitialization2.apk,GeneralJava,/home/asm140830/AndroidTA/AndroidTAEnvironment/configurations/config_DidFail.xml,True,False,42175,0.7333333333333333,0.5238095238095238,0.6111111111111112,0.7575757575757576,0.3105590062111801,0.44052863436123346
/home/asm140830/AndroidTA/benchmarks/DroidBench30/benchmark/apks/GeneralJava/StaticInitialization3.apk,GeneralJava,/home/asm140830/AndroidTA/AndroidTAEnvironment/configurations/config_DidFail.xml,True,False,15841,0.7333333333333333,0.5238095238095238,0.6111111111111112,0.7575757575757576,0.3105590062111801,0.44052863436123346
/home/asm140830/AndroidTA/benchmarks/DroidBench30/benchmark/apks/GeneralJava/StringFormatter1.apk,GeneralJava,/home/asm140830/AndroidTA/AndroidTAEnvironment/configurations/config_DidFail.xml,True,False,19516,0.7333333333333333,0.5238095238095238,0.6111111111111112,0.7575757575757576,0.3105590062111801,0.44052863436123346
/home/asm140830/AndroidTA/benchmarks/DroidBench30/benchmark/apks/GeneralJava/StringPatternMatching1.apk,GeneralJava,/home/asm140830/AndroidTA/AndroidTAEnvironment/configurations/config_DidFail.xml,True,False,16261,0.7333333333333333,0.5238095238095238,0.6111111111111112,0.7575757575757576,0.3105590062111801,0.44052863436123346
/home/asm140830/AndroidTA/benchmarks/DroidBench30/benchmark/apks/GeneralJava/StringToCharArray1.apk,GeneralJava,/home/asm140830/AndroidTA/AndroidTAEnvironment/configurations/config_DidFail.xml,True,False,17540,0.7333333333333333,0.5238095238095238,0.6111111111111112,0.7575757575757576,0.3105590062111801,0.44052863436123346
/home/asm140830/AndroidTA/benchmarks/DroidBench30/benchmark/apks/GeneralJava/StringToOutputStream1.apk,GeneralJava,/home/asm140830/AndroidTA/AndroidTAEnvironment/configurations/config_DidFail.xml,True,False,19123,0.7333333333333333,0.5238095238095238,0.6111111111111112,0.7575757575757576,0.3105590062111801,0.44052863436123346
/home/asm140830/AndroidTA/benchmarks/DroidBench30/benchmark/apks/GeneralJava/UnreachableCode.apk,GeneralJava,/home/asm140830/AndroidTA/AndroidTAEnvironment/configurations/config_DidFail.xml,False,True,37881,0.7333333333333333,0.5238095238095238,0.6111111111111112,0.7575757575757576,0.3105590062111801,0.44052863436123346
/home/asm140830/AndroidTA/benchmarks/DroidBench30/benchmark/apks/GeneralJava/VirtualDispatch1.apk,GeneralJava,/home/asm140830/AndroidTA/AndroidTAEnvironment/configurations/config_DidFail.xml,True,True,46401,0.7333333333333333,0.5238095238095238,0.6111111111111112,0.7575757575757576,0.3105590062111801,0.44052863436123346
/home/asm140830/AndroidTA/benchmarks/DroidBench30/benchmark/apks/GeneralJava/VirtualDispatch1.apk,GeneralJava,/home/asm140830/AndroidTA/AndroidTAEnvironment/configurations/config_DidFail.xml,False,False,47369,0.7333333333333333,0.5238095238095238,0.6111111111111112,0.7575757575757576,0.3105590062111801,0.44052863436123346
/home/asm140830/AndroidTA/benchmarks/DroidBench30/benchmark/apks/GeneralJava/VirtualDispatch2.apk,GeneralJava,/home/asm140830/AndroidTA/AndroidTAEnvironment/configurations/config_DidFail.xml,True,True,18937,0.7333333333333333,0.5238095238095238,0.6111111111111112,0.7575757575757576,0.3105590062111801,0.44052863436123346
/home/asm140830/AndroidTA/benchmarks/DroidBench30/benchmark/apks/GeneralJava/VirtualDispatch2.apk,GeneralJava,/home/asm140830/AndroidTA/AndroidTAEnvironment/configurations/config_DidFail.xml,False,False,15300,0.7333333333333333,0.5238095238095238,0.6111111111111112,0.7575757575757576,0.3105590062111801,0.44052863436123346
/home/asm140830/AndroidTA/benchmarks/DroidBench30/benchmark/apks/GeneralJava/VirtualDispatch3.apk,GeneralJava,/home/asm140830/AndroidTA/AndroidTAEnvironment/configurations/config_DidFail.xml,False,True,76389,0.7333333333333333,0.5238095238095238,0.6111111111111112,0.7575757575757576,0.3105590062111801,0.44052863436123346
/home/asm140830/AndroidTA/benchmarks/DroidBench30/benchmark/apks/GeneralJava/VirtualDispatch4.apk,GeneralJava,/home/asm140830/AndroidTA/AndroidTAEnvironment/configurations/config_DidFail.xml,False,True,72054,0.7333333333333333,0.5238095238095238,0.6111111111111112,0.7575757575757576,0.3105590062111801,0.44052863436123346
/home/asm140830/AndroidTA/benchmarks/DroidBench30/benchmark/apks/ImplicitFlows/ImplicitFlow1.apk,ImplicitFlows,/home/asm140830/AndroidTA/AndroidTAEnvironment/configurations/config_DidFail.xml,True,False,41359,0.0,0.0,0,0.7575757575757576,0.3105590062111801,0.44052863436123346
/home/asm140830/AndroidTA/benchmarks/DroidBench30/benchmark/apks/ImplicitFlows/ImplicitFlow6.apk,ImplicitFlows,/home/asm140830/AndroidTA/AndroidTAEnvironment/configurations/config_DidFail.xml,False,True,32743,0.0,0.0,0,0.7575757575757576,0.3105590062111801,0.44052863436123346
/home/asm140830/AndroidTA/benchmarks/DroidBench30/benchmark/apks/InterAppCommunication/Device_Id_leakage/DeviceId_Broadcast1.apk,InterAppCommunication,/home/asm140830/AndroidTA/AndroidTAEnvironment/configurations/config_DidFail.xml,True,False,178658,1.0,0.18181818181818182,0.3076923076923077,0.7575757575757576,0.3105590062111801,0.44052863436123346
/home/asm140830/AndroidTA/benchmarks/DroidBench30/benchmark/apks/InterAppCommunication/Device_Id_leakage/DeviceId_contentProvider1.apk,InterAppCommunication,/home/asm140830/AndroidTA/AndroidTAEnvironment/configurations/config_DidFail.xml,True,False,171626,1.0,0.18181818181818182,0.3076923076923077,0.7575757575757576,0.3105590062111801,0.44052863436123346
/home/asm140830/AndroidTA/benchmarks/DroidBench30/benchmark/apks/InterAppCommunication/Device_Id_leakage/DeviceId_OrderedIntent1.apk,InterAppCommunication,/home/asm140830/AndroidTA/AndroidTAEnvironment/configurations/config_DidFail.xml,True,False,177471,1.0,0.18181818181818182,0.3076923076923077,0.7575757575757576,0.3105590062111801,0.44052863436123346
/home/asm140830/AndroidTA/benchmarks/DroidBench30/benchmark/apks/InterAppCommunication/Device_Id_leakage/DeviceId_Service1.apk,InterAppCommunication,/home/asm140830/AndroidTA/AndroidTAEnvironment/configurations/config_DidFail.xml,True,False,168202,1.0,0.18181818181818182,0.3076923076923077,0.7575757575757576,0.3105590062111801,0.44052863436123346
/home/asm140830/AndroidTA/benchmarks/DroidBench30/benchmark/apks/InterAppCommunication/Location_leakage/Location1.apk,InterAppCommunication,/home/asm140830/AndroidTA/AndroidTAEnvironment/configurations/config_DidFail.xml,True,False,168043,1.0,0.18181818181818182,0.3076923076923077,0.7575757575757576,0.3105590062111801,0.44052863436123346
/home/asm140830/AndroidTA/benchmarks/DroidBench30/benchmark/apks/InterAppCommunication/Location_leakage/Location_Broadcast1.apk,InterAppCommunication,/home/asm140830/AndroidTA/AndroidTAEnvironment/configurations/config_DidFail.xml,True,False,193964,1.0,0.18181818181818182,0.3076923076923077,0.7575757575757576,0.3105590062111801,0.44052863436123346
/home/asm140830/AndroidTA/benchmarks/DroidBench30/benchmark/apks/InterAppCommunication/Location_leakage/Location_Service1.apk,InterAppCommunication,/home/asm140830/AndroidTA/AndroidTAEnvironment/configurations/config_DidFail.xml,True,False,141243,1.0,0.18181818181818182,0.3076923076923077,0.7575757575757576,0.3105590062111801,0.44052863436123346
/home/asm140830/AndroidTA/benchmarks/DroidBench30/benchmark/apks/InterAppCommunication/SendSMS.apk,InterAppCommunication,/home/asm140830/AndroidTA/AndroidTAEnvironment/configurations/config_DidFail.xml,True,False,193311,1.0,0.18181818181818182,0.3076923076923077,0.7575757575757576,0.3105590062111801,0.44052863436123346
/home/asm140830/AndroidTA/benchmarks/DroidBench30/benchmark/apks/InterAppCommunication/SendSMS.apk,InterAppCommunication,/home/asm140830/AndroidTA/AndroidTAEnvironment/configurations/config_DidFail.xml,True,True,106374,1.0,0.18181818181818182,0.3076923076923077,0.7575757575757576,0.3105590062111801,0.44052863436123346
/home/asm140830/AndroidTA/benchmarks/DroidBench30/benchmark/apks/InterAppCommunication/StartActivityForResult1.apk,InterAppCommunication,/home/asm140830/AndroidTA/AndroidTAEnvironment/configurations/config_DidFail.xml,True,False,206583,1.0,0.18181818181818182,0.3076923076923077,0.7575757575757576,0.3105590062111801,0.44052863436123346
/home/asm140830/AndroidTA/benchmarks/DroidBench30/benchmark/apks/InterAppCommunication/StartActivityForResult1.apk,InterAppCommunication,/home/asm140830/AndroidTA/AndroidTAEnvironment/configurations/config_DidFail.xml,True,True,110652,1.0,0.18181818181818182,0.3076923076923077,0.7575757575757576,0.3105590062111801,0.44052863436123346
/home/asm140830/AndroidTA/benchmarks/DroidBench30/benchmark/apks/InterComponentCommunication/ActivityCommunication1.apk,InterComponentCommunication,/home/asm140830/AndroidTA/AndroidTAEnvironment/configurations/config_DidFail.xml,True,False,42002,0.5714285714285714,0.36363636363636365,0.4444444444444444,0.7575757575757576,0.3105590062111801,0.44052863436123346
/home/asm140830/AndroidTA/benchmarks/DroidBench30/benchmark/apks/InterComponentCommunication/ActivityCommunication2.apk,InterComponentCommunication,/home/asm140830/AndroidTA/AndroidTAEnvironment/configurations/config_DidFail.xml,True,True,83108,0.5714285714285714,0.36363636363636365,0.4444444444444444,0.7575757575757576,0.3105590062111801,0.44052863436123346
/home/asm140830/AndroidTA/benchmarks/DroidBench30/benchmark/apks/InterComponentCommunication/ActivityCommunication2.apk,InterComponentCommunication,/home/asm140830/AndroidTA/AndroidTAEnvironment/configurations/config_DidFail.xml,False,False,82306,0.5714285714285714,0.36363636363636365,0.4444444444444444,0.7575757575757576,0.3105590062111801,0.44052863436123346
/home/asm140830/AndroidTA/benchmarks/DroidBench30/benchmark/apks/InterComponentCommunication/ActivityCommunication3.apk,InterComponentCommunication,/home/asm140830/AndroidTA/AndroidTAEnvironment/configurations/config_DidFail.xml,False,False,61662,0.5714285714285714,0.36363636363636365,0.4444444444444444,0.7575757575757576,0.3105590062111801,0.44052863436123346
/home/asm140830/AndroidTA/benchmarks/DroidBench30/benchmark/apks/InterComponentCommunication/ActivityCommunication3.apk,InterComponentCommunication,/home/asm140830/AndroidTA/AndroidTAEnvironment/configurations/config_DidFail.xml,True,True,61733,0.5714285714285714,0.36363636363636365,0.4444444444444444,0.7575757575757576,0.3105590062111801,0.44052863436123346
/home/asm140830/AndroidTA/benchmarks/DroidBench30/benchmark/apks/InterComponentCommunication/ActivityCommunication4.apk,InterComponentCommunication,/home/asm140830/AndroidTA/AndroidTAEnvironment/configurations/config_DidFail.xml,True,True,60963,0.5714285714285714,0.36363636363636365,0.4444444444444444,0.7575757575757576,0.3105590062111801,0.44052863436123346
/home/asm140830/AndroidTA/benchmarks/DroidBench30/benchmark/apks/InterComponentCommunication/ActivityCommunication4.apk,InterComponentCommunication,/home/asm140830/AndroidTA/AndroidTAEnvironment/configurations/config_DidFail.xml,False,False,63480,0.5714285714285714,0.36363636363636365,0.4444444444444444,0.7575757575757576,0.3105590062111801,0.44052863436123346
/home/asm140830/AndroidTA/benchmarks/DroidBench30/benchmark/apks/InterComponentCommunication/ActivityCommunication5.apk,InterComponentCommunication,/home/asm140830/AndroidTA/AndroidTAEnvironment/configurations/config_DidFail.xml,False,True,59567,0.5714285714285714,0.36363636363636365,0.4444444444444444,0.7575757575757576,0.3105590062111801,0.44052863436123346
/home/asm140830/AndroidTA/benchmarks/DroidBench30/benchmark/apks/InterComponentCommunication/ActivityCommunication5.apk,InterComponentCommunication,/home/asm140830/AndroidTA/AndroidTAEnvironment/configurations/config_DidFail.xml,True,False,63464,0.5714285714285714,0.36363636363636365,0.4444444444444444,0.7575757575757576,0.3105590062111801,0.44052863436123346
/home/asm140830/AndroidTA/benchmarks/DroidBench30/benchmark/apks/InterComponentCommunication/ActivityCommunication6.apk,InterComponentCommunication,/home/asm140830/AndroidTA/AndroidTAEnvironment/configurations/config_DidFail.xml,False,False,59578,0.5714285714285714,0.36363636363636365,0.4444444444444444,0.7575757575757576,0.3105590062111801,0.44052863436123346
/home/asm140830/AndroidTA/benchmarks/DroidBench30/benchmark/apks/InterComponentCommunication/ActivityCommunication6.apk,InterComponentCommunication,/home/asm140830/AndroidTA/AndroidTAEnvironment/configurations/config_DidFail.xml,True,True,61687,0.5714285714285714,0.36363636363636365,0.4444444444444444,0.7575757575757576,0.3105590062111801,0.44052863436123346
/home/asm140830/AndroidTA/benchmarks/DroidBench30/benchmark/apks/InterComponentCommunication/ActivityCommunication7.apk,InterComponentCommunication,/home/asm140830/AndroidTA/AndroidTAEnvironment/configurations/config_DidFail.xml,True,False,60947,0.5714285714285714,0.36363636363636365,0.4444444444444444,0.7575757575757576,0.3105590062111801,0.44052863436123346
/home/asm140830/AndroidTA/benchmarks/DroidBench30/benchmark/apks/InterComponentCommunication/ActivityCommunication7.apk,InterComponentCommunication,/home/asm140830/AndroidTA/AndroidTAEnvironment/configurations/config_DidFail.xml,False,True,59928,0.5714285714285714,0.36363636363636365,0.4444444444444444,0.7575757575757576,0.3105590062111801,0.44052863436123346
/home/asm140830/AndroidTA/benchmarks/DroidBench30/benchmark/apks/InterComponentCommunication/ActivityCommunication8.apk,InterComponentCommunication,/home/asm140830/AndroidTA/AndroidTAEnvironment/configurations/config_DidFail.xml,True,True,62057,0.5714285714285714,0.36363636363636365,0.4444444444444444,0.7575757575757576,0.3105590062111801,0.44052863436123346
/home/asm140830/AndroidTA/benchmarks/DroidBench30/benchmark/apks/InterComponentCommunication/ActivityCommunication8.apk,InterComponentCommunication,/home/asm140830/AndroidTA/AndroidTAEnvironment/configurations/config_DidFail.xml,False,False,62405,0.5714285714285714,0.36363636363636365,0.4444444444444444,0.7575757575757576,0.3105590062111801,0.44052863436123346
/home/asm140830/AndroidTA/benchmarks/DroidBench30/benchmark/apks/InterComponentCommunication/BroadcastTaintAndLeak1.apk,InterComponentCommunication,/home/asm140830/AndroidTA/AndroidTAEnvironment/configurations/config_DidFail.xml,True,False,16782,0.5714285714285714,0.36363636363636365,0.4444444444444444,0.7575757575757576,0.3105590062111801,0.44052863436123346
/home/asm140830/AndroidTA/benchmarks/DroidBench30/benchmark/apks/InterComponentCommunication/ComponentNotInManifest1.apk,InterComponentCommunication,/home/asm140830/AndroidTA/AndroidTAEnvironment/configurations/config_DidFail.xml,False,True,61335,0.5714285714285714,0.36363636363636365,0.4444444444444444,0.7575757575757576,0.3105590062111801,0.44052863436123346
/home/asm140830/AndroidTA/benchmarks/DroidBench30/benchmark/apks/InterComponentCommunication/ComponentNotInManifest1.apk,InterComponentCommunication,/home/asm140830/AndroidTA/AndroidTAEnvironment/configurations/config_DidFail.xml,True,False,57186,0.5714285714285714,0.36363636363636365,0.4444444444444444,0.7575757575757576,0.3105590062111801,0.44052863436123346
/home/asm140830/AndroidTA/benchmarks/DroidBench30/benchmark/apks/InterComponentCommunication/EventOrdering1.apk,InterComponentCommunication,/home/asm140830/AndroidTA/AndroidTAEnvironment/configurations/config_DidFail.xml,False,True,82682,0.5714285714285714,0.36363636363636365,0.4444444444444444,0.7575757575757576,0.3105590062111801,0.44052863436123346
/home/asm140830/AndroidTA/benchmarks/DroidBench30/benchmark/apks/InterComponentCommunication/EventOrdering1.apk,InterComponentCommunication,/home/asm140830/AndroidTA/AndroidTAEnvironment/configurations/config_DidFail.xml,True,False,81098,0.5714285714285714,0.36363636363636365,0.4444444444444444,0.7575757575757576,0.3105590062111801,0.44052863436123346
/home/asm140830/AndroidTA/benchmarks/DroidBench30/benchmark/apks/InterComponentCommunication/IntentSink1.apk,InterComponentCommunication,/home/asm140830/AndroidTA/AndroidTAEnvironment/configurations/config_DidFail.xml,True,False,39563,0.5714285714285714,0.36363636363636365,0.4444444444444444,0.7575757575757576,0.3105590062111801,0.44052863436123346
/home/asm140830/AndroidTA/benchmarks/DroidBench30/benchmark/apks/InterComponentCommunication/IntentSink2.apk,InterComponentCommunication,/home/asm140830/AndroidTA/AndroidTAEnvironment/configurations/config_DidFail.xml,True,False,40455,0.5714285714285714,0.36363636363636365,0.4444444444444444,0.7575757575757576,0.3105590062111801,0.44052863436123346
/home/asm140830/AndroidTA/benchmarks/DroidBench30/benchmark/apks/InterComponentCommunication/IntentSource1.apk,InterComponentCommunication,/home/asm140830/AndroidTA/AndroidTAEnvironment/configurations/config_DidFail.xml,True,False,46128,0.5714285714285714,0.36363636363636365,0.4444444444444444,0.7575757575757576,0.3105590062111801,0.44052863436123346
/home/asm140830/AndroidTA/benchmarks/DroidBench30/benchmark/apks/InterComponentCommunication/ServiceCommunication1.apk,InterComponentCommunication,/home/asm140830/AndroidTA/AndroidTAEnvironment/configurations/config_DidFail.xml,True,False,18927,0.5714285714285714,0.36363636363636365,0.4444444444444444,0.7575757575757576,0.3105590062111801,0.44052863436123346
/home/asm140830/AndroidTA/benchmarks/DroidBench30/benchmark/apks/InterComponentCommunication/SharedPreferences1.apk,InterComponentCommunication,/home/asm140830/AndroidTA/AndroidTAEnvironment/configurations/config_DidFail.xml,True,False,17977,0.5714285714285714,0.36363636363636365,0.4444444444444444,0.7575757575757576,0.3105590062111801,0.44052863436123346
/home/asm140830/AndroidTA/benchmarks/DroidBench30/benchmark/apks/InterComponentCommunication/Singletons1.apk,InterComponentCommunication,/home/asm140830/AndroidTA/AndroidTAEnvironment/configurations/config_DidFail.xml,True,False,20759,0.5714285714285714,0.36363636363636365,0.4444444444444444,0.7575757575757576,0.3105590062111801,0.44052863436123346
/home/asm140830/AndroidTA/benchmarks/DroidBench30/benchmark/apks/InterComponentCommunication/UnresolvableIntent1.apk,InterComponentCommunication,/home/asm140830/AndroidTA/AndroidTAEnvironment/configurations/config_DidFail.xml,True,True,58872,0.5714285714285714,0.36363636363636365,0.4444444444444444,0.7575757575757576,0.3105590062111801,0.44052863436123346
/home/asm140830/AndroidTA/benchmarks/DroidBench30/benchmark/apks/InterComponentCommunication/UnresolvableIntent1.apk,InterComponentCommunication,/home/asm140830/AndroidTA/AndroidTAEnvironment/configurations/config_DidFail.xml,True,True,64182,0.5714285714285714,0.36363636363636365,0.4444444444444444,0.7575757575757576,0.3105590062111801,0.44052863436123346
/home/asm140830/AndroidTA/benchmarks/DroidBench30/benchmark/apks/Lifecycle/ActivityEventSequence1.apk,Lifecycle,/home/asm140830/AndroidTA/AndroidTAEnvironment/configurations/config_DidFail.xml,True,False,41631,1.0,0.2608695652173913,0.41379310344827586,0.7575757575757576,0.3105590062111801,0.44052863436123346
/home/asm140830/AndroidTA/benchmarks/DroidBench30/benchmark/apks/Lifecycle/ActivityEventSequence2.apk,Lifecycle,/home/asm140830/AndroidTA/AndroidTAEnvironment/configurations/config_DidFail.xml,True,False,40714,1.0,0.2608695652173913,0.41379310344827586,0.7575757575757576,0.3105590062111801,0.44052863436123346
/home/asm140830/AndroidTA/benchmarks/DroidBench30/benchmark/apks/Lifecycle/ActivityEventSequence3.apk,Lifecycle,/home/asm140830/AndroidTA/AndroidTAEnvironment/configurations/config_DidFail.xml,True,False,39279,1.0,0.2608695652173913,0.41379310344827586,0.7575757575757576,0.3105590062111801,0.44052863436123346
/home/asm140830/AndroidTA/benchmarks/DroidBench30/benchmark/apks/Lifecycle/ActivityLifecycle1.apk,Lifecycle,/home/asm140830/AndroidTA/AndroidTAEnvironment/configurations/config_DidFail.xml,True,False,42181,1.0,0.2608695652173913,0.41379310344827586,0.7575757575757576,0.3105590062111801,0.44052863436123346
/home/asm140830/AndroidTA/benchmarks/DroidBench30/benchmark/apks/Lifecycle/ActivityLifecycle2.apk,Lifecycle,/home/asm140830/AndroidTA/AndroidTAEnvironment/configurations/config_DidFail.xml,True,False,41587,1.0,0.2608695652173913,0.41379310344827586,0.7575757575757576,0.3105590062111801,0.44052863436123346
/home/asm140830/AndroidTA/benchmarks/DroidBench30/benchmark/apks/Lifecycle/ActivityLifecycle3.apk,Lifecycle,/home/asm140830/AndroidTA/AndroidTAEnvironment/configurations/config_DidFail.xml,True,True,41010,1.0,0.2608695652173913,0.41379310344827586,0.7575757575757576,0.3105590062111801,0.44052863436123346
/home/asm140830/AndroidTA/benchmarks/DroidBench30/benchmark/apks/Lifecycle/ActivityLifecycle4.apk,Lifecycle,/home/asm140830/AndroidTA/AndroidTAEnvironment/configurations/config_DidFail.xml,True,False,38837,1.0,0.2608695652173913,0.41379310344827586,0.7575757575757576,0.3105590062111801,0.44052863436123346
/home/asm140830/AndroidTA/benchmarks/DroidBench30/benchmark/apks/Lifecycle/ActivitySavedState1.apk,Lifecycle,/home/asm140830/AndroidTA/AndroidTAEnvironment/configurations/config_DidFail.xml,True,False,20775,1.0,0.2608695652173913,0.41379310344827586,0.7575757575757576,0.3105590062111801,0.44052863436123346
/home/asm140830/AndroidTA/benchmarks/DroidBench30/benchmark/apks/Lifecycle/ApplicationLifecycle1.apk,Lifecycle,/home/asm140830/AndroidTA/AndroidTAEnvironment/configurations/config_DidFail.xml,True,False,38774,1.0,0.2608695652173913,0.41379310344827586,0.7575757575757576,0.3105590062111801,0.44052863436123346
/home/asm140830/AndroidTA/benchmarks/DroidBench30/benchmark/apks/Lifecycle/ApplicationLifecycle2.apk,Lifecycle,/home/asm140830/AndroidTA/AndroidTAEnvironment/configurations/config_DidFail.xml,True,True,38728,1.0,0.2608695652173913,0.41379310344827586,0.7575757575757576,0.3105590062111801,0.44052863436123346
/home/asm140830/AndroidTA/benchmarks/DroidBench30/benchmark/apks/Lifecycle/ApplicationLifecycle3.apk,Lifecycle,/home/asm140830/AndroidTA/AndroidTAEnvironment/configurations/config_DidFail.xml,True,False,40146,1.0,0.2608695652173913,0.41379310344827586,0.7575757575757576,0.3105590062111801,0.44052863436123346
/home/asm140830/AndroidTA/benchmarks/DroidBench30/benchmark/apks/Lifecycle/AsynchronousEventOrdering1.apk,Lifecycle,/home/asm140830/AndroidTA/AndroidTAEnvironment/configurations/config_DidFail.xml,True,False,17375,1.0,0.2608695652173913,0.41379310344827586,0.7575757575757576,0.3105590062111801,0.44052863436123346
/home/asm140830/AndroidTA/benchmarks/DroidBench30/benchmark/apks/Lifecycle/BroadcastReceiverLifecycle1.apk,Lifecycle,/home/asm140830/AndroidTA/AndroidTAEnvironment/configurations/config_DidFail.xml,True,True,39021,1.0,0.2608695652173913,0.41379310344827586,0.7575757575757576,0.3105590062111801,0.44052863436123346
/home/asm140830/AndroidTA/benchmarks/DroidBench30/benchmark/apks/Lifecycle/BroadcastReceiverLifecycle2.apk,Lifecycle,/home/asm140830/AndroidTA/AndroidTAEnvironment/configurations/config_DidFail.xml,True,False,52468,1.0,0.2608695652173913,0.41379310344827586,0.7575757575757576,0.3105590062111801,0.44052863436123346
/home/asm140830/AndroidTA/benchmarks/DroidBench30/benchmark/apks/Lifecycle/BroadcastReceiverLifecycle3.apk,Lifecycle,/home/asm140830/AndroidTA/AndroidTAEnvironment/configurations/config_DidFail.xml,True,False,49904,1.0,0.2608695652173913,0.41379310344827586,0.7575757575757576,0.3105590062111801,0.44052863436123346
/home/asm140830/AndroidTA/benchmarks/DroidBench30/benchmark/apks/InterComponentCommunication/EventOrdering1.apk,InterComponentCommunication,/home/asm140830/AndroidTA/AndroidTAEnvironment/configurations/config_DidFail.xml,False,True,84767,0.5714285714285714,0.36363636363636365,0.4444444444444444,0.7575757575757576,0.3105590062111801,0.44052863436123346
/home/asm140830/AndroidTA/benchmarks/DroidBench30/benchmark/apks/InterComponentCommunication/EventOrdering1.apk,InterComponentCommunication,/home/asm140830/AndroidTA/AndroidTAEnvironment/configurations/config_DidFail.xml,True,False,82347,0.5714285714285714,0.36363636363636365,0.4444444444444444,0.7575757575757576,0.3105590062111801,0.44052863436123346
/home/asm140830/AndroidTA/benchmarks/DroidBench30/benchmark/apks/Lifecycle/FragmentLifecycle1.apk,Lifecycle,/home/asm140830/AndroidTA/AndroidTAEnvironment/configurations/config_DidFail.xml,True,False,49634,1.0,0.2608695652173913,0.41379310344827586,0.7575757575757576,0.3105590062111801,0.44052863436123346
/home/asm140830/AndroidTA/benchmarks/DroidBench30/benchmark/apks/Lifecycle/FragmentLifecycle2.apk,Lifecycle,/home/asm140830/AndroidTA/AndroidTAEnvironment/configurations/config_DidFail.xml,True,False,36758,1.0,0.2608695652173913,0.41379310344827586,0.7575757575757576,0.3105590062111801,0.44052863436123346
/home/asm140830/AndroidTA/benchmarks/DroidBench30/benchmark/apks/Lifecycle/ServiceEventSequence1.apk,Lifecycle,/home/asm140830/AndroidTA/AndroidTAEnvironment/configurations/config_DidFail.xml,True,False,53800,1.0,0.2608695652173913,0.41379310344827586,0.7575757575757576,0.3105590062111801,0.44052863436123346
/home/asm140830/AndroidTA/benchmarks/DroidBench30/benchmark/apks/Lifecycle/ServiceEventSequence2.apk,Lifecycle,/home/asm140830/AndroidTA/AndroidTAEnvironment/configurations/config_DidFail.xml,True,True,49548,1.0,0.2608695652173913,0.41379310344827586,0.7575757575757576,0.3105590062111801,0.44052863436123346
/home/asm140830/AndroidTA/benchmarks/DroidBench30/benchmark/apks/Lifecycle/ServiceEventSequence3.apk,Lifecycle,/home/asm140830/AndroidTA/AndroidTAEnvironment/configurations/config_DidFail.xml,True,True,51485,1.0,0.2608695652173913,0.41379310344827586,0.7575757575757576,0.3105590062111801,0.44052863436123346
/home/asm140830/AndroidTA/benchmarks/DroidBench30/benchmark/apks/Lifecycle/ServiceLifecycle1.apk,Lifecycle,/home/asm140830/AndroidTA/AndroidTAEnvironment/configurations/config_DidFail.xml,True,True,35676,1.0,0.2608695652173913,0.41379310344827586,0.7575757575757576,0.3105590062111801,0.44052863436123346
/home/asm140830/AndroidTA/benchmarks/DroidBench30/benchmark/apks/Lifecycle/ServiceLifecycle2.apk,Lifecycle,/home/asm140830/AndroidTA/AndroidTAEnvironment/configurations/config_DidFail.xml,True,False,17930,1.0,0.2608695652173913,0.41379310344827586,0.7575757575757576,0.3105590062111801,0.44052863436123346
/home/asm140830/AndroidTA/benchmarks/DroidBench30/benchmark/apks/Lifecycle/SharedPreferenceChanged1.apk,Lifecycle,/home/asm140830/AndroidTA/AndroidTAEnvironment/configurations/config_DidFail.xml,True,False,15116,1.0,0.2608695652173913,0.41379310344827586,0.7575757575757576,0.3105590062111801,0.44052863436123346
/home/asm140830/AndroidTA/benchmarks/DroidBench30/benchmark/apks/Native/JavaIDFunction.apk,Native,/home/asm140830/AndroidTA/AndroidTAEnvironment/configurations/config_DidFail.xml,True,False,37936,0.0,0.0,0,0.7575757575757576,0.3105590062111801,0.44052863436123346
/home/asm140830/AndroidTA/benchmarks/DroidBench30/benchmark/apks/Native/NativeIDFunction.apk,Native,/home/asm140830/AndroidTA/AndroidTAEnvironment/configurations/config_DidFail.xml,True,False,37114,0.0,0.0,0,0.7575757575757576,0.3105590062111801,0.44052863436123346
/home/asm140830/AndroidTA/benchmarks/DroidBench30/benchmark/apks/Native/SinkInNativeCode.apk,Native,/home/asm140830/AndroidTA/AndroidTAEnvironment/configurations/config_DidFail.xml,True,False,33309,0.0,0.0,0,0.7575757575757576,0.3105590062111801,0.44052863436123346
/home/asm140830/AndroidTA/benchmarks/DroidBench30/benchmark/apks/Native/SinkInNativeLibCode.apk,Native,/home/asm140830/AndroidTA/AndroidTAEnvironment/configurations/config_DidFail.xml,True,False,32760,0.0,0.0,0,0.7575757575757576,0.3105590062111801,0.44052863436123346
/home/asm140830/AndroidTA/benchmarks/DroidBench30/benchmark/apks/Native/SourceInNativeCode.apk,Native,/home/asm140830/AndroidTA/AndroidTAEnvironment/configurations/config_DidFail.xml,True,False,34110,0.0,0.0,0,0.7575757575757576,0.3105590062111801,0.44052863436123346
/home/asm140830/AndroidTA/benchmarks/DroidBench30/benchmark/apks/Reflection/Reflection1.apk,Reflection,/home/asm140830/AndroidTA/AndroidTAEnvironment/configurations/config_DidFail.xml,True,True,33642,1.0,0.1111111111111111,0.2,0.7575757575757576,0.3105590062111801,0.44052863436123346
/home/asm140830/AndroidTA/benchmarks/DroidBench30/benchmark/apks/Reflection/Reflection2.apk,Reflection,/home/asm140830/AndroidTA/AndroidTAEnvironment/configurations/config_DidFail.xml,True,False,32777,1.0,0.1111111111111111,0.2,0.7575757575757576,0.3105590062111801,0.44052863436123346
/home/asm140830/AndroidTA/benchmarks/DroidBench30/benchmark/apks/Reflection/Reflection3.apk,Reflection,/home/asm140830/AndroidTA/AndroidTAEnvironment/configurations/config_DidFail.xml,True,False,33797,1.0,0.1111111111111111,0.2,0.7575757575757576,0.3105590062111801,0.44052863436123346
/home/asm140830/AndroidTA/benchmarks/DroidBench30/benchmark/apks/Reflection/Reflection4.apk,Reflection,/home/asm140830/AndroidTA/AndroidTAEnvironment/configurations/config_DidFail.xml,True,False,31224,1.0,0.1111111111111111,0.2,0.7575757575757576,0.3105590062111801,0.44052863436123346
/home/asm140830/AndroidTA/benchmarks/DroidBench30/benchmark/apks/Reflection/Reflection5.apk,Reflection,/home/asm140830/AndroidTA/AndroidTAEnvironment/configurations/config_DidFail.xml,True,False,32252,1.0,0.1111111111111111,0.2,0.7575757575757576,0.3105590062111801,0.44052863436123346
/home/asm140830/AndroidTA/benchmarks/DroidBench30/benchmark/apks/Reflection/Reflection6.apk,Reflection,/home/asm140830/AndroidTA/AndroidTAEnvironment/configurations/config_DidFail.xml,True,False,16952,1.0,0.1111111111111111,0.2,0.7575757575757576,0.3105590062111801,0.44052863436123346
/home/asm140830/AndroidTA/benchmarks/DroidBench30/benchmark/apks/Reflection/Reflection7.apk,Reflection,/home/asm140830/AndroidTA/AndroidTAEnvironment/configurations/config_DidFail.xml,True,False,39580,1.0,0.1111111111111111,0.2,0.7575757575757576,0.3105590062111801,0.44052863436123346
/home/asm140830/AndroidTA/benchmarks/DroidBench30/benchmark/apks/Reflection/Reflection8.apk,Reflection,/home/asm140830/AndroidTA/AndroidTAEnvironment/configurations/config_DidFail.xml,True,False,38435,1.0,0.1111111111111111,0.2,0.7575757575757576,0.3105590062111801,0.44052863436123346
/home/asm140830/AndroidTA/benchmarks/DroidBench30/benchmark/apks/Reflection/Reflection9.apk,Reflection,/home/asm140830/AndroidTA/AndroidTAEnvironment/configurations/config_DidFail.xml,True,False,49875,1.0,0.1111111111111111,0.2,0.7575757575757576,0.3105590062111801,0.44052863436123346
/home/asm140830/AndroidTA/benchmarks/DroidBench30/benchmark/apks/InterComponentCommunication/ActivityCommunication2.apk,InterComponentCommunication,/home/asm140830/AndroidTA/AndroidTAEnvironment/configurations/config_DidFail.xml,True,True,84822,0.5714285714285714,0.36363636363636365,0.4444444444444444,0.7575757575757576,0.3105590062111801,0.44052863436123346
/home/asm140830/AndroidTA/benchmarks/DroidBench30/benchmark/apks/InterComponentCommunication/ActivityCommunication2.apk,InterComponentCommunication,/home/asm140830/AndroidTA/AndroidTAEnvironment/configurations/config_DidFail.xml,False,False,88957,0.5714285714285714,0.36363636363636365,0.4444444444444444,0.7575757575757576,0.3105590062111801,0.44052863436123346
/home/asm140830/AndroidTA/benchmarks/DroidBench30/benchmark/apks/Reflection_ICC/AllReflection.apk,Reflection_ICC,/home/asm140830/AndroidTA/AndroidTAEnvironment/configurations/config_DidFail.xml,True,False,38486,0.0,0.0,0,0.7575757575757576,0.3105590062111801,0.44052863436123346
/home/asm140830/AndroidTA/benchmarks/DroidBench30/benchmark/apks/Reflection_ICC/OnlyIntent.apk,Reflection_ICC,/home/asm140830/AndroidTA/AndroidTAEnvironment/configurations/config_DidFail.xml,True,False,40427,0.0,0.0,0,0.7575757575757576,0.3105590062111801,0.44052863436123346
/home/asm140830/AndroidTA/benchmarks/DroidBench30/benchmark/apks/Reflection_ICC/OnlyIntentReceive.apk,Reflection_ICC,/home/asm140830/AndroidTA/AndroidTAEnvironment/configurations/config_DidFail.xml,True,False,44026,0.0,0.0,0,0.7575757575757576,0.3105590062111801,0.44052863436123346
/home/asm140830/AndroidTA/benchmarks/DroidBench30/benchmark/apks/Reflection_ICC/OnlySMS.apk,Reflection_ICC,/home/asm140830/AndroidTA/AndroidTAEnvironment/configurations/config_DidFail.xml,True,False,42480,0.0,0.0,0,0.7575757575757576,0.3105590062111801,0.44052863436123346
/home/asm140830/AndroidTA/benchmarks/DroidBench30/benchmark/apks/Reflection_ICC/OnlyTelephony.apk,Reflection_ICC,/home/asm140830/AndroidTA/AndroidTAEnvironment/configurations/config_DidFail.xml,True,False,39860,0.0,0.0,0,0.7575757575757576,0.3105590062111801,0.44052863436123346
/home/asm140830/AndroidTA/benchmarks/DroidBench30/benchmark/apks/Reflection_ICC/OnlyTelephony_Dynamic.apk,Reflection_ICC,/home/asm140830/AndroidTA/AndroidTAEnvironment/configurations/config_DidFail.xml,True,False,40754,0.0,0.0,0,0.7575757575757576,0.3105590062111801,0.44052863436123346
/home/asm140830/AndroidTA/benchmarks/DroidBench30/benchmark/apks/Reflection_ICC/OnlyTelephony_Reverse.apk,Reflection_ICC,/home/asm140830/AndroidTA/AndroidTAEnvironment/configurations/config_DidFail.xml,True,False,42506,0.0,0.0,0,0.7575757575757576,0.3105590062111801,0.44052863436123346
/home/asm140830/AndroidTA/benchmarks/DroidBench30/benchmark/apks/Reflection_ICC/OnlyTelephony_Substring.apk,Reflection_ICC,/home/asm140830/AndroidTA/AndroidTAEnvironment/configurations/config_DidFail.xml,True,False,42813,0.0,0.0,0,0.7575757575757576,0.3105590062111801,0.44052863436123346
/home/asm140830/AndroidTA/benchmarks/DroidBench30/benchmark/apks/InterComponentCommunication/SharedPreferences1.apk,InterComponentCommunication,/home/asm140830/AndroidTA/AndroidTAEnvironment/configurations/config_DidFail.xml,True,False,18381,0.5714285714285714,0.36363636363636365,0.4444444444444444,0.7575757575757576,0.3105590062111801,0.44052863436123346
/home/asm140830/AndroidTA/benchmarks/DroidBench30/benchmark/apks/SelfModification/BytecodeTamper1.apk,SelfModification,/home/asm140830/AndroidTA/AndroidTAEnvironment/configurations/config_DidFail.xml,False,True,17006,0.0,0.0,0,0.7575757575757576,0.3105590062111801,0.44052863436123346
/home/asm140830/AndroidTA/benchmarks/DroidBench30/benchmark/apks/SelfModification/BytecodeTamper1.apk,SelfModification,/home/asm140830/AndroidTA/AndroidTAEnvironment/configurations/config_DidFail.xml,True,False,19538,0.0,0.0,0,0.7575757575757576,0.3105590062111801,0.44052863436123346
/home/asm140830/AndroidTA/benchmarks/DroidBench30/benchmark/apks/SelfModification/BytecodeTamper2.apk,SelfModification,/home/asm140830/AndroidTA/AndroidTAEnvironment/configurations/config_DidFail.xml,True,False,15835,0.0,0.0,0,0.7575757575757576,0.3105590062111801,0.44052863436123346
/home/asm140830/AndroidTA/benchmarks/DroidBench30/benchmark/apks/SelfModification/BytecodeTamper3.apk,SelfModification,/home/asm140830/AndroidTA/AndroidTAEnvironment/configurations/config_DidFail.xml,False,True,17772,0.0,0.0,0,0.7575757575757576,0.3105590062111801,0.44052863436123346
/home/asm140830/AndroidTA/benchmarks/DroidBench30/benchmark/apks/SelfModification/BytecodeTamper3.apk,SelfModification,/home/asm140830/AndroidTA/AndroidTAEnvironment/configurations/config_DidFail.xml,True,False,21836,0.0,0.0,0,0.7575757575757576,0.3105590062111801,0.44052863436123346
/home/asm140830/AndroidTA/benchmarks/DroidBench30/benchmark/apks/Threading/AsyncTask1.apk,Threading,/home/asm140830/AndroidTA/AndroidTAEnvironment/configurations/config_DidFail.xml,True,True,51165,1.0,0.5,0.6666666666666666,0.7575757575757576,0.3105590062111801,0.44052863436123346
/home/asm140830/AndroidTA/benchmarks/DroidBench30/benchmark/apks/Threading/Executor1.apk,Threading,/home/asm140830/AndroidTA/AndroidTAEnvironment/configurations/config_DidFail.xml,True,True,48654,1.0,0.5,0.6666666666666666,0.7575757575757576,0.3105590062111801,0.44052863436123346
/home/asm140830/AndroidTA/benchmarks/DroidBench30/benchmark/apks/Threading/JavaThread1.apk,Threading,/home/asm140830/AndroidTA/AndroidTAEnvironment/configurations/config_DidFail.xml,True,True,49936,1.0,0.5,0.6666666666666666,0.7575757575757576,0.3105590062111801,0.44052863436123346
/home/asm140830/AndroidTA/benchmarks/DroidBench30/benchmark/apks/Threading/JavaThread2.apk,Threading,/home/asm140830/AndroidTA/AndroidTAEnvironment/configurations/config_DidFail.xml,True,False,51468,1.0,0.5,0.6666666666666666,0.7575757575757576,0.3105590062111801,0.44052863436123346
/home/asm140830/AndroidTA/benchmarks/DroidBench30/benchmark/apks/Threading/Looper1.apk,Threading,/home/asm140830/AndroidTA/AndroidTAEnvironment/configurations/config_DidFail.xml,True,False,71981,1.0,0.5,0.6666666666666666,0.7575757575757576,0.3105590062111801,0.44052863436123346
/home/asm140830/AndroidTA/benchmarks/DroidBench30/benchmark/apks/Threading/TimerTask1.apk,Threading,/home/asm140830/AndroidTA/AndroidTAEnvironment/configurations/config_DidFail.xml,True,False,70509,1.0,0.5,0.6666666666666666,0.7575757575757576,0.3105590062111801,0.44052863436123346
/home/asm140830/AndroidTA/benchmarks/DroidBench30/benchmark/apks/UnreachableCode/SimpleUnreachable1.apk,UnreachableCode,/home/asm140830/AndroidTA/AndroidTAEnvironment/configurations/config_DidFail.xml,False,True,140165,1.0,1.0,1.0,0.7575757575757576,0.3105590062111801,0.44052863436123346
/home/asm140830/AndroidTA/benchmarks/DroidBench30/benchmark/apks/UnreachableCode/UnreachableBoth.apk,UnreachableCode,/home/asm140830/AndroidTA/AndroidTAEnvironment/configurations/config_DidFail.xml,True,True,19337,1.0,1.0,1.0,0.7575757575757576,0.3105590062111801,0.44052863436123346
/home/asm140830/AndroidTA/benchmarks/DroidBench30/benchmark/apks/UnreachableCode/UnreachableSink1.apk,UnreachableCode,/home/asm140830/AndroidTA/AndroidTAEnvironment/configurations/config_DidFail.xml,True,True,16083,1.0,1.0,1.0,0.7575757575757576,0.3105590062111801,0.44052863436123346
