file,config,num_matches,num_true,num_false,precision
anupam.acrylic_17.apk,0,0,0,0,0
anupam.acrylic_17.apk,1,0,0,0,0
anupam.acrylic_17.apk,2,0,0,0,0
anupam.acrylic_17.apk,3,0,0,0,0
anupam.acrylic_17.apk,4,0,0,0,0
anupam.acrylic_17.apk,5,0,0,0,0
anupam.acrylic_17.apk,6,0,0,0,0
anupam.acrylic_17.apk,7,0,0,0,0
anupam.acrylic_17.apk,8,2,0,2,0
anupam.acrylic_17.apk,9,0,0,0,0
anupam.acrylic_17.apk,10,0,0,0,0
anupam.acrylic_17.apk,11,2,0,2,0
anupam.acrylic_17.apk,12,0,0,0,0
anupam.acrylic_17.apk,13,0,0,0,0
anupam.acrylic_17.apk,14,0,0,0,0
anupam.acrylic_17.apk,15,0,0,0,0
anupam.acrylic_17.apk,16,0,0,0,0
anupam.acrylic_17.apk,17,0,0,0,0
anupam.acrylic_17.apk,18,0,0,0,0
anupam.acrylic_17.apk,19,0,0,0,0
anupam.acrylic_17.apk,20,0,0,0,0
anupam.acrylic_17.apk,21,0,0,0,0
anupam.acrylic_17.apk,22,0,0,0,0
anupam.acrylic_17.apk,23,20,0,20,0
anupam.acrylic_17.apk,24,4,0,4,0
anupam.acrylic_17.apk,25,0,0,0,0
anupam.acrylic_17.apk,26,0,0,0,0
anupam.acrylic_17.apk,27,0,0,0,0
anupam.acrylic_17.apk,28,0,0,0,0
anupam.acrylic_17.apk,29,0,0,0,0
anupam.acrylic_17.apk,30,20,0,20,0
anupam.acrylic_17.apk,31,0,0,0,0
anupam.acrylic_17.apk,32,0,0,0,0
anupam.acrylic_17.apk,33,0,0,0,0
anupam.acrylic_17.apk,34,0,0,0,0
anupam.acrylic_17.apk,35,0,0,0,0
anupam.acrylic_17.apk,36,0,0,0,0
anupam.acrylic_17.apk,37,0,0,0,0
anupam.acrylic_17.apk,38,0,0,0,0
anupam.acrylic_17.apk,39,0,0,0,0
anupam.acrylic_17.apk,40,0,0,0,0
anupam.acrylic_17.apk,41,0,0,0,0
anupam.acrylic_17.apk,42,0,0,0,0
anupam.acrylic_17.apk,43,0,0,0,0
anupam.acrylic_17.apk,44,8,0,8,0
anupam.acrylic_17.apk,45,0,0,0,0
anupam.acrylic_17.apk,46,0,0,0,0
anupam.acrylic_17.apk,47,0,0,0,0
anupam.acrylic_17.apk,48,0,0,0,0
anupam.acrylic_17.apk,49,0,0,0,0
anupam.acrylic_17.apk,50,0,0,0,0
anupam.acrylic_17.apk,51,0,0,0,0
anupam.acrylic_17.apk,52,0,0,0,0
anupam.acrylic_17.apk,53,7,0,7,0
anupam.acrylic_17.apk,54,0,0,0,0
anupam.acrylic_17.apk,55,0,0,0,0
anupam.acrylic_17.apk,56,0,0,0,0
anupam.acrylic_17.apk,57,0,0,0,0
anupam.acrylic_17.apk,58,16,0,16,0
anupam.acrylic_17.apk,59,10,0,10,0
anupam.acrylic_17.apk,60,0,0,0,0
anupam.acrylic_17.apk,61,0,0,0,0
anupam.acrylic_17.apk,62,0,0,0,0
anupam.acrylic_17.apk,63,0,0,0,0
anupam.acrylic_17.apk,64,0,0,0,0
anupam.acrylic_17.apk,65,0,0,0,0
anupam.acrylic_17.apk,66,11,0,11,0
anupam.acrylic_17.apk,67,0,0,0,0
anupam.acrylic_17.apk,68,0,0,0,0
anupam.acrylic_17.apk,69,0,0,0,0
anupam.acrylic_17.apk,70,0,0,0,0
anupam.acrylic_17.apk,71,0,0,0,0
anupam.acrylic_17.apk,72,4,0,4,0
anupam.acrylic_17.apk,73,9,0,9,0
anupam.acrylic_17.apk,74,4,0,4,0
anupam.acrylic_17.apk,75,6,0,6,0
anupam.acrylic_17.apk,76,0,0,0,0
com.angrydoughnuts.android.alarmclock_15.apk,0,0,0,0,0
com.angrydoughnuts.android.alarmclock_15.apk,1,0,0,0,0
com.angrydoughnuts.android.alarmclock_15.apk,2,0,0,0,0
com.angrydoughnuts.android.alarmclock_15.apk,3,0,0,0,0
com.angrydoughnuts.android.alarmclock_15.apk,4,0,0,0,0
com.angrydoughnuts.android.alarmclock_15.apk,5,0,0,0,0
com.angrydoughnuts.android.alarmclock_15.apk,6,0,0,0,0
com.angrydoughnuts.android.alarmclock_15.apk,7,0,0,0,0
com.angrydoughnuts.android.alarmclock_15.apk,8,0,0,0,0
com.angrydoughnuts.android.alarmclock_15.apk,9,0,0,0,0
com.angrydoughnuts.android.alarmclock_15.apk,10,0,0,0,0
com.angrydoughnuts.android.alarmclock_15.apk,11,0,0,0,0
com.angrydoughnuts.android.alarmclock_15.apk,12,0,0,0,0
com.angrydoughnuts.android.alarmclock_15.apk,13,0,0,0,0
com.angrydoughnuts.android.alarmclock_15.apk,14,0,0,0,0
com.angrydoughnuts.android.alarmclock_15.apk,15,0,0,0,0
com.angrydoughnuts.android.alarmclock_15.apk,16,0,0,0,0
com.angrydoughnuts.android.alarmclock_15.apk,17,0,0,0,0
com.angrydoughnuts.android.alarmclock_15.apk,18,0,0,0,0
com.angrydoughnuts.android.alarmclock_15.apk,19,0,0,0,0
com.angrydoughnuts.android.alarmclock_15.apk,20,0,0,0,0
com.angrydoughnuts.android.alarmclock_15.apk,21,0,0,0,0
com.angrydoughnuts.android.alarmclock_15.apk,22,0,0,0,0
com.angrydoughnuts.android.alarmclock_15.apk,23,0,0,0,0
com.angrydoughnuts.android.alarmclock_15.apk,24,1,0,0,0
com.angrydoughnuts.android.alarmclock_15.apk,25,0,0,0,0
com.angrydoughnuts.android.alarmclock_15.apk,26,0,0,0,0
com.angrydoughnuts.android.alarmclock_15.apk,27,0,0,0,0
com.angrydoughnuts.android.alarmclock_15.apk,28,0,0,0,0
com.angrydoughnuts.android.alarmclock_15.apk,29,0,0,0,0
com.angrydoughnuts.android.alarmclock_15.apk,30,32,0,23,0
com.angrydoughnuts.android.alarmclock_15.apk,31,0,0,0,0
com.angrydoughnuts.android.alarmclock_15.apk,32,0,0,0,0
com.angrydoughnuts.android.alarmclock_15.apk,33,0,0,0,0
com.angrydoughnuts.android.alarmclock_15.apk,34,0,0,0,0
com.angrydoughnuts.android.alarmclock_15.apk,35,0,0,0,0
com.angrydoughnuts.android.alarmclock_15.apk,36,0,0,0,0
com.angrydoughnuts.android.alarmclock_15.apk,37,0,0,0,0
com.angrydoughnuts.android.alarmclock_15.apk,38,0,0,0,0
com.angrydoughnuts.android.alarmclock_15.apk,39,0,0,0,0
com.angrydoughnuts.android.alarmclock_15.apk,40,36,0,21,0
com.angrydoughnuts.android.alarmclock_15.apk,41,0,0,0,0
com.angrydoughnuts.android.alarmclock_15.apk,42,0,0,0,0
com.angrydoughnuts.android.alarmclock_15.apk,43,0,0,0,0
com.angrydoughnuts.android.alarmclock_15.apk,44,0,0,0,0
com.angrydoughnuts.android.alarmclock_15.apk,45,0,0,0,0
com.angrydoughnuts.android.alarmclock_15.apk,46,0,0,0,0
com.angrydoughnuts.android.alarmclock_15.apk,47,0,0,0,0
com.angrydoughnuts.android.alarmclock_15.apk,48,0,0,0,0
com.angrydoughnuts.android.alarmclock_15.apk,49,0,0,0,0
com.angrydoughnuts.android.alarmclock_15.apk,50,0,0,0,0
com.angrydoughnuts.android.alarmclock_15.apk,51,0,0,0,0
com.angrydoughnuts.android.alarmclock_15.apk,52,0,0,0,0
com.angrydoughnuts.android.alarmclock_15.apk,53,0,0,0,0
com.angrydoughnuts.android.alarmclock_15.apk,54,0,0,0,0
com.angrydoughnuts.android.alarmclock_15.apk,55,0,0,0,0
com.angrydoughnuts.android.alarmclock_15.apk,56,0,0,0,0
com.angrydoughnuts.android.alarmclock_15.apk,57,0,0,0,0
com.angrydoughnuts.android.alarmclock_15.apk,58,0,0,0,0
com.angrydoughnuts.android.alarmclock_15.apk,59,30,0,22,0
com.angrydoughnuts.android.alarmclock_15.apk,60,0,0,0,0
com.angrydoughnuts.android.alarmclock_15.apk,61,0,0,0,0
com.angrydoughnuts.android.alarmclock_15.apk,62,0,0,0,0
com.angrydoughnuts.android.alarmclock_15.apk,63,0,0,0,0
com.angrydoughnuts.android.alarmclock_15.apk,64,0,0,0,0
com.angrydoughnuts.android.alarmclock_15.apk,65,0,0,0,0
com.angrydoughnuts.android.alarmclock_15.apk,66,0,0,0,0
com.angrydoughnuts.android.alarmclock_15.apk,67,0,0,0,0
com.angrydoughnuts.android.alarmclock_15.apk,68,0,0,0,0
com.angrydoughnuts.android.alarmclock_15.apk,69,0,0,0,0
com.angrydoughnuts.android.alarmclock_15.apk,70,0,0,0,0
com.angrydoughnuts.android.alarmclock_15.apk,71,0,0,0,0
com.angrydoughnuts.android.alarmclock_15.apk,72,0,0,0,0
com.angrydoughnuts.android.alarmclock_15.apk,73,23,0,18,0
com.angrydoughnuts.android.alarmclock_15.apk,74,4,0,3,0
com.angrydoughnuts.android.alarmclock_15.apk,75,9,0,5,0
com.angrydoughnuts.android.alarmclock_15.apk,76,0,0,0,0
com.github.yeriomin.workoutlog_2.apk,0,0,0,0,0
com.github.yeriomin.workoutlog_2.apk,1,0,0,0,0
com.github.yeriomin.workoutlog_2.apk,2,0,0,0,0
com.github.yeriomin.workoutlog_2.apk,3,0,0,0,0
com.github.yeriomin.workoutlog_2.apk,4,0,0,0,0
com.github.yeriomin.workoutlog_2.apk,5,0,0,0,0
com.github.yeriomin.workoutlog_2.apk,6,0,0,0,0
com.github.yeriomin.workoutlog_2.apk,7,0,0,0,0
com.github.yeriomin.workoutlog_2.apk,8,2,0,2,0
com.github.yeriomin.workoutlog_2.apk,9,0,0,0,0
com.github.yeriomin.workoutlog_2.apk,10,0,0,0,0
com.github.yeriomin.workoutlog_2.apk,11,0,0,0,0
com.github.yeriomin.workoutlog_2.apk,12,0,0,0,0
com.github.yeriomin.workoutlog_2.apk,13,0,0,0,0
com.github.yeriomin.workoutlog_2.apk,14,12,0,12,0
com.github.yeriomin.workoutlog_2.apk,15,0,0,0,0
com.github.yeriomin.workoutlog_2.apk,16,0,0,0,0
com.github.yeriomin.workoutlog_2.apk,17,8,0,8,0
com.github.yeriomin.workoutlog_2.apk,18,0,0,0,0
com.github.yeriomin.workoutlog_2.apk,19,0,0,0,0
com.github.yeriomin.workoutlog_2.apk,20,12,0,12,0
com.github.yeriomin.workoutlog_2.apk,21,0,0,0,0
com.github.yeriomin.workoutlog_2.apk,22,0,0,0,0
com.github.yeriomin.workoutlog_2.apk,23,12,0,12,0
com.github.yeriomin.workoutlog_2.apk,24,8,0,8,0
com.github.yeriomin.workoutlog_2.apk,25,0,0,0,0
com.github.yeriomin.workoutlog_2.apk,26,10,0,10,0
com.github.yeriomin.workoutlog_2.apk,27,0,0,0,0
com.github.yeriomin.workoutlog_2.apk,28,0,0,0,0
com.github.yeriomin.workoutlog_2.apk,29,0,0,0,0
com.github.yeriomin.workoutlog_2.apk,30,8,0,8,0
com.github.yeriomin.workoutlog_2.apk,31,0,0,0,0
com.github.yeriomin.workoutlog_2.apk,32,0,0,0,0
com.github.yeriomin.workoutlog_2.apk,33,0,0,0,0
com.github.yeriomin.workoutlog_2.apk,34,0,0,0,0
com.github.yeriomin.workoutlog_2.apk,35,0,0,0,0
com.github.yeriomin.workoutlog_2.apk,36,0,0,0,0
com.github.yeriomin.workoutlog_2.apk,37,8,0,8,0
com.github.yeriomin.workoutlog_2.apk,38,0,0,0,0
com.github.yeriomin.workoutlog_2.apk,39,0,0,0,0
com.github.yeriomin.workoutlog_2.apk,40,12,0,12,0
com.github.yeriomin.workoutlog_2.apk,41,0,0,0,0
com.github.yeriomin.workoutlog_2.apk,42,0,0,0,0
com.github.yeriomin.workoutlog_2.apk,43,0,0,0,0
com.github.yeriomin.workoutlog_2.apk,44,8,0,8,0
com.github.yeriomin.workoutlog_2.apk,45,0,0,0,0
com.github.yeriomin.workoutlog_2.apk,46,0,0,0,0
com.github.yeriomin.workoutlog_2.apk,47,0,0,0,0
com.github.yeriomin.workoutlog_2.apk,48,0,0,0,0
com.github.yeriomin.workoutlog_2.apk,49,0,0,0,0
com.github.yeriomin.workoutlog_2.apk,50,0,0,0,0
com.github.yeriomin.workoutlog_2.apk,51,8,0,8,0
com.github.yeriomin.workoutlog_2.apk,52,0,0,0,0
com.github.yeriomin.workoutlog_2.apk,53,8,0,8,0
com.github.yeriomin.workoutlog_2.apk,54,0,0,0,0
com.github.yeriomin.workoutlog_2.apk,55,0,0,0,0
com.github.yeriomin.workoutlog_2.apk,56,0,0,0,0
com.github.yeriomin.workoutlog_2.apk,57,0,0,0,0
com.github.yeriomin.workoutlog_2.apk,58,10,0,10,0
com.github.yeriomin.workoutlog_2.apk,59,8,0,8,0
com.github.yeriomin.workoutlog_2.apk,60,0,0,0,0
com.github.yeriomin.workoutlog_2.apk,61,10,0,10,0
com.github.yeriomin.workoutlog_2.apk,62,0,0,0,0
com.github.yeriomin.workoutlog_2.apk,63,0,0,0,0
com.github.yeriomin.workoutlog_2.apk,64,0,0,0,0
com.github.yeriomin.workoutlog_2.apk,65,12,0,12,0
com.github.yeriomin.workoutlog_2.apk,66,12,0,12,0
com.github.yeriomin.workoutlog_2.apk,67,0,0,0,0
com.github.yeriomin.workoutlog_2.apk,68,0,0,0,0
com.github.yeriomin.workoutlog_2.apk,69,0,0,0,0
com.github.yeriomin.workoutlog_2.apk,70,0,0,0,0
com.github.yeriomin.workoutlog_2.apk,71,0,0,0,0
com.github.yeriomin.workoutlog_2.apk,72,11,0,11,0
com.github.yeriomin.workoutlog_2.apk,73,8,0,8,0
com.github.yeriomin.workoutlog_2.apk,74,8,0,8,0
com.github.yeriomin.workoutlog_2.apk,75,12,0,12,0
com.github.yeriomin.workoutlog_2.apk,76,0,0,0,0
com.gitlab.ardash.appleflinger.android_1005006.apk,0,0,0,0,0
com.gitlab.ardash.appleflinger.android_1005006.apk,1,0,0,0,0
com.gitlab.ardash.appleflinger.android_1005006.apk,2,0,0,0,0
com.gitlab.ardash.appleflinger.android_1005006.apk,3,0,0,0,0
com.gitlab.ardash.appleflinger.android_1005006.apk,4,0,0,0,0
com.gitlab.ardash.appleflinger.android_1005006.apk,5,0,0,0,0
com.gitlab.ardash.appleflinger.android_1005006.apk,6,0,0,0,0
com.gitlab.ardash.appleflinger.android_1005006.apk,7,0,0,0,0
com.gitlab.ardash.appleflinger.android_1005006.apk,8,0,0,0,0
com.gitlab.ardash.appleflinger.android_1005006.apk,9,0,0,0,0
com.gitlab.ardash.appleflinger.android_1005006.apk,10,0,0,0,0
com.gitlab.ardash.appleflinger.android_1005006.apk,11,0,0,0,0
com.gitlab.ardash.appleflinger.android_1005006.apk,12,0,0,0,0
com.gitlab.ardash.appleflinger.android_1005006.apk,13,0,0,0,0
com.gitlab.ardash.appleflinger.android_1005006.apk,14,0,0,0,0
com.gitlab.ardash.appleflinger.android_1005006.apk,15,0,0,0,0
com.gitlab.ardash.appleflinger.android_1005006.apk,16,0,0,0,0
com.gitlab.ardash.appleflinger.android_1005006.apk,17,0,0,0,0
com.gitlab.ardash.appleflinger.android_1005006.apk,18,0,0,0,0
com.gitlab.ardash.appleflinger.android_1005006.apk,19,0,0,0,0
com.gitlab.ardash.appleflinger.android_1005006.apk,20,0,0,0,0
com.gitlab.ardash.appleflinger.android_1005006.apk,21,0,0,0,0
com.gitlab.ardash.appleflinger.android_1005006.apk,22,0,0,0,0
com.gitlab.ardash.appleflinger.android_1005006.apk,23,0,0,0,0
com.gitlab.ardash.appleflinger.android_1005006.apk,24,0,0,0,0
com.gitlab.ardash.appleflinger.android_1005006.apk,25,0,0,0,0
com.gitlab.ardash.appleflinger.android_1005006.apk,26,0,0,0,0
com.gitlab.ardash.appleflinger.android_1005006.apk,27,0,0,0,0
com.gitlab.ardash.appleflinger.android_1005006.apk,28,0,0,0,0
com.gitlab.ardash.appleflinger.android_1005006.apk,29,0,0,0,0
com.gitlab.ardash.appleflinger.android_1005006.apk,30,0,0,0,0
com.gitlab.ardash.appleflinger.android_1005006.apk,31,0,0,0,0
com.gitlab.ardash.appleflinger.android_1005006.apk,32,0,0,0,0
com.gitlab.ardash.appleflinger.android_1005006.apk,33,0,0,0,0
com.gitlab.ardash.appleflinger.android_1005006.apk,34,0,0,0,0
com.gitlab.ardash.appleflinger.android_1005006.apk,35,0,0,0,0
com.gitlab.ardash.appleflinger.android_1005006.apk,36,0,0,0,0
com.gitlab.ardash.appleflinger.android_1005006.apk,37,0,0,0,0
com.gitlab.ardash.appleflinger.android_1005006.apk,38,0,0,0,0
com.gitlab.ardash.appleflinger.android_1005006.apk,39,0,0,0,0
com.gitlab.ardash.appleflinger.android_1005006.apk,40,0,0,0,0
com.gitlab.ardash.appleflinger.android_1005006.apk,41,0,0,0,0
com.gitlab.ardash.appleflinger.android_1005006.apk,42,0,0,0,0
com.gitlab.ardash.appleflinger.android_1005006.apk,43,0,0,0,0
com.gitlab.ardash.appleflinger.android_1005006.apk,44,0,0,0,0
com.gitlab.ardash.appleflinger.android_1005006.apk,45,0,0,0,0
com.gitlab.ardash.appleflinger.android_1005006.apk,46,0,0,0,0
com.gitlab.ardash.appleflinger.android_1005006.apk,47,0,0,0,0
com.gitlab.ardash.appleflinger.android_1005006.apk,48,0,0,0,0
com.gitlab.ardash.appleflinger.android_1005006.apk,49,0,0,0,0
com.gitlab.ardash.appleflinger.android_1005006.apk,50,0,0,0,0
com.gitlab.ardash.appleflinger.android_1005006.apk,51,0,0,0,0
com.gitlab.ardash.appleflinger.android_1005006.apk,52,0,0,0,0
com.gitlab.ardash.appleflinger.android_1005006.apk,53,0,0,0,0
com.gitlab.ardash.appleflinger.android_1005006.apk,54,0,0,0,0
com.gitlab.ardash.appleflinger.android_1005006.apk,55,0,0,0,0
com.gitlab.ardash.appleflinger.android_1005006.apk,56,0,0,0,0
com.gitlab.ardash.appleflinger.android_1005006.apk,57,0,0,0,0
com.gitlab.ardash.appleflinger.android_1005006.apk,58,0,0,0,0
com.gitlab.ardash.appleflinger.android_1005006.apk,59,0,0,0,0
com.gitlab.ardash.appleflinger.android_1005006.apk,60,0,0,0,0
com.gitlab.ardash.appleflinger.android_1005006.apk,61,0,0,0,0
com.gitlab.ardash.appleflinger.android_1005006.apk,62,0,0,0,0
com.gitlab.ardash.appleflinger.android_1005006.apk,63,0,0,0,0
com.gitlab.ardash.appleflinger.android_1005006.apk,64,0,0,0,0
com.gitlab.ardash.appleflinger.android_1005006.apk,65,0,0,0,0
com.gitlab.ardash.appleflinger.android_1005006.apk,66,0,0,0,0
com.gitlab.ardash.appleflinger.android_1005006.apk,67,0,0,0,0
com.gitlab.ardash.appleflinger.android_1005006.apk,68,0,0,0,0
com.gitlab.ardash.appleflinger.android_1005006.apk,69,0,0,0,0
com.gitlab.ardash.appleflinger.android_1005006.apk,70,0,0,0,0
com.gitlab.ardash.appleflinger.android_1005006.apk,71,0,0,0,0
com.gitlab.ardash.appleflinger.android_1005006.apk,72,0,0,0,0
com.gitlab.ardash.appleflinger.android_1005006.apk,73,0,0,0,0
com.gitlab.ardash.appleflinger.android_1005006.apk,74,0,0,0,0
com.gitlab.ardash.appleflinger.android_1005006.apk,75,0,0,0,0
com.gitlab.ardash.appleflinger.android_1005006.apk,76,0,0,0,0
com.miqote.shanawp_10.apk,0,0,0,0,0
com.miqote.shanawp_10.apk,1,0,0,0,0
com.miqote.shanawp_10.apk,2,0,0,0,0
com.miqote.shanawp_10.apk,3,0,0,0,0
com.miqote.shanawp_10.apk,4,0,0,0,0
com.miqote.shanawp_10.apk,5,0,0,0,0
com.miqote.shanawp_10.apk,6,0,0,0,0
com.miqote.shanawp_10.apk,7,0,0,0,0
com.miqote.shanawp_10.apk,8,0,0,0,0
com.miqote.shanawp_10.apk,9,0,0,0,0
com.miqote.shanawp_10.apk,10,0,0,0,0
com.miqote.shanawp_10.apk,11,0,0,0,0
com.miqote.shanawp_10.apk,12,0,0,0,0
com.miqote.shanawp_10.apk,13,0,0,0,0
com.miqote.shanawp_10.apk,14,0,0,0,0
com.miqote.shanawp_10.apk,15,0,0,0,0
com.miqote.shanawp_10.apk,16,0,0,0,0
com.miqote.shanawp_10.apk,17,0,0,0,0
com.miqote.shanawp_10.apk,18,0,0,0,0
com.miqote.shanawp_10.apk,19,0,0,0,0
com.miqote.shanawp_10.apk,20,0,0,0,0
com.miqote.shanawp_10.apk,21,0,0,0,0
com.miqote.shanawp_10.apk,22,0,0,0,0
com.miqote.shanawp_10.apk,23,0,0,0,0
com.miqote.shanawp_10.apk,24,0,0,0,0
com.miqote.shanawp_10.apk,25,0,0,0,0
com.miqote.shanawp_10.apk,26,0,0,0,0
com.miqote.shanawp_10.apk,27,0,0,0,0
com.miqote.shanawp_10.apk,28,0,0,0,0
com.miqote.shanawp_10.apk,29,0,0,0,0
com.miqote.shanawp_10.apk,30,0,0,0,0
com.miqote.shanawp_10.apk,31,0,0,0,0
com.miqote.shanawp_10.apk,32,0,0,0,0
com.miqote.shanawp_10.apk,33,0,0,0,0
com.miqote.shanawp_10.apk,34,0,0,0,0
com.miqote.shanawp_10.apk,35,0,0,0,0
com.miqote.shanawp_10.apk,36,0,0,0,0
com.miqote.shanawp_10.apk,37,0,0,0,0
com.miqote.shanawp_10.apk,38,0,0,0,0
com.miqote.shanawp_10.apk,39,0,0,0,0
com.miqote.shanawp_10.apk,40,0,0,0,0
com.miqote.shanawp_10.apk,41,0,0,0,0
com.miqote.shanawp_10.apk,42,0,0,0,0
com.miqote.shanawp_10.apk,43,0,0,0,0
com.miqote.shanawp_10.apk,44,0,0,0,0
com.miqote.shanawp_10.apk,45,0,0,0,0
com.miqote.shanawp_10.apk,46,0,0,0,0
com.miqote.shanawp_10.apk,47,0,0,0,0
com.miqote.shanawp_10.apk,48,0,0,0,0
com.miqote.shanawp_10.apk,49,0,0,0,0
com.miqote.shanawp_10.apk,50,0,0,0,0
com.miqote.shanawp_10.apk,51,0,0,0,0
com.miqote.shanawp_10.apk,52,0,0,0,0
com.miqote.shanawp_10.apk,53,0,0,0,0
com.miqote.shanawp_10.apk,54,0,0,0,0
com.miqote.shanawp_10.apk,55,0,0,0,0
com.miqote.shanawp_10.apk,56,0,0,0,0
com.miqote.shanawp_10.apk,57,0,0,0,0
com.miqote.shanawp_10.apk,58,0,0,0,0
com.miqote.shanawp_10.apk,59,0,0,0,0
com.miqote.shanawp_10.apk,60,0,0,0,0
com.miqote.shanawp_10.apk,61,0,0,0,0
com.miqote.shanawp_10.apk,62,0,0,0,0
com.miqote.shanawp_10.apk,63,0,0,0,0
com.miqote.shanawp_10.apk,64,0,0,0,0
com.miqote.shanawp_10.apk,65,0,0,0,0
com.miqote.shanawp_10.apk,66,0,0,0,0
com.miqote.shanawp_10.apk,67,0,0,0,0
com.miqote.shanawp_10.apk,68,0,0,0,0
com.miqote.shanawp_10.apk,69,0,0,0,0
com.miqote.shanawp_10.apk,70,0,0,0,0
com.miqote.shanawp_10.apk,71,0,0,0,0
com.miqote.shanawp_10.apk,72,0,0,0,0
com.miqote.shanawp_10.apk,73,0,0,0,0
com.miqote.shanawp_10.apk,74,0,0,0,0
com.miqote.shanawp_10.apk,75,0,0,0,0
com.miqote.shanawp_10.apk,76,0,0,0,0
com.notriddle.budget_44.apk,0,0,0,0,0
com.notriddle.budget_44.apk,1,0,0,0,0
com.notriddle.budget_44.apk,2,0,0,0,0
com.notriddle.budget_44.apk,3,0,0,0,0
com.notriddle.budget_44.apk,4,0,0,0,0
com.notriddle.budget_44.apk,5,0,0,0,0
com.notriddle.budget_44.apk,6,0,0,0,0
com.notriddle.budget_44.apk,7,0,0,0,0
com.notriddle.budget_44.apk,8,0,0,0,0
com.notriddle.budget_44.apk,9,0,0,0,0
com.notriddle.budget_44.apk,10,0,0,0,0
com.notriddle.budget_44.apk,11,0,0,0,0
com.notriddle.budget_44.apk,12,0,0,0,0
com.notriddle.budget_44.apk,13,0,0,0,0
com.notriddle.budget_44.apk,14,0,0,0,0
com.notriddle.budget_44.apk,15,0,0,0,0
com.notriddle.budget_44.apk,16,0,0,0,0
com.notriddle.budget_44.apk,17,0,0,0,0
com.notriddle.budget_44.apk,18,0,0,0,0
com.notriddle.budget_44.apk,19,0,0,0,0
com.notriddle.budget_44.apk,20,0,0,0,0
com.notriddle.budget_44.apk,21,0,0,0,0
com.notriddle.budget_44.apk,22,0,0,0,0
com.notriddle.budget_44.apk,23,0,0,0,0
com.notriddle.budget_44.apk,24,0,0,0,0
com.notriddle.budget_44.apk,25,0,0,0,0
com.notriddle.budget_44.apk,26,0,0,0,0
com.notriddle.budget_44.apk,27,0,0,0,0
com.notriddle.budget_44.apk,28,0,0,0,0
com.notriddle.budget_44.apk,29,0,0,0,0
com.notriddle.budget_44.apk,30,0,0,0,0
com.notriddle.budget_44.apk,31,0,0,0,0
com.notriddle.budget_44.apk,32,0,0,0,0
com.notriddle.budget_44.apk,33,0,0,0,0
com.notriddle.budget_44.apk,34,0,0,0,0
com.notriddle.budget_44.apk,35,0,0,0,0
com.notriddle.budget_44.apk,36,0,0,0,0
com.notriddle.budget_44.apk,37,0,0,0,0
com.notriddle.budget_44.apk,38,0,0,0,0
com.notriddle.budget_44.apk,39,0,0,0,0
com.notriddle.budget_44.apk,40,0,0,0,0
com.notriddle.budget_44.apk,41,0,0,0,0
com.notriddle.budget_44.apk,42,0,0,0,0
com.notriddle.budget_44.apk,43,0,0,0,0
com.notriddle.budget_44.apk,44,0,0,0,0
com.notriddle.budget_44.apk,45,0,0,0,0
com.notriddle.budget_44.apk,46,0,0,0,0
com.notriddle.budget_44.apk,47,0,0,0,0
com.notriddle.budget_44.apk,48,0,0,0,0
com.notriddle.budget_44.apk,49,0,0,0,0
com.notriddle.budget_44.apk,50,0,0,0,0
com.notriddle.budget_44.apk,51,0,0,0,0
com.notriddle.budget_44.apk,52,0,0,0,0
com.notriddle.budget_44.apk,53,0,0,0,0
com.notriddle.budget_44.apk,54,0,0,0,0
com.notriddle.budget_44.apk,55,0,0,0,0
com.notriddle.budget_44.apk,56,0,0,0,0
com.notriddle.budget_44.apk,57,0,0,0,0
com.notriddle.budget_44.apk,58,0,0,0,0
com.notriddle.budget_44.apk,59,0,0,0,0
com.notriddle.budget_44.apk,60,0,0,0,0
com.notriddle.budget_44.apk,61,0,0,0,0
com.notriddle.budget_44.apk,62,0,0,0,0
com.notriddle.budget_44.apk,63,0,0,0,0
com.notriddle.budget_44.apk,64,0,0,0,0
com.notriddle.budget_44.apk,65,0,0,0,0
com.notriddle.budget_44.apk,66,0,0,0,0
com.notriddle.budget_44.apk,67,0,0,0,0
com.notriddle.budget_44.apk,68,0,0,0,0
com.notriddle.budget_44.apk,69,0,0,0,0
com.notriddle.budget_44.apk,70,0,0,0,0
com.notriddle.budget_44.apk,71,0,0,0,0
com.notriddle.budget_44.apk,72,0,0,0,0
com.notriddle.budget_44.apk,73,0,0,0,0
com.notriddle.budget_44.apk,74,0,0,0,0
com.notriddle.budget_44.apk,75,0,0,0,0
com.notriddle.budget_44.apk,76,0,0,0,0
com.nutomic.ensichat_17.apk,0,0,0,0,0
com.nutomic.ensichat_17.apk,1,0,0,0,0
com.nutomic.ensichat_17.apk,2,0,0,0,0
com.nutomic.ensichat_17.apk,3,0,0,0,0
com.nutomic.ensichat_17.apk,4,0,0,0,0
com.nutomic.ensichat_17.apk,5,0,0,0,0
com.nutomic.ensichat_17.apk,6,0,0,0,0
com.nutomic.ensichat_17.apk,7,0,0,0,0
com.nutomic.ensichat_17.apk,8,0,0,0,0
com.nutomic.ensichat_17.apk,9,0,0,0,0
com.nutomic.ensichat_17.apk,10,0,0,0,0
com.nutomic.ensichat_17.apk,11,0,0,0,0
com.nutomic.ensichat_17.apk,12,0,0,0,0
com.nutomic.ensichat_17.apk,13,0,0,0,0
com.nutomic.ensichat_17.apk,14,0,0,0,0
com.nutomic.ensichat_17.apk,15,0,0,0,0
com.nutomic.ensichat_17.apk,16,0,0,0,0
com.nutomic.ensichat_17.apk,17,0,0,0,0
com.nutomic.ensichat_17.apk,18,0,0,0,0
com.nutomic.ensichat_17.apk,19,0,0,0,0
com.nutomic.ensichat_17.apk,20,0,0,0,0
com.nutomic.ensichat_17.apk,21,0,0,0,0
com.nutomic.ensichat_17.apk,22,0,0,0,0
com.nutomic.ensichat_17.apk,23,0,0,0,0
com.nutomic.ensichat_17.apk,24,0,0,0,0
com.nutomic.ensichat_17.apk,25,0,0,0,0
com.nutomic.ensichat_17.apk,26,0,0,0,0
com.nutomic.ensichat_17.apk,27,0,0,0,0
com.nutomic.ensichat_17.apk,28,0,0,0,0
com.nutomic.ensichat_17.apk,29,0,0,0,0
com.nutomic.ensichat_17.apk,30,0,0,0,0
com.nutomic.ensichat_17.apk,31,0,0,0,0
com.nutomic.ensichat_17.apk,32,0,0,0,0
com.nutomic.ensichat_17.apk,33,0,0,0,0
com.nutomic.ensichat_17.apk,34,0,0,0,0
com.nutomic.ensichat_17.apk,35,0,0,0,0
com.nutomic.ensichat_17.apk,36,0,0,0,0
com.nutomic.ensichat_17.apk,37,0,0,0,0
com.nutomic.ensichat_17.apk,38,0,0,0,0
com.nutomic.ensichat_17.apk,39,0,0,0,0
com.nutomic.ensichat_17.apk,40,0,0,0,0
com.nutomic.ensichat_17.apk,41,0,0,0,0
com.nutomic.ensichat_17.apk,42,0,0,0,0
com.nutomic.ensichat_17.apk,43,0,0,0,0
com.nutomic.ensichat_17.apk,44,0,0,0,0
com.nutomic.ensichat_17.apk,45,0,0,0,0
com.nutomic.ensichat_17.apk,46,0,0,0,0
com.nutomic.ensichat_17.apk,47,0,0,0,0
com.nutomic.ensichat_17.apk,48,0,0,0,0
com.nutomic.ensichat_17.apk,49,0,0,0,0
com.nutomic.ensichat_17.apk,50,0,0,0,0
com.nutomic.ensichat_17.apk,51,0,0,0,0
com.nutomic.ensichat_17.apk,52,0,0,0,0
com.nutomic.ensichat_17.apk,53,0,0,0,0
com.nutomic.ensichat_17.apk,54,0,0,0,0
com.nutomic.ensichat_17.apk,55,0,0,0,0
com.nutomic.ensichat_17.apk,56,0,0,0,0
com.nutomic.ensichat_17.apk,57,0,0,0,0
com.nutomic.ensichat_17.apk,58,0,0,0,0
com.nutomic.ensichat_17.apk,59,0,0,0,0
com.nutomic.ensichat_17.apk,60,0,0,0,0
com.nutomic.ensichat_17.apk,61,0,0,0,0
com.nutomic.ensichat_17.apk,62,0,0,0,0
com.nutomic.ensichat_17.apk,63,0,0,0,0
com.nutomic.ensichat_17.apk,64,0,0,0,0
com.nutomic.ensichat_17.apk,65,0,0,0,0
com.nutomic.ensichat_17.apk,66,0,0,0,0
com.nutomic.ensichat_17.apk,67,0,0,0,0
com.nutomic.ensichat_17.apk,68,0,0,0,0
com.nutomic.ensichat_17.apk,69,0,0,0,0
com.nutomic.ensichat_17.apk,70,0,0,0,0
com.nutomic.ensichat_17.apk,71,0,0,0,0
com.nutomic.ensichat_17.apk,72,0,0,0,0
com.nutomic.ensichat_17.apk,73,0,0,0,0
com.nutomic.ensichat_17.apk,74,0,0,0,0
com.nutomic.ensichat_17.apk,75,0,0,0,0
com.nutomic.ensichat_17.apk,76,0,0,0,0
daniel_32.flexiblewallpaper_2.apk,0,0,0,0,0
daniel_32.flexiblewallpaper_2.apk,1,0,0,0,0
daniel_32.flexiblewallpaper_2.apk,2,0,0,0,0
daniel_32.flexiblewallpaper_2.apk,3,0,0,0,0
daniel_32.flexiblewallpaper_2.apk,4,0,0,0,0
daniel_32.flexiblewallpaper_2.apk,5,0,0,0,0
daniel_32.flexiblewallpaper_2.apk,6,0,0,0,0
daniel_32.flexiblewallpaper_2.apk,7,0,0,0,0
daniel_32.flexiblewallpaper_2.apk,8,1,1,0,1
daniel_32.flexiblewallpaper_2.apk,9,0,0,0,0
daniel_32.flexiblewallpaper_2.apk,10,0,0,0,0
daniel_32.flexiblewallpaper_2.apk,11,1,1,0,1
daniel_32.flexiblewallpaper_2.apk,12,0,0,0,0
daniel_32.flexiblewallpaper_2.apk,13,0,0,0,0
daniel_32.flexiblewallpaper_2.apk,14,1,1,0,1
daniel_32.flexiblewallpaper_2.apk,15,0,0,0,0
daniel_32.flexiblewallpaper_2.apk,16,0,0,0,0
daniel_32.flexiblewallpaper_2.apk,17,0,0,0,0
daniel_32.flexiblewallpaper_2.apk,18,0,0,0,0
daniel_32.flexiblewallpaper_2.apk,19,0,0,0,0
daniel_32.flexiblewallpaper_2.apk,20,0,0,0,0
daniel_32.flexiblewallpaper_2.apk,21,0,0,0,0
daniel_32.flexiblewallpaper_2.apk,22,0,0,0,0
daniel_32.flexiblewallpaper_2.apk,23,1,1,0,1
daniel_32.flexiblewallpaper_2.apk,24,1,1,0,1
daniel_32.flexiblewallpaper_2.apk,25,0,0,0,0
daniel_32.flexiblewallpaper_2.apk,26,0,0,0,0
daniel_32.flexiblewallpaper_2.apk,27,0,0,0,0
daniel_32.flexiblewallpaper_2.apk,28,0,0,0,0
daniel_32.flexiblewallpaper_2.apk,29,0,0,0,0
daniel_32.flexiblewallpaper_2.apk,30,1,1,0,1
daniel_32.flexiblewallpaper_2.apk,31,0,0,0,0
daniel_32.flexiblewallpaper_2.apk,32,0,0,0,0
daniel_32.flexiblewallpaper_2.apk,33,0,0,0,0
daniel_32.flexiblewallpaper_2.apk,34,0,0,0,0
daniel_32.flexiblewallpaper_2.apk,35,0,0,0,0
daniel_32.flexiblewallpaper_2.apk,36,0,0,0,0
daniel_32.flexiblewallpaper_2.apk,37,0,0,0,0
daniel_32.flexiblewallpaper_2.apk,38,0,0,0,0
daniel_32.flexiblewallpaper_2.apk,39,0,0,0,0
daniel_32.flexiblewallpaper_2.apk,40,1,1,0,1
daniel_32.flexiblewallpaper_2.apk,41,0,0,0,0
daniel_32.flexiblewallpaper_2.apk,42,0,0,0,0
daniel_32.flexiblewallpaper_2.apk,43,0,0,0,0
daniel_32.flexiblewallpaper_2.apk,44,1,1,0,1
daniel_32.flexiblewallpaper_2.apk,45,0,0,0,0
daniel_32.flexiblewallpaper_2.apk,46,0,0,0,0
daniel_32.flexiblewallpaper_2.apk,47,0,0,0,0
daniel_32.flexiblewallpaper_2.apk,48,1,1,0,1
daniel_32.flexiblewallpaper_2.apk,49,0,0,0,0
daniel_32.flexiblewallpaper_2.apk,50,0,0,0,0
daniel_32.flexiblewallpaper_2.apk,51,0,0,0,0
daniel_32.flexiblewallpaper_2.apk,52,0,0,0,0
daniel_32.flexiblewallpaper_2.apk,53,1,1,0,1
daniel_32.flexiblewallpaper_2.apk,54,0,0,0,0
daniel_32.flexiblewallpaper_2.apk,55,0,0,0,0
daniel_32.flexiblewallpaper_2.apk,56,0,0,0,0
daniel_32.flexiblewallpaper_2.apk,57,0,0,0,0
daniel_32.flexiblewallpaper_2.apk,58,1,1,0,1
daniel_32.flexiblewallpaper_2.apk,59,1,1,0,1
daniel_32.flexiblewallpaper_2.apk,60,0,0,0,0
daniel_32.flexiblewallpaper_2.apk,61,1,1,0,1
daniel_32.flexiblewallpaper_2.apk,62,0,0,0,0
daniel_32.flexiblewallpaper_2.apk,63,0,0,0,0
daniel_32.flexiblewallpaper_2.apk,64,0,0,0,0
daniel_32.flexiblewallpaper_2.apk,65,0,0,0,0
daniel_32.flexiblewallpaper_2.apk,66,1,1,0,1
daniel_32.flexiblewallpaper_2.apk,67,0,0,0,0
daniel_32.flexiblewallpaper_2.apk,68,0,0,0,0
daniel_32.flexiblewallpaper_2.apk,69,1,1,0,1
daniel_32.flexiblewallpaper_2.apk,70,0,0,0,0
daniel_32.flexiblewallpaper_2.apk,71,0,0,0,0
daniel_32.flexiblewallpaper_2.apk,72,1,1,0,1
daniel_32.flexiblewallpaper_2.apk,73,1,1,0,1
daniel_32.flexiblewallpaper_2.apk,74,1,1,0,1
daniel_32.flexiblewallpaper_2.apk,75,1,1,0,1
daniel_32.flexiblewallpaper_2.apk,76,0,0,0,0
eu.kanade.tachiyomi_41.apk,0,0,0,0,0
eu.kanade.tachiyomi_41.apk,1,0,0,0,0
eu.kanade.tachiyomi_41.apk,2,0,0,0,0
eu.kanade.tachiyomi_41.apk,3,0,0,0,0
eu.kanade.tachiyomi_41.apk,4,0,0,0,0
eu.kanade.tachiyomi_41.apk,5,0,0,0,0
eu.kanade.tachiyomi_41.apk,6,0,0,0,0
eu.kanade.tachiyomi_41.apk,7,0,0,0,0
eu.kanade.tachiyomi_41.apk,8,0,0,0,0
eu.kanade.tachiyomi_41.apk,9,0,0,0,0
eu.kanade.tachiyomi_41.apk,10,0,0,0,0
eu.kanade.tachiyomi_41.apk,11,0,0,0,0
eu.kanade.tachiyomi_41.apk,12,0,0,0,0
eu.kanade.tachiyomi_41.apk,13,0,0,0,0
eu.kanade.tachiyomi_41.apk,14,0,0,0,0
eu.kanade.tachiyomi_41.apk,15,0,0,0,0
eu.kanade.tachiyomi_41.apk,16,0,0,0,0
eu.kanade.tachiyomi_41.apk,17,0,0,0,0
eu.kanade.tachiyomi_41.apk,18,0,0,0,0
eu.kanade.tachiyomi_41.apk,19,0,0,0,0
eu.kanade.tachiyomi_41.apk,20,0,0,0,0
eu.kanade.tachiyomi_41.apk,21,0,0,0,0
eu.kanade.tachiyomi_41.apk,22,0,0,0,0
eu.kanade.tachiyomi_41.apk,23,0,0,0,0
eu.kanade.tachiyomi_41.apk,24,0,0,0,0
eu.kanade.tachiyomi_41.apk,25,0,0,0,0
eu.kanade.tachiyomi_41.apk,26,0,0,0,0
eu.kanade.tachiyomi_41.apk,27,0,0,0,0
eu.kanade.tachiyomi_41.apk,28,0,0,0,0
eu.kanade.tachiyomi_41.apk,29,0,0,0,0
eu.kanade.tachiyomi_41.apk,30,0,0,0,0
eu.kanade.tachiyomi_41.apk,31,0,0,0,0
eu.kanade.tachiyomi_41.apk,32,0,0,0,0
eu.kanade.tachiyomi_41.apk,33,0,0,0,0
eu.kanade.tachiyomi_41.apk,34,0,0,0,0
eu.kanade.tachiyomi_41.apk,35,0,0,0,0
eu.kanade.tachiyomi_41.apk,36,0,0,0,0
eu.kanade.tachiyomi_41.apk,37,0,0,0,0
eu.kanade.tachiyomi_41.apk,38,0,0,0,0
eu.kanade.tachiyomi_41.apk,39,0,0,0,0
eu.kanade.tachiyomi_41.apk,40,0,0,0,0
eu.kanade.tachiyomi_41.apk,41,0,0,0,0
eu.kanade.tachiyomi_41.apk,42,0,0,0,0
eu.kanade.tachiyomi_41.apk,43,0,0,0,0
eu.kanade.tachiyomi_41.apk,44,0,0,0,0
eu.kanade.tachiyomi_41.apk,45,0,0,0,0
eu.kanade.tachiyomi_41.apk,46,0,0,0,0
eu.kanade.tachiyomi_41.apk,47,0,0,0,0
eu.kanade.tachiyomi_41.apk,48,0,0,0,0
eu.kanade.tachiyomi_41.apk,49,0,0,0,0
eu.kanade.tachiyomi_41.apk,50,0,0,0,0
eu.kanade.tachiyomi_41.apk,51,0,0,0,0
eu.kanade.tachiyomi_41.apk,52,0,0,0,0
eu.kanade.tachiyomi_41.apk,53,0,0,0,0
eu.kanade.tachiyomi_41.apk,54,0,0,0,0
eu.kanade.tachiyomi_41.apk,55,0,0,0,0
eu.kanade.tachiyomi_41.apk,56,0,0,0,0
eu.kanade.tachiyomi_41.apk,57,0,0,0,0
eu.kanade.tachiyomi_41.apk,58,0,0,0,0
eu.kanade.tachiyomi_41.apk,59,0,0,0,0
eu.kanade.tachiyomi_41.apk,60,0,0,0,0
eu.kanade.tachiyomi_41.apk,61,0,0,0,0
eu.kanade.tachiyomi_41.apk,62,0,0,0,0
eu.kanade.tachiyomi_41.apk,63,0,0,0,0
eu.kanade.tachiyomi_41.apk,64,0,0,0,0
eu.kanade.tachiyomi_41.apk,65,0,0,0,0
eu.kanade.tachiyomi_41.apk,66,0,0,0,0
eu.kanade.tachiyomi_41.apk,67,0,0,0,0
eu.kanade.tachiyomi_41.apk,68,0,0,0,0
eu.kanade.tachiyomi_41.apk,69,0,0,0,0
eu.kanade.tachiyomi_41.apk,70,0,0,0,0
eu.kanade.tachiyomi_41.apk,71,0,0,0,0
eu.kanade.tachiyomi_41.apk,72,0,0,0,0
eu.kanade.tachiyomi_41.apk,73,0,0,0,0
eu.kanade.tachiyomi_41.apk,74,0,0,0,0
eu.kanade.tachiyomi_41.apk,75,0,0,0,0
eu.kanade.tachiyomi_41.apk,76,0,0,0,0
eu.polarclock_10.apk,0,0,0,0,0
eu.polarclock_10.apk,1,0,0,0,0
eu.polarclock_10.apk,2,0,0,0,0
eu.polarclock_10.apk,3,0,0,0,0
eu.polarclock_10.apk,4,0,0,0,0
eu.polarclock_10.apk,5,0,0,0,0
eu.polarclock_10.apk,6,0,0,0,0
eu.polarclock_10.apk,7,0,0,0,0
eu.polarclock_10.apk,8,0,0,0,0
eu.polarclock_10.apk,9,0,0,0,0
eu.polarclock_10.apk,10,0,0,0,0
eu.polarclock_10.apk,11,0,0,0,0
eu.polarclock_10.apk,12,0,0,0,0
eu.polarclock_10.apk,13,0,0,0,0
eu.polarclock_10.apk,14,0,0,0,0
eu.polarclock_10.apk,15,0,0,0,0
eu.polarclock_10.apk,16,0,0,0,0
eu.polarclock_10.apk,17,0,0,0,0
eu.polarclock_10.apk,18,0,0,0,0
eu.polarclock_10.apk,19,0,0,0,0
eu.polarclock_10.apk,20,0,0,0,0
eu.polarclock_10.apk,21,0,0,0,0
eu.polarclock_10.apk,22,0,0,0,0
eu.polarclock_10.apk,23,0,0,0,0
eu.polarclock_10.apk,24,0,0,0,0
eu.polarclock_10.apk,25,0,0,0,0
eu.polarclock_10.apk,26,0,0,0,0
eu.polarclock_10.apk,27,0,0,0,0
eu.polarclock_10.apk,28,0,0,0,0
eu.polarclock_10.apk,29,0,0,0,0
eu.polarclock_10.apk,30,0,0,0,0
eu.polarclock_10.apk,31,0,0,0,0
eu.polarclock_10.apk,32,0,0,0,0
eu.polarclock_10.apk,33,0,0,0,0
eu.polarclock_10.apk,34,0,0,0,0
eu.polarclock_10.apk,35,0,0,0,0
eu.polarclock_10.apk,36,0,0,0,0
eu.polarclock_10.apk,37,0,0,0,0
eu.polarclock_10.apk,38,0,0,0,0
eu.polarclock_10.apk,39,0,0,0,0
eu.polarclock_10.apk,40,0,0,0,0
eu.polarclock_10.apk,41,0,0,0,0
eu.polarclock_10.apk,42,0,0,0,0
eu.polarclock_10.apk,43,0,0,0,0
eu.polarclock_10.apk,44,0,0,0,0
eu.polarclock_10.apk,45,0,0,0,0
eu.polarclock_10.apk,46,0,0,0,0
eu.polarclock_10.apk,47,0,0,0,0
eu.polarclock_10.apk,48,0,0,0,0
eu.polarclock_10.apk,49,0,0,0,0
eu.polarclock_10.apk,50,0,0,0,0
eu.polarclock_10.apk,51,0,0,0,0
eu.polarclock_10.apk,52,0,0,0,0
eu.polarclock_10.apk,53,0,0,0,0
eu.polarclock_10.apk,54,0,0,0,0
eu.polarclock_10.apk,55,0,0,0,0
eu.polarclock_10.apk,56,0,0,0,0
eu.polarclock_10.apk,57,0,0,0,0
eu.polarclock_10.apk,58,0,0,0,0
eu.polarclock_10.apk,59,0,0,0,0
eu.polarclock_10.apk,60,0,0,0,0
eu.polarclock_10.apk,61,0,0,0,0
eu.polarclock_10.apk,62,0,0,0,0
eu.polarclock_10.apk,63,0,0,0,0
eu.polarclock_10.apk,64,0,0,0,0
eu.polarclock_10.apk,65,0,0,0,0
eu.polarclock_10.apk,66,0,0,0,0
eu.polarclock_10.apk,67,0,0,0,0
eu.polarclock_10.apk,68,0,0,0,0
eu.polarclock_10.apk,69,0,0,0,0
eu.polarclock_10.apk,70,0,0,0,0
eu.polarclock_10.apk,71,0,0,0,0
eu.polarclock_10.apk,72,0,0,0,0
eu.polarclock_10.apk,73,0,0,0,0
eu.polarclock_10.apk,74,0,0,0,0
eu.polarclock_10.apk,75,0,0,0,0
eu.polarclock_10.apk,76,0,0,0,0
io.github.alketii.mightyknight_1.apk,0,0,0,0,0
io.github.alketii.mightyknight_1.apk,1,0,0,0,0
io.github.alketii.mightyknight_1.apk,2,0,0,0,0
io.github.alketii.mightyknight_1.apk,3,0,0,0,0
io.github.alketii.mightyknight_1.apk,4,0,0,0,0
io.github.alketii.mightyknight_1.apk,5,0,0,0,0
io.github.alketii.mightyknight_1.apk,6,0,0,0,0
io.github.alketii.mightyknight_1.apk,7,0,0,0,0
io.github.alketii.mightyknight_1.apk,8,0,0,0,0
io.github.alketii.mightyknight_1.apk,9,0,0,0,0
io.github.alketii.mightyknight_1.apk,10,0,0,0,0
io.github.alketii.mightyknight_1.apk,11,0,0,0,0
io.github.alketii.mightyknight_1.apk,12,0,0,0,0
io.github.alketii.mightyknight_1.apk,13,0,0,0,0
io.github.alketii.mightyknight_1.apk,14,0,0,0,0
io.github.alketii.mightyknight_1.apk,15,0,0,0,0
io.github.alketii.mightyknight_1.apk,16,0,0,0,0
io.github.alketii.mightyknight_1.apk,17,0,0,0,0
io.github.alketii.mightyknight_1.apk,18,0,0,0,0
io.github.alketii.mightyknight_1.apk,19,0,0,0,0
io.github.alketii.mightyknight_1.apk,20,0,0,0,0
io.github.alketii.mightyknight_1.apk,21,0,0,0,0
io.github.alketii.mightyknight_1.apk,22,0,0,0,0
io.github.alketii.mightyknight_1.apk,23,0,0,0,0
io.github.alketii.mightyknight_1.apk,24,0,0,0,0
io.github.alketii.mightyknight_1.apk,25,0,0,0,0
io.github.alketii.mightyknight_1.apk,26,0,0,0,0
io.github.alketii.mightyknight_1.apk,27,0,0,0,0
io.github.alketii.mightyknight_1.apk,28,0,0,0,0
io.github.alketii.mightyknight_1.apk,29,0,0,0,0
io.github.alketii.mightyknight_1.apk,30,0,0,0,0
io.github.alketii.mightyknight_1.apk,31,0,0,0,0
io.github.alketii.mightyknight_1.apk,32,0,0,0,0
io.github.alketii.mightyknight_1.apk,33,0,0,0,0
io.github.alketii.mightyknight_1.apk,34,0,0,0,0
io.github.alketii.mightyknight_1.apk,35,0,0,0,0
io.github.alketii.mightyknight_1.apk,36,0,0,0,0
io.github.alketii.mightyknight_1.apk,37,0,0,0,0
io.github.alketii.mightyknight_1.apk,38,0,0,0,0
io.github.alketii.mightyknight_1.apk,39,0,0,0,0
io.github.alketii.mightyknight_1.apk,40,0,0,0,0
io.github.alketii.mightyknight_1.apk,41,0,0,0,0
io.github.alketii.mightyknight_1.apk,42,0,0,0,0
io.github.alketii.mightyknight_1.apk,43,0,0,0,0
io.github.alketii.mightyknight_1.apk,44,0,0,0,0
io.github.alketii.mightyknight_1.apk,45,0,0,0,0
io.github.alketii.mightyknight_1.apk,46,0,0,0,0
io.github.alketii.mightyknight_1.apk,47,0,0,0,0
io.github.alketii.mightyknight_1.apk,48,0,0,0,0
io.github.alketii.mightyknight_1.apk,49,0,0,0,0
io.github.alketii.mightyknight_1.apk,50,0,0,0,0
io.github.alketii.mightyknight_1.apk,51,0,0,0,0
io.github.alketii.mightyknight_1.apk,52,0,0,0,0
io.github.alketii.mightyknight_1.apk,53,0,0,0,0
io.github.alketii.mightyknight_1.apk,54,0,0,0,0
io.github.alketii.mightyknight_1.apk,55,0,0,0,0
io.github.alketii.mightyknight_1.apk,56,0,0,0,0
io.github.alketii.mightyknight_1.apk,57,0,0,0,0
io.github.alketii.mightyknight_1.apk,58,0,0,0,0
io.github.alketii.mightyknight_1.apk,59,0,0,0,0
io.github.alketii.mightyknight_1.apk,60,0,0,0,0
io.github.alketii.mightyknight_1.apk,61,0,0,0,0
io.github.alketii.mightyknight_1.apk,62,0,0,0,0
io.github.alketii.mightyknight_1.apk,63,0,0,0,0
io.github.alketii.mightyknight_1.apk,64,0,0,0,0
io.github.alketii.mightyknight_1.apk,65,0,0,0,0
io.github.alketii.mightyknight_1.apk,66,0,0,0,0
io.github.alketii.mightyknight_1.apk,67,0,0,0,0
io.github.alketii.mightyknight_1.apk,68,0,0,0,0
io.github.alketii.mightyknight_1.apk,69,0,0,0,0
io.github.alketii.mightyknight_1.apk,70,0,0,0,0
io.github.alketii.mightyknight_1.apk,71,0,0,0,0
io.github.alketii.mightyknight_1.apk,72,0,0,0,0
io.github.alketii.mightyknight_1.apk,73,0,0,0,0
io.github.alketii.mightyknight_1.apk,74,0,0,0,0
io.github.alketii.mightyknight_1.apk,75,0,0,0,0
io.github.alketii.mightyknight_1.apk,76,0,0,0,0
io.github.lonamiwebs.klooni_820.apk,0,0,0,0,0
io.github.lonamiwebs.klooni_820.apk,1,0,0,0,0
io.github.lonamiwebs.klooni_820.apk,2,0,0,0,0
io.github.lonamiwebs.klooni_820.apk,3,0,0,0,0
io.github.lonamiwebs.klooni_820.apk,4,0,0,0,0
io.github.lonamiwebs.klooni_820.apk,5,0,0,0,0
io.github.lonamiwebs.klooni_820.apk,6,0,0,0,0
io.github.lonamiwebs.klooni_820.apk,7,0,0,0,0
io.github.lonamiwebs.klooni_820.apk,8,0,0,0,0
io.github.lonamiwebs.klooni_820.apk,9,0,0,0,0
io.github.lonamiwebs.klooni_820.apk,10,0,0,0,0
io.github.lonamiwebs.klooni_820.apk,11,0,0,0,0
io.github.lonamiwebs.klooni_820.apk,12,0,0,0,0
io.github.lonamiwebs.klooni_820.apk,13,0,0,0,0
io.github.lonamiwebs.klooni_820.apk,14,0,0,0,0
io.github.lonamiwebs.klooni_820.apk,15,0,0,0,0
io.github.lonamiwebs.klooni_820.apk,16,0,0,0,0
io.github.lonamiwebs.klooni_820.apk,17,0,0,0,0
io.github.lonamiwebs.klooni_820.apk,18,0,0,0,0
io.github.lonamiwebs.klooni_820.apk,19,0,0,0,0
io.github.lonamiwebs.klooni_820.apk,20,0,0,0,0
io.github.lonamiwebs.klooni_820.apk,21,0,0,0,0
io.github.lonamiwebs.klooni_820.apk,22,0,0,0,0
io.github.lonamiwebs.klooni_820.apk,23,0,0,0,0
io.github.lonamiwebs.klooni_820.apk,24,0,0,0,0
io.github.lonamiwebs.klooni_820.apk,25,0,0,0,0
io.github.lonamiwebs.klooni_820.apk,26,0,0,0,0
io.github.lonamiwebs.klooni_820.apk,27,0,0,0,0
io.github.lonamiwebs.klooni_820.apk,28,0,0,0,0
io.github.lonamiwebs.klooni_820.apk,29,0,0,0,0
io.github.lonamiwebs.klooni_820.apk,30,0,0,0,0
io.github.lonamiwebs.klooni_820.apk,31,0,0,0,0
io.github.lonamiwebs.klooni_820.apk,32,0,0,0,0
io.github.lonamiwebs.klooni_820.apk,33,0,0,0,0
io.github.lonamiwebs.klooni_820.apk,34,0,0,0,0
io.github.lonamiwebs.klooni_820.apk,35,0,0,0,0
io.github.lonamiwebs.klooni_820.apk,36,0,0,0,0
io.github.lonamiwebs.klooni_820.apk,37,0,0,0,0
io.github.lonamiwebs.klooni_820.apk,38,0,0,0,0
io.github.lonamiwebs.klooni_820.apk,39,0,0,0,0
io.github.lonamiwebs.klooni_820.apk,40,0,0,0,0
io.github.lonamiwebs.klooni_820.apk,41,0,0,0,0
io.github.lonamiwebs.klooni_820.apk,42,0,0,0,0
io.github.lonamiwebs.klooni_820.apk,43,0,0,0,0
io.github.lonamiwebs.klooni_820.apk,44,0,0,0,0
io.github.lonamiwebs.klooni_820.apk,45,0,0,0,0
io.github.lonamiwebs.klooni_820.apk,46,0,0,0,0
io.github.lonamiwebs.klooni_820.apk,47,0,0,0,0
io.github.lonamiwebs.klooni_820.apk,48,0,0,0,0
io.github.lonamiwebs.klooni_820.apk,49,0,0,0,0
io.github.lonamiwebs.klooni_820.apk,50,0,0,0,0
io.github.lonamiwebs.klooni_820.apk,51,0,0,0,0
io.github.lonamiwebs.klooni_820.apk,52,0,0,0,0
io.github.lonamiwebs.klooni_820.apk,53,0,0,0,0
io.github.lonamiwebs.klooni_820.apk,54,0,0,0,0
io.github.lonamiwebs.klooni_820.apk,55,0,0,0,0
io.github.lonamiwebs.klooni_820.apk,56,0,0,0,0
io.github.lonamiwebs.klooni_820.apk,57,0,0,0,0
io.github.lonamiwebs.klooni_820.apk,58,0,0,0,0
io.github.lonamiwebs.klooni_820.apk,59,0,0,0,0
io.github.lonamiwebs.klooni_820.apk,60,0,0,0,0
io.github.lonamiwebs.klooni_820.apk,61,0,0,0,0
io.github.lonamiwebs.klooni_820.apk,62,0,0,0,0
io.github.lonamiwebs.klooni_820.apk,63,0,0,0,0
io.github.lonamiwebs.klooni_820.apk,64,0,0,0,0
io.github.lonamiwebs.klooni_820.apk,65,0,0,0,0
io.github.lonamiwebs.klooni_820.apk,66,0,0,0,0
io.github.lonamiwebs.klooni_820.apk,67,0,0,0,0
io.github.lonamiwebs.klooni_820.apk,68,0,0,0,0
io.github.lonamiwebs.klooni_820.apk,69,0,0,0,0
io.github.lonamiwebs.klooni_820.apk,70,0,0,0,0
io.github.lonamiwebs.klooni_820.apk,71,0,0,0,0
io.github.lonamiwebs.klooni_820.apk,72,0,0,0,0
io.github.lonamiwebs.klooni_820.apk,73,0,0,0,0
io.github.lonamiwebs.klooni_820.apk,74,0,0,0,0
io.github.lonamiwebs.klooni_820.apk,75,0,0,0,0
io.github.lonamiwebs.klooni_820.apk,76,0,0,0,0
jackpal.androidterm_72.apk,0,0,0,0,0
jackpal.androidterm_72.apk,1,0,0,0,0
jackpal.androidterm_72.apk,2,0,0,0,0
jackpal.androidterm_72.apk,3,0,0,0,0
jackpal.androidterm_72.apk,4,0,0,0,0
jackpal.androidterm_72.apk,5,0,0,0,0
jackpal.androidterm_72.apk,6,0,0,0,0
jackpal.androidterm_72.apk,7,0,0,0,0
jackpal.androidterm_72.apk,8,0,0,0,0
jackpal.androidterm_72.apk,9,0,0,0,0
jackpal.androidterm_72.apk,10,0,0,0,0
jackpal.androidterm_72.apk,11,3,0,2,0
jackpal.androidterm_72.apk,12,0,0,0,0
jackpal.androidterm_72.apk,13,0,0,0,0
jackpal.androidterm_72.apk,14,0,0,0,0
jackpal.androidterm_72.apk,15,0,0,0,0
jackpal.androidterm_72.apk,16,0,0,0,0
jackpal.androidterm_72.apk,17,0,0,0,0
jackpal.androidterm_72.apk,18,0,0,0,0
jackpal.androidterm_72.apk,19,0,0,0,0
jackpal.androidterm_72.apk,20,0,0,0,0
jackpal.androidterm_72.apk,21,0,0,0,0
jackpal.androidterm_72.apk,22,0,0,0,0
jackpal.androidterm_72.apk,23,0,0,0,0
jackpal.androidterm_72.apk,24,11,0,9,0
jackpal.androidterm_72.apk,25,0,0,0,0
jackpal.androidterm_72.apk,26,0,0,0,0
jackpal.androidterm_72.apk,27,0,0,0,0
jackpal.androidterm_72.apk,28,0,0,0,0
jackpal.androidterm_72.apk,29,0,0,0,0
jackpal.androidterm_72.apk,30,33,0,24,0
jackpal.androidterm_72.apk,31,0,0,0,0
jackpal.androidterm_72.apk,32,0,0,0,0
jackpal.androidterm_72.apk,33,0,0,0,0
jackpal.androidterm_72.apk,34,0,0,0,0
jackpal.androidterm_72.apk,35,0,0,0,0
jackpal.androidterm_72.apk,36,0,0,0,0
jackpal.androidterm_72.apk,37,0,0,0,0
jackpal.androidterm_72.apk,38,0,0,0,0
jackpal.androidterm_72.apk,39,0,0,0,0
jackpal.androidterm_72.apk,40,0,0,0,0
jackpal.androidterm_72.apk,41,0,0,0,0
jackpal.androidterm_72.apk,42,0,0,0,0
jackpal.androidterm_72.apk,43,0,0,0,0
jackpal.androidterm_72.apk,44,30,0,25,0
jackpal.androidterm_72.apk,45,0,0,0,0
jackpal.androidterm_72.apk,46,0,0,0,0
jackpal.androidterm_72.apk,47,0,0,0,0
jackpal.androidterm_72.apk,48,0,0,0,0
jackpal.androidterm_72.apk,49,0,0,0,0
jackpal.androidterm_72.apk,50,0,0,0,0
jackpal.androidterm_72.apk,51,0,0,0,0
jackpal.androidterm_72.apk,52,0,0,0,0
jackpal.androidterm_72.apk,53,0,0,0,0
jackpal.androidterm_72.apk,54,0,0,0,0
jackpal.androidterm_72.apk,55,0,0,0,0
jackpal.androidterm_72.apk,56,0,0,0,0
jackpal.androidterm_72.apk,57,0,0,0,0
jackpal.androidterm_72.apk,58,0,0,0,0
jackpal.androidterm_72.apk,59,0,0,0,0
jackpal.androidterm_72.apk,60,0,0,0,0
jackpal.androidterm_72.apk,61,0,0,0,0
jackpal.androidterm_72.apk,62,0,0,0,0
jackpal.androidterm_72.apk,63,0,0,0,0
jackpal.androidterm_72.apk,64,0,0,0,0
jackpal.androidterm_72.apk,65,0,0,0,0
jackpal.androidterm_72.apk,66,0,0,0,0
jackpal.androidterm_72.apk,67,0,0,0,0
jackpal.androidterm_72.apk,68,0,0,0,0
jackpal.androidterm_72.apk,69,0,0,0,0
jackpal.androidterm_72.apk,70,0,0,0,0
jackpal.androidterm_72.apk,71,0,0,0,0
jackpal.androidterm_72.apk,72,0,0,0,0
jackpal.androidterm_72.apk,73,0,0,0,0
jackpal.androidterm_72.apk,74,0,0,0,0
jackpal.androidterm_72.apk,75,0,0,0,0
jackpal.androidterm_72.apk,76,0,0,0,0
net.khertan.forrunners_101030.apk,0,0,0,0,0
net.khertan.forrunners_101030.apk,1,0,0,0,0
net.khertan.forrunners_101030.apk,2,0,0,0,0
net.khertan.forrunners_101030.apk,3,0,0,0,0
net.khertan.forrunners_101030.apk,4,0,0,0,0
net.khertan.forrunners_101030.apk,5,0,0,0,0
net.khertan.forrunners_101030.apk,6,0,0,0,0
net.khertan.forrunners_101030.apk,7,0,0,0,0
net.khertan.forrunners_101030.apk,8,0,0,0,0
net.khertan.forrunners_101030.apk,9,0,0,0,0
net.khertan.forrunners_101030.apk,10,0,0,0,0
net.khertan.forrunners_101030.apk,11,0,0,0,0
net.khertan.forrunners_101030.apk,12,0,0,0,0
net.khertan.forrunners_101030.apk,13,0,0,0,0
net.khertan.forrunners_101030.apk,14,0,0,0,0
net.khertan.forrunners_101030.apk,15,0,0,0,0
net.khertan.forrunners_101030.apk,16,0,0,0,0
net.khertan.forrunners_101030.apk,17,0,0,0,0
net.khertan.forrunners_101030.apk,18,0,0,0,0
net.khertan.forrunners_101030.apk,19,0,0,0,0
net.khertan.forrunners_101030.apk,20,0,0,0,0
net.khertan.forrunners_101030.apk,21,0,0,0,0
net.khertan.forrunners_101030.apk,22,0,0,0,0
net.khertan.forrunners_101030.apk,23,0,0,0,0
net.khertan.forrunners_101030.apk,24,0,0,0,0
net.khertan.forrunners_101030.apk,25,0,0,0,0
net.khertan.forrunners_101030.apk,26,0,0,0,0
net.khertan.forrunners_101030.apk,27,0,0,0,0
net.khertan.forrunners_101030.apk,28,0,0,0,0
net.khertan.forrunners_101030.apk,29,0,0,0,0
net.khertan.forrunners_101030.apk,30,0,0,0,0
net.khertan.forrunners_101030.apk,31,0,0,0,0
net.khertan.forrunners_101030.apk,32,0,0,0,0
net.khertan.forrunners_101030.apk,33,0,0,0,0
net.khertan.forrunners_101030.apk,34,0,0,0,0
net.khertan.forrunners_101030.apk,35,0,0,0,0
net.khertan.forrunners_101030.apk,36,0,0,0,0
net.khertan.forrunners_101030.apk,37,0,0,0,0
net.khertan.forrunners_101030.apk,38,0,0,0,0
net.khertan.forrunners_101030.apk,39,0,0,0,0
net.khertan.forrunners_101030.apk,40,0,0,0,0
net.khertan.forrunners_101030.apk,41,0,0,0,0
net.khertan.forrunners_101030.apk,42,0,0,0,0
net.khertan.forrunners_101030.apk,43,0,0,0,0
net.khertan.forrunners_101030.apk,44,0,0,0,0
net.khertan.forrunners_101030.apk,45,0,0,0,0
net.khertan.forrunners_101030.apk,46,0,0,0,0
net.khertan.forrunners_101030.apk,47,0,0,0,0
net.khertan.forrunners_101030.apk,48,0,0,0,0
net.khertan.forrunners_101030.apk,49,0,0,0,0
net.khertan.forrunners_101030.apk,50,0,0,0,0
net.khertan.forrunners_101030.apk,51,0,0,0,0
net.khertan.forrunners_101030.apk,52,0,0,0,0
net.khertan.forrunners_101030.apk,53,0,0,0,0
net.khertan.forrunners_101030.apk,54,0,0,0,0
net.khertan.forrunners_101030.apk,55,0,0,0,0
net.khertan.forrunners_101030.apk,56,0,0,0,0
net.khertan.forrunners_101030.apk,57,0,0,0,0
net.khertan.forrunners_101030.apk,58,0,0,0,0
net.khertan.forrunners_101030.apk,59,0,0,0,0
net.khertan.forrunners_101030.apk,60,0,0,0,0
net.khertan.forrunners_101030.apk,61,0,0,0,0
net.khertan.forrunners_101030.apk,62,0,0,0,0
net.khertan.forrunners_101030.apk,63,0,0,0,0
net.khertan.forrunners_101030.apk,64,0,0,0,0
net.khertan.forrunners_101030.apk,65,0,0,0,0
net.khertan.forrunners_101030.apk,66,0,0,0,0
net.khertan.forrunners_101030.apk,67,0,0,0,0
net.khertan.forrunners_101030.apk,68,0,0,0,0
net.khertan.forrunners_101030.apk,69,0,0,0,0
net.khertan.forrunners_101030.apk,70,0,0,0,0
net.khertan.forrunners_101030.apk,71,0,0,0,0
net.khertan.forrunners_101030.apk,72,0,0,0,0
net.khertan.forrunners_101030.apk,73,0,0,0,0
net.khertan.forrunners_101030.apk,74,0,0,0,0
net.khertan.forrunners_101030.apk,75,0,0,0,0
net.khertan.forrunners_101030.apk,76,0,0,0,0
net.osmand.plus_355.apk,0,0,0,0,0
net.osmand.plus_355.apk,1,0,0,0,0
net.osmand.plus_355.apk,2,0,0,0,0
net.osmand.plus_355.apk,3,0,0,0,0
net.osmand.plus_355.apk,4,0,0,0,0
net.osmand.plus_355.apk,5,0,0,0,0
net.osmand.plus_355.apk,6,0,0,0,0
net.osmand.plus_355.apk,7,0,0,0,0
net.osmand.plus_355.apk,8,0,0,0,0
net.osmand.plus_355.apk,9,0,0,0,0
net.osmand.plus_355.apk,10,0,0,0,0
net.osmand.plus_355.apk,11,0,0,0,0
net.osmand.plus_355.apk,12,0,0,0,0
net.osmand.plus_355.apk,13,0,0,0,0
net.osmand.plus_355.apk,14,0,0,0,0
net.osmand.plus_355.apk,15,0,0,0,0
net.osmand.plus_355.apk,16,0,0,0,0
net.osmand.plus_355.apk,17,0,0,0,0
net.osmand.plus_355.apk,18,0,0,0,0
net.osmand.plus_355.apk,19,0,0,0,0
net.osmand.plus_355.apk,20,0,0,0,0
net.osmand.plus_355.apk,21,0,0,0,0
net.osmand.plus_355.apk,22,0,0,0,0
net.osmand.plus_355.apk,23,0,0,0,0
net.osmand.plus_355.apk,24,0,0,0,0
net.osmand.plus_355.apk,25,0,0,0,0
net.osmand.plus_355.apk,26,0,0,0,0
net.osmand.plus_355.apk,27,0,0,0,0
net.osmand.plus_355.apk,28,0,0,0,0
net.osmand.plus_355.apk,29,0,0,0,0
net.osmand.plus_355.apk,30,0,0,0,0
net.osmand.plus_355.apk,31,0,0,0,0
net.osmand.plus_355.apk,32,0,0,0,0
net.osmand.plus_355.apk,33,0,0,0,0
net.osmand.plus_355.apk,34,0,0,0,0
net.osmand.plus_355.apk,35,0,0,0,0
net.osmand.plus_355.apk,36,0,0,0,0
net.osmand.plus_355.apk,37,0,0,0,0
net.osmand.plus_355.apk,38,0,0,0,0
net.osmand.plus_355.apk,39,0,0,0,0
net.osmand.plus_355.apk,40,0,0,0,0
net.osmand.plus_355.apk,41,0,0,0,0
net.osmand.plus_355.apk,42,0,0,0,0
net.osmand.plus_355.apk,43,0,0,0,0
net.osmand.plus_355.apk,44,0,0,0,0
net.osmand.plus_355.apk,45,0,0,0,0
net.osmand.plus_355.apk,46,0,0,0,0
net.osmand.plus_355.apk,47,0,0,0,0
net.osmand.plus_355.apk,48,0,0,0,0
net.osmand.plus_355.apk,49,0,0,0,0
net.osmand.plus_355.apk,50,0,0,0,0
net.osmand.plus_355.apk,51,0,0,0,0
net.osmand.plus_355.apk,52,0,0,0,0
net.osmand.plus_355.apk,53,0,0,0,0
net.osmand.plus_355.apk,54,0,0,0,0
net.osmand.plus_355.apk,55,0,0,0,0
net.osmand.plus_355.apk,56,0,0,0,0
net.osmand.plus_355.apk,57,0,0,0,0
net.osmand.plus_355.apk,58,0,0,0,0
net.osmand.plus_355.apk,59,0,0,0,0
net.osmand.plus_355.apk,60,0,0,0,0
net.osmand.plus_355.apk,61,0,0,0,0
net.osmand.plus_355.apk,62,0,0,0,0
net.osmand.plus_355.apk,63,0,0,0,0
net.osmand.plus_355.apk,64,0,0,0,0
net.osmand.plus_355.apk,65,0,0,0,0
net.osmand.plus_355.apk,66,0,0,0,0
net.osmand.plus_355.apk,67,0,0,0,0
net.osmand.plus_355.apk,68,0,0,0,0
net.osmand.plus_355.apk,69,0,0,0,0
net.osmand.plus_355.apk,70,0,0,0,0
net.osmand.plus_355.apk,71,0,0,0,0
net.osmand.plus_355.apk,72,0,0,0,0
net.osmand.plus_355.apk,73,0,0,0,0
net.osmand.plus_355.apk,74,0,0,0,0
net.osmand.plus_355.apk,75,0,0,0,0
net.osmand.plus_355.apk,76,0,0,0,0
net.tedstein.AndroSS_17.apk,0,0,0,0,0
net.tedstein.AndroSS_17.apk,1,0,0,0,0
net.tedstein.AndroSS_17.apk,2,0,0,0,0
net.tedstein.AndroSS_17.apk,3,0,0,0,0
net.tedstein.AndroSS_17.apk,4,0,0,0,0
net.tedstein.AndroSS_17.apk,5,0,0,0,0
net.tedstein.AndroSS_17.apk,6,0,0,0,0
net.tedstein.AndroSS_17.apk,7,0,0,0,0
net.tedstein.AndroSS_17.apk,8,11,0,7,0
net.tedstein.AndroSS_17.apk,9,0,0,0,0
net.tedstein.AndroSS_17.apk,10,0,0,0,0
net.tedstein.AndroSS_17.apk,11,0,0,0,0
net.tedstein.AndroSS_17.apk,12,0,0,0,0
net.tedstein.AndroSS_17.apk,13,0,0,0,0
net.tedstein.AndroSS_17.apk,14,47,1,32,0.03030303
net.tedstein.AndroSS_17.apk,15,0,0,0,0
net.tedstein.AndroSS_17.apk,16,0,0,0,0
net.tedstein.AndroSS_17.apk,17,0,0,0,0
net.tedstein.AndroSS_17.apk,18,0,0,0,0
net.tedstein.AndroSS_17.apk,19,0,0,0,0
net.tedstein.AndroSS_17.apk,20,0,0,0,0
net.tedstein.AndroSS_17.apk,21,0,0,0,0
net.tedstein.AndroSS_17.apk,22,0,0,0,0
net.tedstein.AndroSS_17.apk,23,19,0,15,0
net.tedstein.AndroSS_17.apk,24,9,1,4,0.2
net.tedstein.AndroSS_17.apk,25,0,0,0,0
net.tedstein.AndroSS_17.apk,26,0,0,0,0
net.tedstein.AndroSS_17.apk,27,0,0,0,0
net.tedstein.AndroSS_17.apk,28,0,0,0,0
net.tedstein.AndroSS_17.apk,29,0,0,0,0
net.tedstein.AndroSS_17.apk,30,8,0,6,0
net.tedstein.AndroSS_17.apk,31,0,0,0,0
net.tedstein.AndroSS_17.apk,32,0,0,0,0
net.tedstein.AndroSS_17.apk,33,0,0,0,0
net.tedstein.AndroSS_17.apk,34,0,0,0,0
net.tedstein.AndroSS_17.apk,35,0,0,0,0
net.tedstein.AndroSS_17.apk,36,0,0,0,0
net.tedstein.AndroSS_17.apk,37,0,0,0,0
net.tedstein.AndroSS_17.apk,38,0,0,0,0
net.tedstein.AndroSS_17.apk,39,0,0,0,0
net.tedstein.AndroSS_17.apk,40,15,0,10,0
net.tedstein.AndroSS_17.apk,41,0,0,0,0
net.tedstein.AndroSS_17.apk,42,0,0,0,0
net.tedstein.AndroSS_17.apk,43,0,0,0,0
net.tedstein.AndroSS_17.apk,44,13,0,8,0
net.tedstein.AndroSS_17.apk,45,0,0,0,0
net.tedstein.AndroSS_17.apk,46,0,0,0,0
net.tedstein.AndroSS_17.apk,47,0,0,0,0
net.tedstein.AndroSS_17.apk,48,0,0,0,0
net.tedstein.AndroSS_17.apk,49,0,0,0,0
net.tedstein.AndroSS_17.apk,50,0,0,0,0
net.tedstein.AndroSS_17.apk,51,0,0,0,0
net.tedstein.AndroSS_17.apk,52,0,0,0,0
net.tedstein.AndroSS_17.apk,53,9,0,6,0
net.tedstein.AndroSS_17.apk,54,0,0,0,0
net.tedstein.AndroSS_17.apk,55,0,0,0,0
net.tedstein.AndroSS_17.apk,56,0,0,0,0
net.tedstein.AndroSS_17.apk,57,0,0,0,0
net.tedstein.AndroSS_17.apk,58,19,0,12,0
net.tedstein.AndroSS_17.apk,59,9,0,7,0
net.tedstein.AndroSS_17.apk,60,0,0,0,0
net.tedstein.AndroSS_17.apk,61,25,1,15,0.0625
net.tedstein.AndroSS_17.apk,62,0,0,0,0
net.tedstein.AndroSS_17.apk,63,0,0,0,0
net.tedstein.AndroSS_17.apk,64,0,0,0,0
net.tedstein.AndroSS_17.apk,65,0,0,0,0
net.tedstein.AndroSS_17.apk,66,29,1,20,0.047619048
net.tedstein.AndroSS_17.apk,67,0,0,0,0
net.tedstein.AndroSS_17.apk,68,0,0,0,0
net.tedstein.AndroSS_17.apk,69,0,0,0,0
net.tedstein.AndroSS_17.apk,70,0,0,0,0
net.tedstein.AndroSS_17.apk,71,0,0,0,0
net.tedstein.AndroSS_17.apk,72,30,1,21,0.045454545
net.tedstein.AndroSS_17.apk,73,0,0,0,0
net.tedstein.AndroSS_17.apk,74,7,0,5,0
net.tedstein.AndroSS_17.apk,75,14,1,10,0.090909091
net.tedstein.AndroSS_17.apk,76,0,0,0,0
net.zygotelabs.locker_11.apk,0,0,0,0,0
net.zygotelabs.locker_11.apk,1,0,0,0,0
net.zygotelabs.locker_11.apk,2,0,0,0,0
net.zygotelabs.locker_11.apk,3,0,0,0,0
net.zygotelabs.locker_11.apk,4,0,0,0,0
net.zygotelabs.locker_11.apk,5,0,0,0,0
net.zygotelabs.locker_11.apk,6,0,0,0,0
net.zygotelabs.locker_11.apk,7,0,0,0,0
net.zygotelabs.locker_11.apk,8,0,0,0,0
net.zygotelabs.locker_11.apk,9,0,0,0,0
net.zygotelabs.locker_11.apk,10,0,0,0,0
net.zygotelabs.locker_11.apk,11,0,0,0,0
net.zygotelabs.locker_11.apk,12,0,0,0,0
net.zygotelabs.locker_11.apk,13,0,0,0,0
net.zygotelabs.locker_11.apk,14,0,0,0,0
net.zygotelabs.locker_11.apk,15,0,0,0,0
net.zygotelabs.locker_11.apk,16,0,0,0,0
net.zygotelabs.locker_11.apk,17,0,0,0,0
net.zygotelabs.locker_11.apk,18,0,0,0,0
net.zygotelabs.locker_11.apk,19,0,0,0,0
net.zygotelabs.locker_11.apk,20,0,0,0,0
net.zygotelabs.locker_11.apk,21,0,0,0,0
net.zygotelabs.locker_11.apk,22,0,0,0,0
net.zygotelabs.locker_11.apk,23,0,0,0,0
net.zygotelabs.locker_11.apk,24,0,0,0,0
net.zygotelabs.locker_11.apk,25,0,0,0,0
net.zygotelabs.locker_11.apk,26,0,0,0,0
net.zygotelabs.locker_11.apk,27,0,0,0,0
net.zygotelabs.locker_11.apk,28,0,0,0,0
net.zygotelabs.locker_11.apk,29,0,0,0,0
net.zygotelabs.locker_11.apk,30,0,0,0,0
net.zygotelabs.locker_11.apk,31,0,0,0,0
net.zygotelabs.locker_11.apk,32,0,0,0,0
net.zygotelabs.locker_11.apk,33,0,0,0,0
net.zygotelabs.locker_11.apk,34,0,0,0,0
net.zygotelabs.locker_11.apk,35,0,0,0,0
net.zygotelabs.locker_11.apk,36,0,0,0,0
net.zygotelabs.locker_11.apk,37,0,0,0,0
net.zygotelabs.locker_11.apk,38,0,0,0,0
net.zygotelabs.locker_11.apk,39,0,0,0,0
net.zygotelabs.locker_11.apk,40,0,0,0,0
net.zygotelabs.locker_11.apk,41,0,0,0,0
net.zygotelabs.locker_11.apk,42,0,0,0,0
net.zygotelabs.locker_11.apk,43,0,0,0,0
net.zygotelabs.locker_11.apk,44,0,0,0,0
net.zygotelabs.locker_11.apk,45,0,0,0,0
net.zygotelabs.locker_11.apk,46,0,0,0,0
net.zygotelabs.locker_11.apk,47,0,0,0,0
net.zygotelabs.locker_11.apk,48,0,0,0,0
net.zygotelabs.locker_11.apk,49,0,0,0,0
net.zygotelabs.locker_11.apk,50,0,0,0,0
net.zygotelabs.locker_11.apk,51,0,0,0,0
net.zygotelabs.locker_11.apk,52,0,0,0,0
net.zygotelabs.locker_11.apk,53,0,0,0,0
net.zygotelabs.locker_11.apk,54,0,0,0,0
net.zygotelabs.locker_11.apk,55,0,0,0,0
net.zygotelabs.locker_11.apk,56,0,0,0,0
net.zygotelabs.locker_11.apk,57,0,0,0,0
net.zygotelabs.locker_11.apk,58,0,0,0,0
net.zygotelabs.locker_11.apk,59,0,0,0,0
net.zygotelabs.locker_11.apk,60,0,0,0,0
net.zygotelabs.locker_11.apk,61,0,0,0,0
net.zygotelabs.locker_11.apk,62,0,0,0,0
net.zygotelabs.locker_11.apk,63,0,0,0,0
net.zygotelabs.locker_11.apk,64,0,0,0,0
net.zygotelabs.locker_11.apk,65,0,0,0,0
net.zygotelabs.locker_11.apk,66,0,0,0,0
net.zygotelabs.locker_11.apk,67,0,0,0,0
net.zygotelabs.locker_11.apk,68,0,0,0,0
net.zygotelabs.locker_11.apk,69,0,0,0,0
net.zygotelabs.locker_11.apk,70,0,0,0,0
net.zygotelabs.locker_11.apk,71,0,0,0,0
net.zygotelabs.locker_11.apk,72,0,0,0,0
net.zygotelabs.locker_11.apk,73,0,0,0,0
net.zygotelabs.locker_11.apk,74,0,0,0,0
net.zygotelabs.locker_11.apk,75,0,0,0,0
net.zygotelabs.locker_11.apk,76,0,0,0,0
nya.miku.wishmaster_54.apk,0,0,0,0,0
nya.miku.wishmaster_54.apk,1,0,0,0,0
nya.miku.wishmaster_54.apk,2,0,0,0,0
nya.miku.wishmaster_54.apk,3,0,0,0,0
nya.miku.wishmaster_54.apk,4,0,0,0,0
nya.miku.wishmaster_54.apk,5,0,0,0,0
nya.miku.wishmaster_54.apk,6,0,0,0,0
nya.miku.wishmaster_54.apk,7,0,0,0,0
nya.miku.wishmaster_54.apk,8,0,0,0,0
nya.miku.wishmaster_54.apk,9,0,0,0,0
nya.miku.wishmaster_54.apk,10,0,0,0,0
nya.miku.wishmaster_54.apk,11,0,0,0,0
nya.miku.wishmaster_54.apk,12,0,0,0,0
nya.miku.wishmaster_54.apk,13,0,0,0,0
nya.miku.wishmaster_54.apk,14,0,0,0,0
nya.miku.wishmaster_54.apk,15,0,0,0,0
nya.miku.wishmaster_54.apk,16,0,0,0,0
nya.miku.wishmaster_54.apk,17,0,0,0,0
nya.miku.wishmaster_54.apk,18,0,0,0,0
nya.miku.wishmaster_54.apk,19,0,0,0,0
nya.miku.wishmaster_54.apk,20,0,0,0,0
nya.miku.wishmaster_54.apk,21,0,0,0,0
nya.miku.wishmaster_54.apk,22,0,0,0,0
nya.miku.wishmaster_54.apk,23,0,0,0,0
nya.miku.wishmaster_54.apk,24,0,0,0,0
nya.miku.wishmaster_54.apk,25,0,0,0,0
nya.miku.wishmaster_54.apk,26,0,0,0,0
nya.miku.wishmaster_54.apk,27,0,0,0,0
nya.miku.wishmaster_54.apk,28,0,0,0,0
nya.miku.wishmaster_54.apk,29,0,0,0,0
nya.miku.wishmaster_54.apk,30,0,0,0,0
nya.miku.wishmaster_54.apk,31,0,0,0,0
nya.miku.wishmaster_54.apk,32,0,0,0,0
nya.miku.wishmaster_54.apk,33,0,0,0,0
nya.miku.wishmaster_54.apk,34,0,0,0,0
nya.miku.wishmaster_54.apk,35,0,0,0,0
nya.miku.wishmaster_54.apk,36,0,0,0,0
nya.miku.wishmaster_54.apk,37,0,0,0,0
nya.miku.wishmaster_54.apk,38,0,0,0,0
nya.miku.wishmaster_54.apk,39,0,0,0,0
nya.miku.wishmaster_54.apk,40,0,0,0,0
nya.miku.wishmaster_54.apk,41,0,0,0,0
nya.miku.wishmaster_54.apk,42,0,0,0,0
nya.miku.wishmaster_54.apk,43,0,0,0,0
nya.miku.wishmaster_54.apk,44,0,0,0,0
nya.miku.wishmaster_54.apk,45,0,0,0,0
nya.miku.wishmaster_54.apk,46,0,0,0,0
nya.miku.wishmaster_54.apk,47,0,0,0,0
nya.miku.wishmaster_54.apk,48,0,0,0,0
nya.miku.wishmaster_54.apk,49,0,0,0,0
nya.miku.wishmaster_54.apk,50,0,0,0,0
nya.miku.wishmaster_54.apk,51,0,0,0,0
nya.miku.wishmaster_54.apk,52,0,0,0,0
nya.miku.wishmaster_54.apk,53,0,0,0,0
nya.miku.wishmaster_54.apk,54,0,0,0,0
nya.miku.wishmaster_54.apk,55,0,0,0,0
nya.miku.wishmaster_54.apk,56,0,0,0,0
nya.miku.wishmaster_54.apk,57,0,0,0,0
nya.miku.wishmaster_54.apk,58,0,0,0,0
nya.miku.wishmaster_54.apk,59,0,0,0,0
nya.miku.wishmaster_54.apk,60,0,0,0,0
nya.miku.wishmaster_54.apk,61,0,0,0,0
nya.miku.wishmaster_54.apk,62,0,0,0,0
nya.miku.wishmaster_54.apk,63,0,0,0,0
nya.miku.wishmaster_54.apk,64,0,0,0,0
nya.miku.wishmaster_54.apk,65,0,0,0,0
nya.miku.wishmaster_54.apk,66,0,0,0,0
nya.miku.wishmaster_54.apk,67,0,0,0,0
nya.miku.wishmaster_54.apk,68,0,0,0,0
nya.miku.wishmaster_54.apk,69,0,0,0,0
nya.miku.wishmaster_54.apk,70,0,0,0,0
nya.miku.wishmaster_54.apk,71,0,0,0,0
nya.miku.wishmaster_54.apk,72,0,0,0,0
nya.miku.wishmaster_54.apk,73,0,0,0,0
nya.miku.wishmaster_54.apk,74,0,0,0,0
nya.miku.wishmaster_54.apk,75,0,0,0,0
nya.miku.wishmaster_54.apk,76,0,0,0,0
org.dnaq.dialer2_17.apk,0,0,0,0,0
org.dnaq.dialer2_17.apk,1,0,0,0,0
org.dnaq.dialer2_17.apk,2,0,0,0,0
org.dnaq.dialer2_17.apk,3,0,0,0,0
org.dnaq.dialer2_17.apk,4,0,0,0,0
org.dnaq.dialer2_17.apk,5,0,0,0,0
org.dnaq.dialer2_17.apk,6,0,0,0,0
org.dnaq.dialer2_17.apk,7,0,0,0,0
org.dnaq.dialer2_17.apk,8,22,6,14,0.3
org.dnaq.dialer2_17.apk,9,0,0,0,0
org.dnaq.dialer2_17.apk,10,0,0,0,0
org.dnaq.dialer2_17.apk,11,3,1,1,0.5
org.dnaq.dialer2_17.apk,12,0,0,0,0
org.dnaq.dialer2_17.apk,13,0,0,0,0
org.dnaq.dialer2_17.apk,14,29,3,19,0.136363636
org.dnaq.dialer2_17.apk,15,0,0,0,0
org.dnaq.dialer2_17.apk,16,0,0,0,0
org.dnaq.dialer2_17.apk,17,0,0,0,0
org.dnaq.dialer2_17.apk,18,0,0,0,0
org.dnaq.dialer2_17.apk,19,0,0,0,0
org.dnaq.dialer2_17.apk,20,0,0,0,0
org.dnaq.dialer2_17.apk,21,0,0,0,0
org.dnaq.dialer2_17.apk,22,0,0,0,0
org.dnaq.dialer2_17.apk,23,22,3,13,0.1875
org.dnaq.dialer2_17.apk,24,4,0,4,0
org.dnaq.dialer2_17.apk,25,0,0,0,0
org.dnaq.dialer2_17.apk,26,0,0,0,0
org.dnaq.dialer2_17.apk,27,0,0,0,0
org.dnaq.dialer2_17.apk,28,0,0,0,0
org.dnaq.dialer2_17.apk,29,0,0,0,0
org.dnaq.dialer2_17.apk,30,16,2,11,0.153846154
org.dnaq.dialer2_17.apk,31,0,0,0,0
org.dnaq.dialer2_17.apk,32,0,0,0,0
org.dnaq.dialer2_17.apk,33,0,0,0,0
org.dnaq.dialer2_17.apk,34,0,0,0,0
org.dnaq.dialer2_17.apk,35,0,0,0,0
org.dnaq.dialer2_17.apk,36,0,0,0,0
org.dnaq.dialer2_17.apk,37,0,0,0,0
org.dnaq.dialer2_17.apk,38,0,0,0,0
org.dnaq.dialer2_17.apk,39,0,0,0,0
org.dnaq.dialer2_17.apk,40,28,6,18,0.25
org.dnaq.dialer2_17.apk,41,0,0,0,0
org.dnaq.dialer2_17.apk,42,0,0,0,0
org.dnaq.dialer2_17.apk,43,0,0,0,0
org.dnaq.dialer2_17.apk,44,3,0,3,0
org.dnaq.dialer2_17.apk,45,0,0,0,0
org.dnaq.dialer2_17.apk,46,0,0,0,0
org.dnaq.dialer2_17.apk,47,0,0,0,0
org.dnaq.dialer2_17.apk,48,0,0,0,0
org.dnaq.dialer2_17.apk,49,0,0,0,0
org.dnaq.dialer2_17.apk,50,0,0,0,0
org.dnaq.dialer2_17.apk,51,0,0,0,0
org.dnaq.dialer2_17.apk,52,0,0,0,0
org.dnaq.dialer2_17.apk,53,3,0,3,0
org.dnaq.dialer2_17.apk,54,0,0,0,0
org.dnaq.dialer2_17.apk,55,0,0,0,0
org.dnaq.dialer2_17.apk,56,0,0,0,0
org.dnaq.dialer2_17.apk,57,0,0,0,0
org.dnaq.dialer2_17.apk,58,24,3,18,0.142857143
org.dnaq.dialer2_17.apk,59,16,2,11,0.153846154
org.dnaq.dialer2_17.apk,60,0,0,0,0
org.dnaq.dialer2_17.apk,61,27,3,21,0.125
org.dnaq.dialer2_17.apk,62,0,0,0,0
org.dnaq.dialer2_17.apk,63,0,0,0,0
org.dnaq.dialer2_17.apk,64,0,0,0,0
org.dnaq.dialer2_17.apk,65,0,0,0,0
org.dnaq.dialer2_17.apk,66,29,3,20,0.130434783
org.dnaq.dialer2_17.apk,67,0,0,0,0
org.dnaq.dialer2_17.apk,68,0,0,0,0
org.dnaq.dialer2_17.apk,69,0,0,0,0
org.dnaq.dialer2_17.apk,70,0,0,0,0
org.dnaq.dialer2_17.apk,71,0,0,0,0
org.dnaq.dialer2_17.apk,72,34,3,26,0.103448276
org.dnaq.dialer2_17.apk,73,21,2,16,0.111111111
org.dnaq.dialer2_17.apk,74,2,0,2,0
org.dnaq.dialer2_17.apk,75,12,2,8,0.2
org.dnaq.dialer2_17.apk,76,0,0,0,0
org.dyndns.sven_ola.debian_kit_6.apk,0,0,0,0,0
org.dyndns.sven_ola.debian_kit_6.apk,1,0,0,0,0
org.dyndns.sven_ola.debian_kit_6.apk,2,0,0,0,0
org.dyndns.sven_ola.debian_kit_6.apk,3,0,0,0,0
org.dyndns.sven_ola.debian_kit_6.apk,4,0,0,0,0
org.dyndns.sven_ola.debian_kit_6.apk,5,0,0,0,0
org.dyndns.sven_ola.debian_kit_6.apk,6,0,0,0,0
org.dyndns.sven_ola.debian_kit_6.apk,7,0,0,0,0
org.dyndns.sven_ola.debian_kit_6.apk,8,12,1,7,0.125
org.dyndns.sven_ola.debian_kit_6.apk,9,0,0,0,0
org.dyndns.sven_ola.debian_kit_6.apk,10,0,0,0,0
org.dyndns.sven_ola.debian_kit_6.apk,11,0,0,0,0
org.dyndns.sven_ola.debian_kit_6.apk,12,0,0,0,0
org.dyndns.sven_ola.debian_kit_6.apk,13,0,0,0,0
org.dyndns.sven_ola.debian_kit_6.apk,14,21,3,11,0.214285714
org.dyndns.sven_ola.debian_kit_6.apk,15,0,0,0,0
org.dyndns.sven_ola.debian_kit_6.apk,16,0,0,0,0
org.dyndns.sven_ola.debian_kit_6.apk,17,0,0,0,0
org.dyndns.sven_ola.debian_kit_6.apk,18,0,0,0,0
org.dyndns.sven_ola.debian_kit_6.apk,19,0,0,0,0
org.dyndns.sven_ola.debian_kit_6.apk,20,0,0,0,0
org.dyndns.sven_ola.debian_kit_6.apk,21,0,0,0,0
org.dyndns.sven_ola.debian_kit_6.apk,22,0,0,0,0
org.dyndns.sven_ola.debian_kit_6.apk,23,12,2,6,0.25
org.dyndns.sven_ola.debian_kit_6.apk,24,5,2,2,0.5
org.dyndns.sven_ola.debian_kit_6.apk,25,0,0,0,0
org.dyndns.sven_ola.debian_kit_6.apk,26,0,0,0,0
org.dyndns.sven_ola.debian_kit_6.apk,27,0,0,0,0
org.dyndns.sven_ola.debian_kit_6.apk,28,0,0,0,0
org.dyndns.sven_ola.debian_kit_6.apk,29,0,0,0,0
org.dyndns.sven_ola.debian_kit_6.apk,30,11,3,5,0.375
org.dyndns.sven_ola.debian_kit_6.apk,31,0,0,0,0
org.dyndns.sven_ola.debian_kit_6.apk,32,0,0,0,0
org.dyndns.sven_ola.debian_kit_6.apk,33,0,0,0,0
org.dyndns.sven_ola.debian_kit_6.apk,34,0,0,0,0
org.dyndns.sven_ola.debian_kit_6.apk,35,0,0,0,0
org.dyndns.sven_ola.debian_kit_6.apk,36,0,0,0,0
org.dyndns.sven_ola.debian_kit_6.apk,37,0,0,0,0
org.dyndns.sven_ola.debian_kit_6.apk,38,0,0,0,0
org.dyndns.sven_ola.debian_kit_6.apk,39,0,0,0,0
org.dyndns.sven_ola.debian_kit_6.apk,40,0,0,0,0
org.dyndns.sven_ola.debian_kit_6.apk,41,0,0,0,0
org.dyndns.sven_ola.debian_kit_6.apk,42,0,0,0,0
org.dyndns.sven_ola.debian_kit_6.apk,43,0,0,0,0
org.dyndns.sven_ola.debian_kit_6.apk,44,10,2,5,0.285714286
org.dyndns.sven_ola.debian_kit_6.apk,45,0,0,0,0
org.dyndns.sven_ola.debian_kit_6.apk,46,0,0,0,0
org.dyndns.sven_ola.debian_kit_6.apk,47,0,0,0,0
org.dyndns.sven_ola.debian_kit_6.apk,48,0,0,0,0
org.dyndns.sven_ola.debian_kit_6.apk,49,0,0,0,0
org.dyndns.sven_ola.debian_kit_6.apk,50,0,0,0,0
org.dyndns.sven_ola.debian_kit_6.apk,51,0,0,0,0
org.dyndns.sven_ola.debian_kit_6.apk,52,0,0,0,0
org.dyndns.sven_ola.debian_kit_6.apk,53,0,0,0,0
org.dyndns.sven_ola.debian_kit_6.apk,54,0,0,0,0
org.dyndns.sven_ola.debian_kit_6.apk,55,0,0,0,0
org.dyndns.sven_ola.debian_kit_6.apk,56,0,0,0,0
org.dyndns.sven_ola.debian_kit_6.apk,57,0,0,0,0
org.dyndns.sven_ola.debian_kit_6.apk,58,21,3,11,0.214285714
org.dyndns.sven_ola.debian_kit_6.apk,59,15,3,7,0.3
org.dyndns.sven_ola.debian_kit_6.apk,60,0,0,0,0
org.dyndns.sven_ola.debian_kit_6.apk,61,0,0,0,0
org.dyndns.sven_ola.debian_kit_6.apk,62,0,0,0,0
org.dyndns.sven_ola.debian_kit_6.apk,63,0,0,0,0
org.dyndns.sven_ola.debian_kit_6.apk,64,0,0,0,0
org.dyndns.sven_ola.debian_kit_6.apk,65,0,0,0,0
org.dyndns.sven_ola.debian_kit_6.apk,66,21,3,11,0.214285714
org.dyndns.sven_ola.debian_kit_6.apk,67,0,0,0,0
org.dyndns.sven_ola.debian_kit_6.apk,68,0,0,0,0
org.dyndns.sven_ola.debian_kit_6.apk,69,0,0,0,0
org.dyndns.sven_ola.debian_kit_6.apk,70,0,0,0,0
org.dyndns.sven_ola.debian_kit_6.apk,71,0,0,0,0
org.dyndns.sven_ola.debian_kit_6.apk,72,21,3,11,0.214285714
org.dyndns.sven_ola.debian_kit_6.apk,73,0,0,0,0
org.dyndns.sven_ola.debian_kit_6.apk,74,0,0,0,0
org.dyndns.sven_ola.debian_kit_6.apk,75,5,2,2,0.5
org.dyndns.sven_ola.debian_kit_6.apk,76,0,0,0,0
org.jfedor.frozenbubble_54.apk,0,0,0,0,0
org.jfedor.frozenbubble_54.apk,1,0,0,0,0
org.jfedor.frozenbubble_54.apk,2,0,0,0,0
org.jfedor.frozenbubble_54.apk,3,0,0,0,0
org.jfedor.frozenbubble_54.apk,4,0,0,0,0
org.jfedor.frozenbubble_54.apk,5,0,0,0,0
org.jfedor.frozenbubble_54.apk,6,0,0,0,0
org.jfedor.frozenbubble_54.apk,7,0,0,0,0
org.jfedor.frozenbubble_54.apk,8,0,0,0,0
org.jfedor.frozenbubble_54.apk,9,0,0,0,0
org.jfedor.frozenbubble_54.apk,10,0,0,0,0
org.jfedor.frozenbubble_54.apk,11,0,0,0,0
org.jfedor.frozenbubble_54.apk,12,0,0,0,0
org.jfedor.frozenbubble_54.apk,13,0,0,0,0
org.jfedor.frozenbubble_54.apk,14,34,3,19,0.136363636
org.jfedor.frozenbubble_54.apk,15,0,0,0,0
org.jfedor.frozenbubble_54.apk,16,0,0,0,0
org.jfedor.frozenbubble_54.apk,17,0,0,0,0
org.jfedor.frozenbubble_54.apk,18,0,0,0,0
org.jfedor.frozenbubble_54.apk,19,0,0,0,0
org.jfedor.frozenbubble_54.apk,20,0,0,0,0
org.jfedor.frozenbubble_54.apk,21,0,0,0,0
org.jfedor.frozenbubble_54.apk,22,0,0,0,0
org.jfedor.frozenbubble_54.apk,23,0,0,0,0
org.jfedor.frozenbubble_54.apk,24,6,2,4,0.333333333
org.jfedor.frozenbubble_54.apk,25,0,0,0,0
org.jfedor.frozenbubble_54.apk,26,0,0,0,0
org.jfedor.frozenbubble_54.apk,27,0,0,0,0
org.jfedor.frozenbubble_54.apk,28,0,0,0,0
org.jfedor.frozenbubble_54.apk,29,0,0,0,0
org.jfedor.frozenbubble_54.apk,30,6,1,5,0.166666667
org.jfedor.frozenbubble_54.apk,31,0,0,0,0
org.jfedor.frozenbubble_54.apk,32,0,0,0,0
org.jfedor.frozenbubble_54.apk,33,0,0,0,0
org.jfedor.frozenbubble_54.apk,34,0,0,0,0
org.jfedor.frozenbubble_54.apk,35,0,0,0,0
org.jfedor.frozenbubble_54.apk,36,0,0,0,0
org.jfedor.frozenbubble_54.apk,37,0,0,0,0
org.jfedor.frozenbubble_54.apk,38,0,0,0,0
org.jfedor.frozenbubble_54.apk,39,0,0,0,0
org.jfedor.frozenbubble_54.apk,40,0,0,0,0
org.jfedor.frozenbubble_54.apk,41,0,0,0,0
org.jfedor.frozenbubble_54.apk,42,0,0,0,0
org.jfedor.frozenbubble_54.apk,43,0,0,0,0
org.jfedor.frozenbubble_54.apk,44,27,3,17,0.15
org.jfedor.frozenbubble_54.apk,45,0,0,0,0
org.jfedor.frozenbubble_54.apk,46,0,0,0,0
org.jfedor.frozenbubble_54.apk,47,0,0,0,0
org.jfedor.frozenbubble_54.apk,48,0,0,0,0
org.jfedor.frozenbubble_54.apk,49,0,0,0,0
org.jfedor.frozenbubble_54.apk,50,0,0,0,0
org.jfedor.frozenbubble_54.apk,51,0,0,0,0
org.jfedor.frozenbubble_54.apk,52,0,0,0,0
org.jfedor.frozenbubble_54.apk,53,27,3,17,0.15
org.jfedor.frozenbubble_54.apk,54,0,0,0,0
org.jfedor.frozenbubble_54.apk,55,0,0,0,0
org.jfedor.frozenbubble_54.apk,56,0,0,0,0
org.jfedor.frozenbubble_54.apk,57,0,0,0,0
org.jfedor.frozenbubble_54.apk,58,24,5,11,0.3125
org.jfedor.frozenbubble_54.apk,59,6,1,5,0.166666667
org.jfedor.frozenbubble_54.apk,60,0,0,0,0
org.jfedor.frozenbubble_54.apk,61,24,5,11,0.3125
org.jfedor.frozenbubble_54.apk,62,0,0,0,0
org.jfedor.frozenbubble_54.apk,63,0,0,0,0
org.jfedor.frozenbubble_54.apk,64,0,0,0,0
org.jfedor.frozenbubble_54.apk,65,0,0,0,0
org.jfedor.frozenbubble_54.apk,66,34,3,19,0.136363636
org.jfedor.frozenbubble_54.apk,67,0,0,0,0
org.jfedor.frozenbubble_54.apk,68,0,0,0,0
org.jfedor.frozenbubble_54.apk,69,0,0,0,0
org.jfedor.frozenbubble_54.apk,70,0,0,0,0
org.jfedor.frozenbubble_54.apk,71,0,0,0,0
org.jfedor.frozenbubble_54.apk,72,0,0,0,0
org.jfedor.frozenbubble_54.apk,73,7,2,5,0.285714286
org.jfedor.frozenbubble_54.apk,74,5,1,4,0.2
org.jfedor.frozenbubble_54.apk,75,6,0,6,0
org.jfedor.frozenbubble_54.apk,76,0,0,0,0
org.jsl.wfwt_14.apk,0,0,0,0,0
org.jsl.wfwt_14.apk,1,0,0,0,0
org.jsl.wfwt_14.apk,2,0,0,0,0
org.jsl.wfwt_14.apk,3,0,0,0,0
org.jsl.wfwt_14.apk,4,0,0,0,0
org.jsl.wfwt_14.apk,5,0,0,0,0
org.jsl.wfwt_14.apk,6,0,0,0,0
org.jsl.wfwt_14.apk,7,0,0,0,0
org.jsl.wfwt_14.apk,8,0,0,0,0
org.jsl.wfwt_14.apk,9,0,0,0,0
org.jsl.wfwt_14.apk,10,0,0,0,0
org.jsl.wfwt_14.apk,11,0,0,0,0
org.jsl.wfwt_14.apk,12,0,0,0,0
org.jsl.wfwt_14.apk,13,0,0,0,0
org.jsl.wfwt_14.apk,14,0,0,0,0
org.jsl.wfwt_14.apk,15,0,0,0,0
org.jsl.wfwt_14.apk,16,0,0,0,0
org.jsl.wfwt_14.apk,17,0,0,0,0
org.jsl.wfwt_14.apk,18,0,0,0,0
org.jsl.wfwt_14.apk,19,0,0,0,0
org.jsl.wfwt_14.apk,20,0,0,0,0
org.jsl.wfwt_14.apk,21,0,0,0,0
org.jsl.wfwt_14.apk,22,0,0,0,0
org.jsl.wfwt_14.apk,23,0,0,0,0
org.jsl.wfwt_14.apk,24,8,0,5,0
org.jsl.wfwt_14.apk,25,0,0,0,0
org.jsl.wfwt_14.apk,26,0,0,0,0
org.jsl.wfwt_14.apk,27,0,0,0,0
org.jsl.wfwt_14.apk,28,0,0,0,0
org.jsl.wfwt_14.apk,29,0,0,0,0
org.jsl.wfwt_14.apk,30,0,0,0,0
org.jsl.wfwt_14.apk,31,0,0,0,0
org.jsl.wfwt_14.apk,32,0,0,0,0
org.jsl.wfwt_14.apk,33,0,0,0,0
org.jsl.wfwt_14.apk,34,0,0,0,0
org.jsl.wfwt_14.apk,35,0,0,0,0
org.jsl.wfwt_14.apk,36,0,0,0,0
org.jsl.wfwt_14.apk,37,0,0,0,0
org.jsl.wfwt_14.apk,38,0,0,0,0
org.jsl.wfwt_14.apk,39,0,0,0,0
org.jsl.wfwt_14.apk,40,0,0,0,0
org.jsl.wfwt_14.apk,41,0,0,0,0
org.jsl.wfwt_14.apk,42,0,0,0,0
org.jsl.wfwt_14.apk,43,0,0,0,0
org.jsl.wfwt_14.apk,44,0,0,0,0
org.jsl.wfwt_14.apk,45,0,0,0,0
org.jsl.wfwt_14.apk,46,0,0,0,0
org.jsl.wfwt_14.apk,47,0,0,0,0
org.jsl.wfwt_14.apk,48,0,0,0,0
org.jsl.wfwt_14.apk,49,0,0,0,0
org.jsl.wfwt_14.apk,50,0,0,0,0
org.jsl.wfwt_14.apk,51,0,0,0,0
org.jsl.wfwt_14.apk,52,0,0,0,0
org.jsl.wfwt_14.apk,53,0,0,0,0
org.jsl.wfwt_14.apk,54,0,0,0,0
org.jsl.wfwt_14.apk,55,0,0,0,0
org.jsl.wfwt_14.apk,56,0,0,0,0
org.jsl.wfwt_14.apk,57,0,0,0,0
org.jsl.wfwt_14.apk,58,0,0,0,0
org.jsl.wfwt_14.apk,59,25,0,16,0
org.jsl.wfwt_14.apk,60,0,0,0,0
org.jsl.wfwt_14.apk,61,0,0,0,0
org.jsl.wfwt_14.apk,62,0,0,0,0
org.jsl.wfwt_14.apk,63,0,0,0,0
org.jsl.wfwt_14.apk,64,0,0,0,0
org.jsl.wfwt_14.apk,65,0,0,0,0
org.jsl.wfwt_14.apk,66,0,0,0,0
org.jsl.wfwt_14.apk,67,0,0,0,0
org.jsl.wfwt_14.apk,68,0,0,0,0
org.jsl.wfwt_14.apk,69,0,0,0,0
org.jsl.wfwt_14.apk,70,0,0,0,0
org.jsl.wfwt_14.apk,71,0,0,0,0
org.jsl.wfwt_14.apk,72,0,0,0,0
org.jsl.wfwt_14.apk,73,11,0,6,0
org.jsl.wfwt_14.apk,74,4,0,1,0
org.jsl.wfwt_14.apk,75,9,0,6,0
org.jsl.wfwt_14.apk,76,0,0,0,0
org.ninthfloor.copperpdf_4.apk,0,0,0,0,0
org.ninthfloor.copperpdf_4.apk,1,0,0,0,0
org.ninthfloor.copperpdf_4.apk,2,0,0,0,0
org.ninthfloor.copperpdf_4.apk,3,0,0,0,0
org.ninthfloor.copperpdf_4.apk,4,0,0,0,0
org.ninthfloor.copperpdf_4.apk,5,0,0,0,0
org.ninthfloor.copperpdf_4.apk,6,0,0,0,0
org.ninthfloor.copperpdf_4.apk,7,0,0,0,0
org.ninthfloor.copperpdf_4.apk,8,0,0,0,0
org.ninthfloor.copperpdf_4.apk,9,0,0,0,0
org.ninthfloor.copperpdf_4.apk,10,0,0,0,0
org.ninthfloor.copperpdf_4.apk,11,0,0,0,0
org.ninthfloor.copperpdf_4.apk,12,0,0,0,0
org.ninthfloor.copperpdf_4.apk,13,0,0,0,0
org.ninthfloor.copperpdf_4.apk,14,0,0,0,0
org.ninthfloor.copperpdf_4.apk,15,0,0,0,0
org.ninthfloor.copperpdf_4.apk,16,0,0,0,0
org.ninthfloor.copperpdf_4.apk,17,0,0,0,0
org.ninthfloor.copperpdf_4.apk,18,0,0,0,0
org.ninthfloor.copperpdf_4.apk,19,0,0,0,0
org.ninthfloor.copperpdf_4.apk,20,0,0,0,0
org.ninthfloor.copperpdf_4.apk,21,0,0,0,0
org.ninthfloor.copperpdf_4.apk,22,0,0,0,0
org.ninthfloor.copperpdf_4.apk,23,0,0,0,0
org.ninthfloor.copperpdf_4.apk,24,0,0,0,0
org.ninthfloor.copperpdf_4.apk,25,0,0,0,0
org.ninthfloor.copperpdf_4.apk,26,0,0,0,0
org.ninthfloor.copperpdf_4.apk,27,0,0,0,0
org.ninthfloor.copperpdf_4.apk,28,0,0,0,0
org.ninthfloor.copperpdf_4.apk,29,0,0,0,0
org.ninthfloor.copperpdf_4.apk,30,0,0,0,0
org.ninthfloor.copperpdf_4.apk,31,0,0,0,0
org.ninthfloor.copperpdf_4.apk,32,0,0,0,0
org.ninthfloor.copperpdf_4.apk,33,0,0,0,0
org.ninthfloor.copperpdf_4.apk,34,0,0,0,0
org.ninthfloor.copperpdf_4.apk,35,0,0,0,0
org.ninthfloor.copperpdf_4.apk,36,0,0,0,0
org.ninthfloor.copperpdf_4.apk,37,0,0,0,0
org.ninthfloor.copperpdf_4.apk,38,0,0,0,0
org.ninthfloor.copperpdf_4.apk,39,0,0,0,0
org.ninthfloor.copperpdf_4.apk,40,0,0,0,0
org.ninthfloor.copperpdf_4.apk,41,0,0,0,0
org.ninthfloor.copperpdf_4.apk,42,0,0,0,0
org.ninthfloor.copperpdf_4.apk,43,0,0,0,0
org.ninthfloor.copperpdf_4.apk,44,0,0,0,0
org.ninthfloor.copperpdf_4.apk,45,0,0,0,0
org.ninthfloor.copperpdf_4.apk,46,0,0,0,0
org.ninthfloor.copperpdf_4.apk,47,0,0,0,0
org.ninthfloor.copperpdf_4.apk,48,0,0,0,0
org.ninthfloor.copperpdf_4.apk,49,0,0,0,0
org.ninthfloor.copperpdf_4.apk,50,0,0,0,0
org.ninthfloor.copperpdf_4.apk,51,0,0,0,0
org.ninthfloor.copperpdf_4.apk,52,0,0,0,0
org.ninthfloor.copperpdf_4.apk,53,0,0,0,0
org.ninthfloor.copperpdf_4.apk,54,0,0,0,0
org.ninthfloor.copperpdf_4.apk,55,0,0,0,0
org.ninthfloor.copperpdf_4.apk,56,0,0,0,0
org.ninthfloor.copperpdf_4.apk,57,0,0,0,0
org.ninthfloor.copperpdf_4.apk,58,0,0,0,0
org.ninthfloor.copperpdf_4.apk,59,0,0,0,0
org.ninthfloor.copperpdf_4.apk,60,0,0,0,0
org.ninthfloor.copperpdf_4.apk,61,0,0,0,0
org.ninthfloor.copperpdf_4.apk,62,0,0,0,0
org.ninthfloor.copperpdf_4.apk,63,0,0,0,0
org.ninthfloor.copperpdf_4.apk,64,0,0,0,0
org.ninthfloor.copperpdf_4.apk,65,0,0,0,0
org.ninthfloor.copperpdf_4.apk,66,0,0,0,0
org.ninthfloor.copperpdf_4.apk,67,0,0,0,0
org.ninthfloor.copperpdf_4.apk,68,0,0,0,0
org.ninthfloor.copperpdf_4.apk,69,0,0,0,0
org.ninthfloor.copperpdf_4.apk,70,0,0,0,0
org.ninthfloor.copperpdf_4.apk,71,0,0,0,0
org.ninthfloor.copperpdf_4.apk,72,0,0,0,0
org.ninthfloor.copperpdf_4.apk,73,0,0,0,0
org.ninthfloor.copperpdf_4.apk,74,0,0,0,0
org.ninthfloor.copperpdf_4.apk,75,0,0,0,0
org.ninthfloor.copperpdf_4.apk,76,0,0,0,0
org.tuxpaint_923.apk,0,0,0,0,0
org.tuxpaint_923.apk,1,0,0,0,0
org.tuxpaint_923.apk,2,0,0,0,0
org.tuxpaint_923.apk,3,0,0,0,0
org.tuxpaint_923.apk,4,0,0,0,0
org.tuxpaint_923.apk,5,0,0,0,0
org.tuxpaint_923.apk,6,0,0,0,0
org.tuxpaint_923.apk,7,0,0,0,0
org.tuxpaint_923.apk,8,0,0,0,0
org.tuxpaint_923.apk,9,0,0,0,0
org.tuxpaint_923.apk,10,0,0,0,0
org.tuxpaint_923.apk,11,0,0,0,0
org.tuxpaint_923.apk,12,0,0,0,0
org.tuxpaint_923.apk,13,0,0,0,0
org.tuxpaint_923.apk,14,4,4,0,1
org.tuxpaint_923.apk,15,0,0,0,0
org.tuxpaint_923.apk,16,0,0,0,0
org.tuxpaint_923.apk,17,0,0,0,0
org.tuxpaint_923.apk,18,0,0,0,0
org.tuxpaint_923.apk,19,0,0,0,0
org.tuxpaint_923.apk,20,0,0,0,0
org.tuxpaint_923.apk,21,0,0,0,0
org.tuxpaint_923.apk,22,0,0,0,0
org.tuxpaint_923.apk,23,3,3,0,1
org.tuxpaint_923.apk,24,3,3,0,1
org.tuxpaint_923.apk,25,0,0,0,0
org.tuxpaint_923.apk,26,0,0,0,0
org.tuxpaint_923.apk,27,0,0,0,0
org.tuxpaint_923.apk,28,0,0,0,0
org.tuxpaint_923.apk,29,0,0,0,0
org.tuxpaint_923.apk,30,4,4,0,1
org.tuxpaint_923.apk,31,0,0,0,0
org.tuxpaint_923.apk,32,0,0,0,0
org.tuxpaint_923.apk,33,0,0,0,0
org.tuxpaint_923.apk,34,0,0,0,0
org.tuxpaint_923.apk,35,0,0,0,0
org.tuxpaint_923.apk,36,0,0,0,0
org.tuxpaint_923.apk,37,0,0,0,0
org.tuxpaint_923.apk,38,0,0,0,0
org.tuxpaint_923.apk,39,0,0,0,0
org.tuxpaint_923.apk,40,4,4,0,1
org.tuxpaint_923.apk,41,0,0,0,0
org.tuxpaint_923.apk,42,0,0,0,0
org.tuxpaint_923.apk,43,0,0,0,0
org.tuxpaint_923.apk,44,3,3,0,1
org.tuxpaint_923.apk,45,0,0,0,0
org.tuxpaint_923.apk,46,0,0,0,0
org.tuxpaint_923.apk,47,0,0,0,0
org.tuxpaint_923.apk,48,0,0,0,0
org.tuxpaint_923.apk,49,0,0,0,0
org.tuxpaint_923.apk,50,0,0,0,0
org.tuxpaint_923.apk,51,0,0,0,0
org.tuxpaint_923.apk,52,0,0,0,0
org.tuxpaint_923.apk,53,3,3,0,1
org.tuxpaint_923.apk,54,0,0,0,0
org.tuxpaint_923.apk,55,0,0,0,0
org.tuxpaint_923.apk,56,0,0,0,0
org.tuxpaint_923.apk,57,0,0,0,0
org.tuxpaint_923.apk,58,4,4,0,1
org.tuxpaint_923.apk,59,4,4,0,1
org.tuxpaint_923.apk,60,0,0,0,0
org.tuxpaint_923.apk,61,4,4,0,1
org.tuxpaint_923.apk,62,0,0,0,0
org.tuxpaint_923.apk,63,0,0,0,0
org.tuxpaint_923.apk,64,0,0,0,0
org.tuxpaint_923.apk,65,0,0,0,0
org.tuxpaint_923.apk,66,4,4,0,1
org.tuxpaint_923.apk,67,0,0,0,0
org.tuxpaint_923.apk,68,0,0,0,0
org.tuxpaint_923.apk,69,0,0,0,0
org.tuxpaint_923.apk,70,0,0,0,0
org.tuxpaint_923.apk,71,0,0,0,0
org.tuxpaint_923.apk,72,4,4,0,1
org.tuxpaint_923.apk,73,4,4,0,1
org.tuxpaint_923.apk,74,3,3,0,1
org.tuxpaint_923.apk,75,3,3,0,1
org.tuxpaint_923.apk,76,0,0,0,0
org.zamedev.gloomydungeons2.opensource_1602221800.apk,0,0,0,0,0
org.zamedev.gloomydungeons2.opensource_1602221800.apk,1,0,0,0,0
org.zamedev.gloomydungeons2.opensource_1602221800.apk,2,0,0,0,0
org.zamedev.gloomydungeons2.opensource_1602221800.apk,3,0,0,0,0
org.zamedev.gloomydungeons2.opensource_1602221800.apk,4,0,0,0,0
org.zamedev.gloomydungeons2.opensource_1602221800.apk,5,0,0,0,0
org.zamedev.gloomydungeons2.opensource_1602221800.apk,6,0,0,0,0
org.zamedev.gloomydungeons2.opensource_1602221800.apk,7,0,0,0,0
org.zamedev.gloomydungeons2.opensource_1602221800.apk,8,0,0,0,0
org.zamedev.gloomydungeons2.opensource_1602221800.apk,9,0,0,0,0
org.zamedev.gloomydungeons2.opensource_1602221800.apk,10,0,0,0,0
org.zamedev.gloomydungeons2.opensource_1602221800.apk,11,0,0,0,0
org.zamedev.gloomydungeons2.opensource_1602221800.apk,12,0,0,0,0
org.zamedev.gloomydungeons2.opensource_1602221800.apk,13,0,0,0,0
org.zamedev.gloomydungeons2.opensource_1602221800.apk,14,0,0,0,0
org.zamedev.gloomydungeons2.opensource_1602221800.apk,15,0,0,0,0
org.zamedev.gloomydungeons2.opensource_1602221800.apk,16,0,0,0,0
org.zamedev.gloomydungeons2.opensource_1602221800.apk,17,0,0,0,0
org.zamedev.gloomydungeons2.opensource_1602221800.apk,18,0,0,0,0
org.zamedev.gloomydungeons2.opensource_1602221800.apk,19,0,0,0,0
org.zamedev.gloomydungeons2.opensource_1602221800.apk,20,0,0,0,0
org.zamedev.gloomydungeons2.opensource_1602221800.apk,21,0,0,0,0
org.zamedev.gloomydungeons2.opensource_1602221800.apk,22,0,0,0,0
org.zamedev.gloomydungeons2.opensource_1602221800.apk,23,0,0,0,0
org.zamedev.gloomydungeons2.opensource_1602221800.apk,24,0,0,0,0
org.zamedev.gloomydungeons2.opensource_1602221800.apk,25,0,0,0,0
org.zamedev.gloomydungeons2.opensource_1602221800.apk,26,0,0,0,0
org.zamedev.gloomydungeons2.opensource_1602221800.apk,27,0,0,0,0
org.zamedev.gloomydungeons2.opensource_1602221800.apk,28,0,0,0,0
org.zamedev.gloomydungeons2.opensource_1602221800.apk,29,0,0,0,0
org.zamedev.gloomydungeons2.opensource_1602221800.apk,30,0,0,0,0
org.zamedev.gloomydungeons2.opensource_1602221800.apk,31,0,0,0,0
org.zamedev.gloomydungeons2.opensource_1602221800.apk,32,0,0,0,0
org.zamedev.gloomydungeons2.opensource_1602221800.apk,33,0,0,0,0
org.zamedev.gloomydungeons2.opensource_1602221800.apk,34,0,0,0,0
org.zamedev.gloomydungeons2.opensource_1602221800.apk,35,0,0,0,0
org.zamedev.gloomydungeons2.opensource_1602221800.apk,36,0,0,0,0
org.zamedev.gloomydungeons2.opensource_1602221800.apk,37,0,0,0,0
org.zamedev.gloomydungeons2.opensource_1602221800.apk,38,0,0,0,0
org.zamedev.gloomydungeons2.opensource_1602221800.apk,39,0,0,0,0
org.zamedev.gloomydungeons2.opensource_1602221800.apk,40,0,0,0,0
org.zamedev.gloomydungeons2.opensource_1602221800.apk,41,0,0,0,0
org.zamedev.gloomydungeons2.opensource_1602221800.apk,42,0,0,0,0
org.zamedev.gloomydungeons2.opensource_1602221800.apk,43,0,0,0,0
org.zamedev.gloomydungeons2.opensource_1602221800.apk,44,0,0,0,0
org.zamedev.gloomydungeons2.opensource_1602221800.apk,45,0,0,0,0
org.zamedev.gloomydungeons2.opensource_1602221800.apk,46,0,0,0,0
org.zamedev.gloomydungeons2.opensource_1602221800.apk,47,0,0,0,0
org.zamedev.gloomydungeons2.opensource_1602221800.apk,48,0,0,0,0
org.zamedev.gloomydungeons2.opensource_1602221800.apk,49,0,0,0,0
org.zamedev.gloomydungeons2.opensource_1602221800.apk,50,0,0,0,0
org.zamedev.gloomydungeons2.opensource_1602221800.apk,51,0,0,0,0
org.zamedev.gloomydungeons2.opensource_1602221800.apk,52,0,0,0,0
org.zamedev.gloomydungeons2.opensource_1602221800.apk,53,0,0,0,0
org.zamedev.gloomydungeons2.opensource_1602221800.apk,54,0,0,0,0
org.zamedev.gloomydungeons2.opensource_1602221800.apk,55,0,0,0,0
org.zamedev.gloomydungeons2.opensource_1602221800.apk,56,0,0,0,0
org.zamedev.gloomydungeons2.opensource_1602221800.apk,57,0,0,0,0
org.zamedev.gloomydungeons2.opensource_1602221800.apk,58,0,0,0,0
org.zamedev.gloomydungeons2.opensource_1602221800.apk,59,0,0,0,0
org.zamedev.gloomydungeons2.opensource_1602221800.apk,60,0,0,0,0
org.zamedev.gloomydungeons2.opensource_1602221800.apk,61,0,0,0,0
org.zamedev.gloomydungeons2.opensource_1602221800.apk,62,0,0,0,0
org.zamedev.gloomydungeons2.opensource_1602221800.apk,63,0,0,0,0
org.zamedev.gloomydungeons2.opensource_1602221800.apk,64,0,0,0,0
org.zamedev.gloomydungeons2.opensource_1602221800.apk,65,0,0,0,0
org.zamedev.gloomydungeons2.opensource_1602221800.apk,66,0,0,0,0
org.zamedev.gloomydungeons2.opensource_1602221800.apk,67,0,0,0,0
org.zamedev.gloomydungeons2.opensource_1602221800.apk,68,0,0,0,0
org.zamedev.gloomydungeons2.opensource_1602221800.apk,69,0,0,0,0
org.zamedev.gloomydungeons2.opensource_1602221800.apk,70,0,0,0,0
org.zamedev.gloomydungeons2.opensource_1602221800.apk,71,0,0,0,0
org.zamedev.gloomydungeons2.opensource_1602221800.apk,72,0,0,0,0
org.zamedev.gloomydungeons2.opensource_1602221800.apk,73,0,0,0,0
org.zamedev.gloomydungeons2.opensource_1602221800.apk,74,0,0,0,0
org.zamedev.gloomydungeons2.opensource_1602221800.apk,75,0,0,0,0
org.zamedev.gloomydungeons2.opensource_1602221800.apk,76,0,0,0,0
protect.budgetwatch_29.apk,0,0,0,0,0
protect.budgetwatch_29.apk,1,0,0,0,0
protect.budgetwatch_29.apk,2,0,0,0,0
protect.budgetwatch_29.apk,3,0,0,0,0
protect.budgetwatch_29.apk,4,0,0,0,0
protect.budgetwatch_29.apk,5,0,0,0,0
protect.budgetwatch_29.apk,6,0,0,0,0
protect.budgetwatch_29.apk,7,0,0,0,0
protect.budgetwatch_29.apk,8,0,0,0,0
protect.budgetwatch_29.apk,9,0,0,0,0
protect.budgetwatch_29.apk,10,0,0,0,0
protect.budgetwatch_29.apk,11,0,0,0,0
protect.budgetwatch_29.apk,12,0,0,0,0
protect.budgetwatch_29.apk,13,0,0,0,0
protect.budgetwatch_29.apk,14,0,0,0,0
protect.budgetwatch_29.apk,15,0,0,0,0
protect.budgetwatch_29.apk,16,0,0,0,0
protect.budgetwatch_29.apk,17,0,0,0,0
protect.budgetwatch_29.apk,18,0,0,0,0
protect.budgetwatch_29.apk,19,0,0,0,0
protect.budgetwatch_29.apk,20,0,0,0,0
protect.budgetwatch_29.apk,21,0,0,0,0
protect.budgetwatch_29.apk,22,0,0,0,0
protect.budgetwatch_29.apk,23,0,0,0,0
protect.budgetwatch_29.apk,24,0,0,0,0
protect.budgetwatch_29.apk,25,0,0,0,0
protect.budgetwatch_29.apk,26,0,0,0,0
protect.budgetwatch_29.apk,27,0,0,0,0
protect.budgetwatch_29.apk,28,0,0,0,0
protect.budgetwatch_29.apk,29,0,0,0,0
protect.budgetwatch_29.apk,30,0,0,0,0
protect.budgetwatch_29.apk,31,0,0,0,0
protect.budgetwatch_29.apk,32,0,0,0,0
protect.budgetwatch_29.apk,33,0,0,0,0
protect.budgetwatch_29.apk,34,0,0,0,0
protect.budgetwatch_29.apk,35,0,0,0,0
protect.budgetwatch_29.apk,36,0,0,0,0
protect.budgetwatch_29.apk,37,0,0,0,0
protect.budgetwatch_29.apk,38,0,0,0,0
protect.budgetwatch_29.apk,39,0,0,0,0
protect.budgetwatch_29.apk,40,0,0,0,0
protect.budgetwatch_29.apk,41,0,0,0,0
protect.budgetwatch_29.apk,42,0,0,0,0
protect.budgetwatch_29.apk,43,0,0,0,0
protect.budgetwatch_29.apk,44,0,0,0,0
protect.budgetwatch_29.apk,45,0,0,0,0
protect.budgetwatch_29.apk,46,0,0,0,0
protect.budgetwatch_29.apk,47,0,0,0,0
protect.budgetwatch_29.apk,48,0,0,0,0
protect.budgetwatch_29.apk,49,0,0,0,0
protect.budgetwatch_29.apk,50,0,0,0,0
protect.budgetwatch_29.apk,51,0,0,0,0
protect.budgetwatch_29.apk,52,0,0,0,0
protect.budgetwatch_29.apk,53,0,0,0,0
protect.budgetwatch_29.apk,54,0,0,0,0
protect.budgetwatch_29.apk,55,0,0,0,0
protect.budgetwatch_29.apk,56,0,0,0,0
protect.budgetwatch_29.apk,57,0,0,0,0
protect.budgetwatch_29.apk,58,0,0,0,0
protect.budgetwatch_29.apk,59,0,0,0,0
protect.budgetwatch_29.apk,60,0,0,0,0
protect.budgetwatch_29.apk,61,0,0,0,0
protect.budgetwatch_29.apk,62,0,0,0,0
protect.budgetwatch_29.apk,63,0,0,0,0
protect.budgetwatch_29.apk,64,0,0,0,0
protect.budgetwatch_29.apk,65,0,0,0,0
protect.budgetwatch_29.apk,66,0,0,0,0
protect.budgetwatch_29.apk,67,0,0,0,0
protect.budgetwatch_29.apk,68,0,0,0,0
protect.budgetwatch_29.apk,69,0,0,0,0
protect.budgetwatch_29.apk,70,0,0,0,0
protect.budgetwatch_29.apk,71,0,0,0,0
protect.budgetwatch_29.apk,72,0,0,0,0
protect.budgetwatch_29.apk,73,0,0,0,0
protect.budgetwatch_29.apk,74,0,0,0,0
protect.budgetwatch_29.apk,75,0,0,0,0
protect.budgetwatch_29.apk,76,0,0,0,0
pt.isec.tp.am_4.apk,0,0,0,0,0
pt.isec.tp.am_4.apk,1,0,0,0,0
pt.isec.tp.am_4.apk,2,0,0,0,0
pt.isec.tp.am_4.apk,3,0,0,0,0
pt.isec.tp.am_4.apk,4,0,0,0,0
pt.isec.tp.am_4.apk,5,0,0,0,0
pt.isec.tp.am_4.apk,6,0,0,0,0
pt.isec.tp.am_4.apk,7,0,0,0,0
pt.isec.tp.am_4.apk,8,2,1,1,0.5
pt.isec.tp.am_4.apk,9,0,0,0,0
pt.isec.tp.am_4.apk,10,0,0,0,0
pt.isec.tp.am_4.apk,11,0,0,0,0
pt.isec.tp.am_4.apk,12,0,0,0,0
pt.isec.tp.am_4.apk,13,0,0,0,0
pt.isec.tp.am_4.apk,14,2,1,0,1
pt.isec.tp.am_4.apk,15,0,0,0,0
pt.isec.tp.am_4.apk,16,0,0,0,0
pt.isec.tp.am_4.apk,17,0,0,0,0
pt.isec.tp.am_4.apk,18,0,0,0,0
pt.isec.tp.am_4.apk,19,0,0,0,0
pt.isec.tp.am_4.apk,20,0,0,0,0
pt.isec.tp.am_4.apk,21,0,0,0,0
pt.isec.tp.am_4.apk,22,0,0,0,0
pt.isec.tp.am_4.apk,23,1,1,0,1
pt.isec.tp.am_4.apk,24,1,1,0,1
pt.isec.tp.am_4.apk,25,0,0,0,0
pt.isec.tp.am_4.apk,26,0,0,0,0
pt.isec.tp.am_4.apk,27,0,0,0,0
pt.isec.tp.am_4.apk,28,0,0,0,0
pt.isec.tp.am_4.apk,29,0,0,0,0
pt.isec.tp.am_4.apk,30,1,1,0,1
pt.isec.tp.am_4.apk,31,0,0,0,0
pt.isec.tp.am_4.apk,32,0,0,0,0
pt.isec.tp.am_4.apk,33,0,0,0,0
pt.isec.tp.am_4.apk,34,0,0,0,0
pt.isec.tp.am_4.apk,35,0,0,0,0
pt.isec.tp.am_4.apk,36,0,0,0,0
pt.isec.tp.am_4.apk,37,0,0,0,0
pt.isec.tp.am_4.apk,38,0,0,0,0
pt.isec.tp.am_4.apk,39,0,0,0,0
pt.isec.tp.am_4.apk,40,1,1,0,1
pt.isec.tp.am_4.apk,41,0,0,0,0
pt.isec.tp.am_4.apk,42,0,0,0,0
pt.isec.tp.am_4.apk,43,0,0,0,0
pt.isec.tp.am_4.apk,44,1,1,0,1
pt.isec.tp.am_4.apk,45,0,0,0,0
pt.isec.tp.am_4.apk,46,0,0,0,0
pt.isec.tp.am_4.apk,47,0,0,0,0
pt.isec.tp.am_4.apk,48,0,0,0,0
pt.isec.tp.am_4.apk,49,0,0,0,0
pt.isec.tp.am_4.apk,50,0,0,0,0
pt.isec.tp.am_4.apk,51,0,0,0,0
pt.isec.tp.am_4.apk,52,0,0,0,0
pt.isec.tp.am_4.apk,53,1,1,0,1
pt.isec.tp.am_4.apk,54,0,0,0,0
pt.isec.tp.am_4.apk,55,0,0,0,0
pt.isec.tp.am_4.apk,56,0,0,0,0
pt.isec.tp.am_4.apk,57,0,0,0,0
pt.isec.tp.am_4.apk,58,1,1,0,1
pt.isec.tp.am_4.apk,59,1,1,0,1
pt.isec.tp.am_4.apk,60,0,0,0,0
pt.isec.tp.am_4.apk,61,1,1,0,1
pt.isec.tp.am_4.apk,62,0,0,0,0
pt.isec.tp.am_4.apk,63,0,0,0,0
pt.isec.tp.am_4.apk,64,0,0,0,0
pt.isec.tp.am_4.apk,65,0,0,0,0
pt.isec.tp.am_4.apk,66,1,1,0,1
pt.isec.tp.am_4.apk,67,0,0,0,0
pt.isec.tp.am_4.apk,68,0,0,0,0
pt.isec.tp.am_4.apk,69,0,0,0,0
pt.isec.tp.am_4.apk,70,0,0,0,0
pt.isec.tp.am_4.apk,71,0,0,0,0
pt.isec.tp.am_4.apk,72,1,1,0,1
pt.isec.tp.am_4.apk,73,1,1,0,1
pt.isec.tp.am_4.apk,74,1,1,0,1
pt.isec.tp.am_4.apk,75,1,1,0,1
pt.isec.tp.am_4.apk,76,0,0,0,0
ru.henridellal.dialer_10.apk,0,0,0,0,0
ru.henridellal.dialer_10.apk,1,0,0,0,0
ru.henridellal.dialer_10.apk,2,0,0,0,0
ru.henridellal.dialer_10.apk,3,0,0,0,0
ru.henridellal.dialer_10.apk,4,0,0,0,0
ru.henridellal.dialer_10.apk,5,0,0,0,0
ru.henridellal.dialer_10.apk,6,0,0,0,0
ru.henridellal.dialer_10.apk,7,0,0,0,0
ru.henridellal.dialer_10.apk,8,0,0,0,0
ru.henridellal.dialer_10.apk,9,0,0,0,0
ru.henridellal.dialer_10.apk,10,0,0,0,0
ru.henridellal.dialer_10.apk,11,2,0,1,0
ru.henridellal.dialer_10.apk,12,0,0,0,0
ru.henridellal.dialer_10.apk,13,0,0,0,0
ru.henridellal.dialer_10.apk,14,0,0,0,0
ru.henridellal.dialer_10.apk,15,0,0,0,0
ru.henridellal.dialer_10.apk,16,0,0,0,0
ru.henridellal.dialer_10.apk,17,0,0,0,0
ru.henridellal.dialer_10.apk,18,0,0,0,0
ru.henridellal.dialer_10.apk,19,0,0,0,0
ru.henridellal.dialer_10.apk,20,0,0,0,0
ru.henridellal.dialer_10.apk,21,0,0,0,0
ru.henridellal.dialer_10.apk,22,0,0,0,0
ru.henridellal.dialer_10.apk,23,0,0,0,0
ru.henridellal.dialer_10.apk,24,2,0,1,0
ru.henridellal.dialer_10.apk,25,0,0,0,0
ru.henridellal.dialer_10.apk,26,0,0,0,0
ru.henridellal.dialer_10.apk,27,0,0,0,0
ru.henridellal.dialer_10.apk,28,0,0,0,0
ru.henridellal.dialer_10.apk,29,0,0,0,0
ru.henridellal.dialer_10.apk,30,4,0,2,0
ru.henridellal.dialer_10.apk,31,0,0,0,0
ru.henridellal.dialer_10.apk,32,0,0,0,0
ru.henridellal.dialer_10.apk,33,0,0,0,0
ru.henridellal.dialer_10.apk,34,0,0,0,0
ru.henridellal.dialer_10.apk,35,0,0,0,0
ru.henridellal.dialer_10.apk,36,0,0,0,0
ru.henridellal.dialer_10.apk,37,0,0,0,0
ru.henridellal.dialer_10.apk,38,0,0,0,0
ru.henridellal.dialer_10.apk,39,0,0,0,0
ru.henridellal.dialer_10.apk,40,0,0,0,0
ru.henridellal.dialer_10.apk,41,0,0,0,0
ru.henridellal.dialer_10.apk,42,0,0,0,0
ru.henridellal.dialer_10.apk,43,0,0,0,0
ru.henridellal.dialer_10.apk,44,2,0,1,0
ru.henridellal.dialer_10.apk,45,0,0,0,0
ru.henridellal.dialer_10.apk,46,0,0,0,0
ru.henridellal.dialer_10.apk,47,0,0,0,0
ru.henridellal.dialer_10.apk,48,0,0,0,0
ru.henridellal.dialer_10.apk,49,0,0,0,0
ru.henridellal.dialer_10.apk,50,0,0,0,0
ru.henridellal.dialer_10.apk,51,0,0,0,0
ru.henridellal.dialer_10.apk,52,0,0,0,0
ru.henridellal.dialer_10.apk,53,0,0,0,0
ru.henridellal.dialer_10.apk,54,0,0,0,0
ru.henridellal.dialer_10.apk,55,0,0,0,0
ru.henridellal.dialer_10.apk,56,0,0,0,0
ru.henridellal.dialer_10.apk,57,0,0,0,0
ru.henridellal.dialer_10.apk,58,0,0,0,0
ru.henridellal.dialer_10.apk,59,4,0,2,0
ru.henridellal.dialer_10.apk,60,0,0,0,0
ru.henridellal.dialer_10.apk,61,5,0,3,0
ru.henridellal.dialer_10.apk,62,0,0,0,0
ru.henridellal.dialer_10.apk,63,0,0,0,0
ru.henridellal.dialer_10.apk,64,0,0,0,0
ru.henridellal.dialer_10.apk,65,0,0,0,0
ru.henridellal.dialer_10.apk,66,0,0,0,0
ru.henridellal.dialer_10.apk,67,0,0,0,0
ru.henridellal.dialer_10.apk,68,0,0,0,0
ru.henridellal.dialer_10.apk,69,0,0,0,0
ru.henridellal.dialer_10.apk,70,0,0,0,0
ru.henridellal.dialer_10.apk,71,0,0,0,0
ru.henridellal.dialer_10.apk,72,0,0,0,0
ru.henridellal.dialer_10.apk,73,4,0,2,0
ru.henridellal.dialer_10.apk,74,1,0,1,0
ru.henridellal.dialer_10.apk,75,15,0,15,0
ru.henridellal.dialer_10.apk,76,0,0,0,0
trikita.talalarmo_19.apk,0,0,0,0,0
trikita.talalarmo_19.apk,1,0,0,0,0
trikita.talalarmo_19.apk,2,0,0,0,0
trikita.talalarmo_19.apk,3,0,0,0,0
trikita.talalarmo_19.apk,4,0,0,0,0
trikita.talalarmo_19.apk,5,0,0,0,0
trikita.talalarmo_19.apk,6,0,0,0,0
trikita.talalarmo_19.apk,7,0,0,0,0
trikita.talalarmo_19.apk,8,0,0,0,0
trikita.talalarmo_19.apk,9,0,0,0,0
trikita.talalarmo_19.apk,10,0,0,0,0
trikita.talalarmo_19.apk,11,0,0,0,0
trikita.talalarmo_19.apk,12,0,0,0,0
trikita.talalarmo_19.apk,13,0,0,0,0
trikita.talalarmo_19.apk,14,0,0,0,0
trikita.talalarmo_19.apk,15,0,0,0,0
trikita.talalarmo_19.apk,16,0,0,0,0
trikita.talalarmo_19.apk,17,0,0,0,0
trikita.talalarmo_19.apk,18,0,0,0,0
trikita.talalarmo_19.apk,19,0,0,0,0
trikita.talalarmo_19.apk,20,0,0,0,0
trikita.talalarmo_19.apk,21,0,0,0,0
trikita.talalarmo_19.apk,22,0,0,0,0
trikita.talalarmo_19.apk,23,0,0,0,0
trikita.talalarmo_19.apk,24,0,0,0,0
trikita.talalarmo_19.apk,25,0,0,0,0
trikita.talalarmo_19.apk,26,0,0,0,0
trikita.talalarmo_19.apk,27,0,0,0,0
trikita.talalarmo_19.apk,28,0,0,0,0
trikita.talalarmo_19.apk,29,0,0,0,0
trikita.talalarmo_19.apk,30,0,0,0,0
trikita.talalarmo_19.apk,31,0,0,0,0
trikita.talalarmo_19.apk,32,0,0,0,0
trikita.talalarmo_19.apk,33,0,0,0,0
trikita.talalarmo_19.apk,34,0,0,0,0
trikita.talalarmo_19.apk,35,0,0,0,0
trikita.talalarmo_19.apk,36,0,0,0,0
trikita.talalarmo_19.apk,37,0,0,0,0
trikita.talalarmo_19.apk,38,0,0,0,0
trikita.talalarmo_19.apk,39,0,0,0,0
trikita.talalarmo_19.apk,40,0,0,0,0
trikita.talalarmo_19.apk,41,0,0,0,0
trikita.talalarmo_19.apk,42,0,0,0,0
trikita.talalarmo_19.apk,43,0,0,0,0
trikita.talalarmo_19.apk,44,0,0,0,0
trikita.talalarmo_19.apk,45,0,0,0,0
trikita.talalarmo_19.apk,46,0,0,0,0
trikita.talalarmo_19.apk,47,0,0,0,0
trikita.talalarmo_19.apk,48,0,0,0,0
trikita.talalarmo_19.apk,49,0,0,0,0
trikita.talalarmo_19.apk,50,0,0,0,0
trikita.talalarmo_19.apk,51,0,0,0,0
trikita.talalarmo_19.apk,52,0,0,0,0
trikita.talalarmo_19.apk,53,0,0,0,0
trikita.talalarmo_19.apk,54,0,0,0,0
trikita.talalarmo_19.apk,55,0,0,0,0
trikita.talalarmo_19.apk,56,0,0,0,0
trikita.talalarmo_19.apk,57,0,0,0,0
trikita.talalarmo_19.apk,58,0,0,0,0
trikita.talalarmo_19.apk,59,0,0,0,0
trikita.talalarmo_19.apk,60,0,0,0,0
trikita.talalarmo_19.apk,61,0,0,0,0
trikita.talalarmo_19.apk,62,0,0,0,0
trikita.talalarmo_19.apk,63,0,0,0,0
trikita.talalarmo_19.apk,64,0,0,0,0
trikita.talalarmo_19.apk,65,0,0,0,0
trikita.talalarmo_19.apk,66,0,0,0,0
trikita.talalarmo_19.apk,67,0,0,0,0
trikita.talalarmo_19.apk,68,0,0,0,0
trikita.talalarmo_19.apk,69,0,0,0,0
trikita.talalarmo_19.apk,70,0,0,0,0
trikita.talalarmo_19.apk,71,0,0,0,0
trikita.talalarmo_19.apk,72,0,0,0,0
trikita.talalarmo_19.apk,73,0,0,0,0
trikita.talalarmo_19.apk,74,0,0,0,0
trikita.talalarmo_19.apk,75,0,0,0,0
trikita.talalarmo_19.apk,76,0,0,0,0
uk.co.yahoo.p1rpp.calendartrigger_7.apk,0,0,0,0,0
uk.co.yahoo.p1rpp.calendartrigger_7.apk,1,0,0,0,0
uk.co.yahoo.p1rpp.calendartrigger_7.apk,2,0,0,0,0
uk.co.yahoo.p1rpp.calendartrigger_7.apk,3,0,0,0,0
uk.co.yahoo.p1rpp.calendartrigger_7.apk,4,0,0,0,0
uk.co.yahoo.p1rpp.calendartrigger_7.apk,5,0,0,0,0
uk.co.yahoo.p1rpp.calendartrigger_7.apk,6,0,0,0,0
uk.co.yahoo.p1rpp.calendartrigger_7.apk,7,0,0,0,0
uk.co.yahoo.p1rpp.calendartrigger_7.apk,8,0,0,0,0
uk.co.yahoo.p1rpp.calendartrigger_7.apk,9,0,0,0,0
uk.co.yahoo.p1rpp.calendartrigger_7.apk,10,0,0,0,0
uk.co.yahoo.p1rpp.calendartrigger_7.apk,11,0,0,0,0
uk.co.yahoo.p1rpp.calendartrigger_7.apk,12,0,0,0,0
uk.co.yahoo.p1rpp.calendartrigger_7.apk,13,0,0,0,0
uk.co.yahoo.p1rpp.calendartrigger_7.apk,14,0,0,0,0
uk.co.yahoo.p1rpp.calendartrigger_7.apk,15,0,0,0,0
uk.co.yahoo.p1rpp.calendartrigger_7.apk,16,0,0,0,0
uk.co.yahoo.p1rpp.calendartrigger_7.apk,17,0,0,0,0
uk.co.yahoo.p1rpp.calendartrigger_7.apk,18,0,0,0,0
uk.co.yahoo.p1rpp.calendartrigger_7.apk,19,0,0,0,0
uk.co.yahoo.p1rpp.calendartrigger_7.apk,20,0,0,0,0
uk.co.yahoo.p1rpp.calendartrigger_7.apk,21,0,0,0,0
uk.co.yahoo.p1rpp.calendartrigger_7.apk,22,0,0,0,0
uk.co.yahoo.p1rpp.calendartrigger_7.apk,23,0,0,0,0
uk.co.yahoo.p1rpp.calendartrigger_7.apk,24,0,0,0,0
uk.co.yahoo.p1rpp.calendartrigger_7.apk,25,0,0,0,0
uk.co.yahoo.p1rpp.calendartrigger_7.apk,26,0,0,0,0
uk.co.yahoo.p1rpp.calendartrigger_7.apk,27,0,0,0,0
uk.co.yahoo.p1rpp.calendartrigger_7.apk,28,0,0,0,0
uk.co.yahoo.p1rpp.calendartrigger_7.apk,29,0,0,0,0
uk.co.yahoo.p1rpp.calendartrigger_7.apk,30,0,0,0,0
uk.co.yahoo.p1rpp.calendartrigger_7.apk,31,0,0,0,0
uk.co.yahoo.p1rpp.calendartrigger_7.apk,32,0,0,0,0
uk.co.yahoo.p1rpp.calendartrigger_7.apk,33,0,0,0,0
uk.co.yahoo.p1rpp.calendartrigger_7.apk,34,0,0,0,0
uk.co.yahoo.p1rpp.calendartrigger_7.apk,35,0,0,0,0
uk.co.yahoo.p1rpp.calendartrigger_7.apk,36,0,0,0,0
uk.co.yahoo.p1rpp.calendartrigger_7.apk,37,0,0,0,0
uk.co.yahoo.p1rpp.calendartrigger_7.apk,38,0,0,0,0
uk.co.yahoo.p1rpp.calendartrigger_7.apk,39,0,0,0,0
uk.co.yahoo.p1rpp.calendartrigger_7.apk,40,0,0,0,0
uk.co.yahoo.p1rpp.calendartrigger_7.apk,41,0,0,0,0
uk.co.yahoo.p1rpp.calendartrigger_7.apk,42,0,0,0,0
uk.co.yahoo.p1rpp.calendartrigger_7.apk,43,0,0,0,0
uk.co.yahoo.p1rpp.calendartrigger_7.apk,44,0,0,0,0
uk.co.yahoo.p1rpp.calendartrigger_7.apk,45,0,0,0,0
uk.co.yahoo.p1rpp.calendartrigger_7.apk,46,0,0,0,0
uk.co.yahoo.p1rpp.calendartrigger_7.apk,47,0,0,0,0
uk.co.yahoo.p1rpp.calendartrigger_7.apk,48,0,0,0,0
uk.co.yahoo.p1rpp.calendartrigger_7.apk,49,0,0,0,0
uk.co.yahoo.p1rpp.calendartrigger_7.apk,50,0,0,0,0
uk.co.yahoo.p1rpp.calendartrigger_7.apk,51,0,0,0,0
uk.co.yahoo.p1rpp.calendartrigger_7.apk,52,0,0,0,0
uk.co.yahoo.p1rpp.calendartrigger_7.apk,53,0,0,0,0
uk.co.yahoo.p1rpp.calendartrigger_7.apk,54,0,0,0,0
uk.co.yahoo.p1rpp.calendartrigger_7.apk,55,0,0,0,0
uk.co.yahoo.p1rpp.calendartrigger_7.apk,56,0,0,0,0
uk.co.yahoo.p1rpp.calendartrigger_7.apk,57,0,0,0,0
uk.co.yahoo.p1rpp.calendartrigger_7.apk,58,0,0,0,0
uk.co.yahoo.p1rpp.calendartrigger_7.apk,59,0,0,0,0
uk.co.yahoo.p1rpp.calendartrigger_7.apk,60,0,0,0,0
uk.co.yahoo.p1rpp.calendartrigger_7.apk,61,0,0,0,0
uk.co.yahoo.p1rpp.calendartrigger_7.apk,62,0,0,0,0
uk.co.yahoo.p1rpp.calendartrigger_7.apk,63,0,0,0,0
uk.co.yahoo.p1rpp.calendartrigger_7.apk,64,0,0,0,0
uk.co.yahoo.p1rpp.calendartrigger_7.apk,65,0,0,0,0
uk.co.yahoo.p1rpp.calendartrigger_7.apk,66,0,0,0,0
uk.co.yahoo.p1rpp.calendartrigger_7.apk,67,0,0,0,0
uk.co.yahoo.p1rpp.calendartrigger_7.apk,68,0,0,0,0
uk.co.yahoo.p1rpp.calendartrigger_7.apk,69,0,0,0,0
uk.co.yahoo.p1rpp.calendartrigger_7.apk,70,0,0,0,0
uk.co.yahoo.p1rpp.calendartrigger_7.apk,71,0,0,0,0
uk.co.yahoo.p1rpp.calendartrigger_7.apk,72,0,0,0,0
uk.co.yahoo.p1rpp.calendartrigger_7.apk,73,0,0,0,0
uk.co.yahoo.p1rpp.calendartrigger_7.apk,74,0,0,0,0
uk.co.yahoo.p1rpp.calendartrigger_7.apk,75,0,0,0,0
uk.co.yahoo.p1rpp.calendartrigger_7.apk,76,0,0,0,0