apk;config;num_flows;time
/home/asm140830/Documents/benchmarks/google_play/results/amandroid/repetition_1/com.contextlogic.wish.apk;config_Amandroid_kcontext5.xml;0;659147.5557460217
/home/asm140830/Documents/benchmarks/google_play/results/amandroid/repetition_1/com.audiomack.apk;config_Amandroid_kcontext4.xml;0;46354.364464990795
/home/asm140830/Documents/benchmarks/google_play/results/amandroid/repetition_1/com.azure.authenticator.apk;config_Amandroid_default.xml;0;7220538.257220294
/home/asm140830/Documents/benchmarks/google_play/results/amandroid/repetition_1/com.azure.authenticator.apk;config_Amandroid_kcontext4.xml;0;33743.44014003873
/home/asm140830/Documents/benchmarks/google_play/results/amandroid/repetition_1/com.bitstrips.imoji.apk;config_Amandroid_kcontext10.xml;0;59498.73647093773
/home/asm140830/Documents/benchmarks/google_play/results/amandroid/repetition_1/com.bitstrips.imoji.apk;config_Amandroid_kcontext3.xml;0;27564.37942298362
/home/asm140830/Documents/benchmarks/google_play/results/amandroid/repetition_1/com.azure.authenticator.apk;config_Amandroid_kcontext3.xml;0;27774.726825999096
/home/asm140830/Documents/benchmarks/google_play/results/amandroid/repetition_1/com.bitstrips.imoji.apk;config_Amandroid_kcontext9.xml;0;81292.72172879428
/home/asm140830/Documents/benchmarks/google_play/results/amandroid/repetition_1/com.contextlogic.wish.apk;config_Amandroid_kcontext4.xml;0;37653.942490927875
/home/asm140830/Documents/benchmarks/google_play/results/amandroid/repetition_1/com.bitstrips.imoji.apk;config_Amandroid_kcontext7.xml;0;25920.056778006256
/home/asm140830/Documents/benchmarks/google_play/results/amandroid/repetition_1/com.creditkarma.mobile.apk;config_Amandroid_kcontext10.xml;0;30358.895781915635
/home/asm140830/Documents/benchmarks/google_play/results/amandroid/repetition_1/com.audible.application.apk;config_Amandroid_kcontext4.xml;0;28469.60614202544
/home/asm140830/Documents/benchmarks/google_play/results/amandroid/repetition_1/com.audible.application.apk;config_Amandroid_kcontext7.xml;0;25907.992004882544
/home/asm140830/Documents/benchmarks/google_play/results/amandroid/repetition_1/com.audiomack.apk;config_Amandroid_kcontext6.xml;0;43099.81765691191
/home/asm140830/Documents/benchmarks/google_play/results/amandroid/repetition_1/com.audible.application.apk;config_Amandroid_kcontext6.xml;0;7213981.868460076
/home/asm140830/Documents/benchmarks/google_play/results/amandroid/repetition_1/com.azure.authenticator.apk;config_Amandroid_kcontext5.xml;0;1024114.3603589153
/home/asm140830/Documents/benchmarks/google_play/results/amandroid/repetition_1/com.audible.application.apk;config_Amandroid_kcontext9.xml;0;58587.43442222476
/home/asm140830/Documents/benchmarks/google_play/results/amandroid/repetition_1/com.audiomack.apk;config_Amandroid_kcontext10.xml;0;36375.37090992555
/home/asm140830/Documents/benchmarks/google_play/results/amandroid/repetition_1/com.azure.authenticator.apk;config_Amandroid_kcontext10.xml;0;36586.58482413739
/home/asm140830/Documents/benchmarks/google_play/results/amandroid/repetition_1/com.azure.authenticator.apk;config_Amandroid_kcontext7.xml;0;44041.97691800073
/home/asm140830/Documents/benchmarks/google_play/results/amandroid/repetition_1/com.azure.authenticator.apk;config_Amandroid_kcontext8.xml;0;7217363.587018102
/home/asm140830/Documents/benchmarks/google_play/results/amandroid/repetition_1/com.azure.authenticator.apk;config_Amandroid_kcontext9.xml;0;46191.40555802733
/home/asm140830/Documents/benchmarks/google_play/results/amandroid/repetition_1/com.contextlogic.wish.apk;config_Amandroid_kcontext9.xml;0;50099.15184089914
/home/asm140830/Documents/benchmarks/google_play/results/amandroid/repetition_1/com.bitstrips.imoji.apk;config_Amandroid_kcontext8.xml;0;46644.791879924014
/home/asm140830/Documents/benchmarks/google_play/results/amandroid/repetition_1/com.creditkarma.mobile.apk;config_Amandroid_kcontext2.xml;0;7207233.320653904
/home/asm140830/Documents/benchmarks/google_play/results/amandroid/repetition_1/com.creditkarma.mobile.apk;config_Amandroid_kcontext3.xml;0;27888.106454047374
/home/asm140830/Documents/benchmarks/google_play/results/amandroid/repetition_1/com.audiomack.apk;config_Amandroid_kcontext2.xml;0;7212069.56088217
/home/asm140830/Documents/benchmarks/google_play/results/amandroid/repetition_1/com.creditkarma.mobile.apk;config_Amandroid_kcontext4.xml;0;34310.049830935895
/home/asm140830/Documents/benchmarks/google_play/results/amandroid/repetition_1/com.creditkarma.mobile.apk;config_Amandroid_kcontext6.xml;0;7211040.413314011
/home/asm140830/Documents/benchmarks/google_play/results/amandroid/repetition_1/com.creditkarma.mobile.apk;config_Amandroid_kcontext7.xml;0;34339.62600608356
/home/asm140830/Documents/benchmarks/google_play/results/amandroid/repetition_1/com.bitstrips.imoji.apk;config_Amandroid_kcontext2.xml;0;44681.89991591498
/home/asm140830/Documents/benchmarks/google_play/results/amandroid/repetition_1/com.bitstrips.imoji.apk;config_Amandroid_default.xml;0;226606.0466519557
/home/asm140830/Documents/benchmarks/google_play/results/amandroid/repetition_1/com.audible.application.apk;config_Amandroid_kcontext8.xml;0;7219647.069090046
/home/asm140830/Documents/benchmarks/google_play/results/amandroid/repetition_1/com.tubitv.apk;config_Amandroid_default.xml;0;49123.4280532226
/home/asm140830/Documents/benchmarks/google_play/results/amandroid/repetition_1/com.azure.authenticator.apk;config_Amandroid_kcontext2.xml;0;7218054.672108032
/home/asm140830/Documents/benchmarks/google_play/results/amandroid/repetition_1/com.audible.application.apk;config_Amandroid_default.xml;0;7232308.523891028
/home/asm140830/Documents/benchmarks/google_play/results/amandroid/repetition_1/com.creditkarma.mobile.apk;config_Amandroid_kcontext8.xml;0;7205976.6747460235
/home/asm140830/Documents/benchmarks/google_play/results/amandroid/repetition_1/com.audible.application.apk;config_Amandroid_kcontext3.xml;0;34713.85789301712
/home/asm140830/Documents/benchmarks/google_play/results/amandroid/repetition_1/com.audiomack.apk;config_Amandroid_kcontext3.xml;0;36934.79481403483
/home/asm140830/Documents/benchmarks/google_play/results/amandroid/repetition_1/com.azure.authenticator.apk;config_Amandroid_kcontext6.xml;0;7203042.037261883
/home/asm140830/Documents/benchmarks/google_play/results/amandroid/repetition_1/com.contextlogic.wish.apk;config_Amandroid_kcontext3.xml;0;35534.43913604133
/home/asm140830/Documents/benchmarks/google_play/results/amandroid/repetition_1/com.audiomack.apk;config_Amandroid_default.xml;0;7222059.37185511
/home/asm140830/Documents/benchmarks/google_play/results/amandroid/repetition_1/com.contextlogic.wish.apk;config_Amandroid_kcontext2.xml;0;7222979.876887985
/home/asm140830/Documents/benchmarks/google_play/results/amandroid/repetition_1/com.contextlogic.wish.apk;config_Amandroid_kcontext7.xml;0;33622.27166700177
/home/asm140830/Documents/benchmarks/google_play/results/amandroid/repetition_1/com.creditkarma.mobile.apk;config_Amandroid_kcontext9.xml;0;32673.98258810863
/home/asm140830/Documents/benchmarks/google_play/results/amandroid/repetition_1/com.ebay.mobile.apk;config_Amandroid_default.xml;0;7235223.905231338
/home/asm140830/Documents/benchmarks/google_play/results/amandroid/repetition_1/com.ebay.mobile.apk;config_Amandroid_kcontext2.xml;0;7209618.383650202
/home/asm140830/Documents/benchmarks/google_play/results/amandroid/repetition_1/com.ebay.mobile.apk;config_Amandroid_kcontext5.xml;0;691903.9355410496
/home/asm140830/Documents/benchmarks/google_play/results/amandroid/repetition_1/com.ebay.mobile.apk;config_Amandroid_kcontext8.xml;0;7240686.472100904
/home/asm140830/Documents/benchmarks/google_play/results/amandroid/repetition_1/com.audiomack.apk;config_Amandroid_kcontext7.xml;0;29241.65168008767
/home/asm140830/Documents/benchmarks/google_play/results/amandroid/repetition_1/com.contextlogic.wish.apk;config_Amandroid_default.xml;0;7229080.891659949
/home/asm140830/Documents/benchmarks/google_play/results/amandroid/repetition_1/com.ebay.mobile.apk;config_Amandroid_kcontext4.xml;0;30645.157985039987
/home/asm140830/Documents/benchmarks/google_play/results/amandroid/repetition_1/com.enflick.android.TextNow.apk;config_Amandroid_default.xml;0;7238510.362261906
/home/asm140830/Documents/benchmarks/google_play/results/amandroid/repetition_1/com.contextlogic.wish.apk;config_Amandroid_kcontext8.xml;0;7221831.1897839885
/home/asm140830/Documents/benchmarks/google_play/results/amandroid/repetition_1/com.enflick.android.TextNow.apk;config_Amandroid_kcontext4.xml;0;41544.8039509356
/home/asm140830/Documents/benchmarks/google_play/results/amandroid/repetition_1/com.ebay.mobile.apk;config_Amandroid_kcontext6.xml;0;7215214.507260011
/home/asm140830/Documents/benchmarks/google_play/results/amandroid/repetition_1/com.ebay.mobile.apk;config_Amandroid_kcontext7.xml;0;25717.340387869626
/home/asm140830/Documents/benchmarks/google_play/results/amandroid/repetition_1/com.enflick.android.TextNow.apk;config_Amandroid_kcontext6.xml;0;7205978.89263602
/home/asm140830/Documents/benchmarks/google_play/results/amandroid/repetition_1/com.ebay.mobile.apk;config_Amandroid_kcontext3.xml;0;35844.395709980745
/home/asm140830/Documents/benchmarks/google_play/results/amandroid/repetition_1/com.enflick.android.TextNow.apk;config_Amandroid_kcontext2.xml;0;7227621.156421024
/home/asm140830/Documents/benchmarks/google_play/results/amandroid/repetition_1/com.enflick.android.TextNow.apk;config_Amandroid_kcontext3.xml;0;35612.93511703843
/home/asm140830/Documents/benchmarks/google_play/results/amandroid/repetition_1/com.enflick.android.TextNow.apk;config_Amandroid_kcontext7.xml;0;51731.21530399658
/home/asm140830/Documents/benchmarks/google_play/results/amandroid/repetition_1/com.enflick.android.TextNow.apk;config_Amandroid_kcontext9.xml;0;65223.956322297454
/home/asm140830/Documents/benchmarks/google_play/results/amandroid/repetition_1/com.enflick.android.TextNow.apk;config_Amandroid_kcontext10.xml;0;59417.893482837826
/home/asm140830/Documents/benchmarks/google_play/results/amandroid/repetition_1/com.expedia.bookings.apk;config_Amandroid_kcontext5.xml;0;691696.6846159194
/home/asm140830/Documents/benchmarks/google_play/results/amandroid/repetition_1/com.enflick.android.TextNow.apk;config_Amandroid_kcontext8.xml;0;7225263.090548106
/home/asm140830/Documents/benchmarks/google_play/results/amandroid/repetition_1/com.expedia.bookings.apk;config_Amandroid_kcontext4.xml;0;22380.45650208369
/home/asm140830/Documents/benchmarks/google_play/results/amandroid/repetition_1/com.enflick.android.TextNow.apk;config_Amandroid_kcontext5.xml;0;655633.9862580644
/home/asm140830/Documents/benchmarks/google_play/results/amandroid/repetition_1/com.contextlogic.wish.apk;config_Amandroid_kcontext6.xml;0;7203547.192478785
/home/asm140830/Documents/benchmarks/google_play/results/amandroid/repetition_1/com.ebay.mobile.apk;config_Amandroid_kcontext9.xml;0;70638.26801814139
/home/asm140830/Documents/benchmarks/google_play/results/amandroid/repetition_1/com.expedia.bookings.apk;config_Amandroid_kcontext3.xml;0;27490.60527398251
/home/asm140830/Documents/benchmarks/google_play/results/amandroid/repetition_1/com.expedia.bookings.apk;config_Amandroid_kcontext6.xml;0;7209068.073867005
/home/asm140830/Documents/benchmarks/google_play/results/amandroid/repetition_1/com.expedia.bookings.apk;config_Amandroid_kcontext7.xml;0;40129.657448036596
/home/asm140830/Documents/benchmarks/google_play/results/amandroid/repetition_1/com.expedia.bookings.apk;config_Amandroid_kcontext9.xml;0;46196.13471534103
/home/asm140830/Documents/benchmarks/google_play/results/amandroid/repetition_1/com.bitstrips.imoji.apk;config_Amandroid_kcontext6.xml;0;56724.11096096039
/home/asm140830/Documents/benchmarks/google_play/results/amandroid/repetition_1/com.facebook.katana.apk;config_Amandroid_default.xml;0;143031.6978530027
/home/asm140830/Documents/benchmarks/google_play/results/amandroid/repetition_1/com.facebook.katana.apk;config_Amandroid_kcontext10.xml;0;74263.25780013576
/home/asm140830/Documents/benchmarks/google_play/results/amandroid/repetition_1/com.facebook.katana.apk;config_Amandroid_kcontext3.xml;0;62994.63835201459
/home/asm140830/Documents/benchmarks/google_play/results/amandroid/repetition_1/com.contextlogic.wish.apk;config_Amandroid_kcontext10.xml;0;51531.66420804337
/home/asm140830/Documents/benchmarks/google_play/results/amandroid/repetition_1/com.facebook.katana.apk;config_Amandroid_kcontext2.xml;0;63436.060938984156
/home/asm140830/Documents/benchmarks/google_play/results/amandroid/repetition_1/com.facebook.katana.apk;config_Amandroid_kcontext5.xml;0;614876.2183049694
/home/asm140830/Documents/benchmarks/google_play/results/amandroid/repetition_1/com.facebook.katana.apk;config_Amandroid_kcontext6.xml;0;72752.63377395459
/home/asm140830/Documents/benchmarks/google_play/results/amandroid/repetition_1/com.facebook.orca.apk;config_Amandroid_default.xml;0;258319.3967868574
/home/asm140830/Documents/benchmarks/google_play/results/amandroid/repetition_1/com.facebook.orca.apk;config_Amandroid_kcontext10.xml;0;36371.83958478272
/home/asm140830/Documents/benchmarks/google_play/results/amandroid/repetition_1/com.facebook.katana.apk;config_Amandroid_kcontext4.xml;0;43379.03241405729
/home/asm140830/Documents/benchmarks/google_play/results/amandroid/repetition_1/com.facebook.orca.apk;config_Amandroid_kcontext7.xml;0;21560.648121871054
/home/asm140830/Documents/benchmarks/google_play/results/amandroid/repetition_1/com.facebook.orca.apk;config_Amandroid_kcontext4.xml;0;28469.72591301892
/home/asm140830/Documents/benchmarks/google_play/results/amandroid/repetition_1/com.expedia.bookings.apk;config_Amandroid_kcontext8.xml;0;7221705.430431059
/home/asm140830/Documents/benchmarks/google_play/results/amandroid/repetition_1/com.facebook.orca.apk;config_Amandroid_kcontext6.xml;0;52343.82293908857
/home/asm140830/Documents/benchmarks/google_play/results/amandroid/repetition_1/com.audible.application.apk;config_Amandroid_kcontext10.xml;0;36375.708520878106
/home/asm140830/Documents/benchmarks/google_play/results/amandroid/repetition_1/com.facebook.katana.apk;config_Amandroid_kcontext9.xml;0;92481.45272489637
/home/asm140830/Documents/benchmarks/google_play/results/amandroid/repetition_1/com.facebook.katana.apk;config_Amandroid_kcontext8.xml;0;91329.70726513304
/home/asm140830/Documents/benchmarks/google_play/results/amandroid/repetition_1/com.facebook.orca.apk;config_Amandroid_kcontext9.xml;0;70644.37154121697
/home/asm140830/Documents/benchmarks/google_play/results/amandroid/repetition_1/com.facebook.orca.apk;config_Amandroid_kcontext5.xml;0;33588.715466088615
/home/asm140830/Documents/benchmarks/google_play/results/amandroid/repetition_1/com.expedia.bookings.apk;config_Amandroid_kcontext10.xml;0;36492.12151020765
/home/asm140830/Documents/benchmarks/google_play/results/amandroid/repetition_1/com.fitbit.FitbitMobile.apk;config_Amandroid_kcontext9.xml;0;108217.27448003367
/home/asm140830/Documents/benchmarks/google_play/results/amandroid/repetition_1/com.facebook.orca.apk;config_Amandroid_kcontext3.xml;0;34682.20991297858
/home/asm140830/Documents/benchmarks/google_play/results/amandroid/repetition_1/com.facebook.orca.apk;config_Amandroid_kcontext8.xml;0;33890.03679784946
/home/asm140830/Documents/benchmarks/google_play/results/amandroid/repetition_1/com.fitbit.FitbitMobile.apk;config_Amandroid_kcontext10.xml;0;86973.7498452887
/home/asm140830/Documents/benchmarks/google_play/results/amandroid/repetition_1/com.fitbit.FitbitMobile.apk;config_Amandroid_kcontext3.xml;0;56417.24337899359
/home/asm140830/Documents/benchmarks/google_play/results/amandroid/repetition_1/com.fitbit.FitbitMobile.apk;config_Amandroid_kcontext2.xml;0;185456.70335786417
/home/asm140830/Documents/benchmarks/google_play/results/amandroid/repetition_1/com.foxsports.android.apk;config_Amandroid_kcontext5.xml;0;692061.8920829147
/home/asm140830/Documents/benchmarks/google_play/results/amandroid/repetition_1/com.foxsports.android.apk;config_Amandroid_kcontext7.xml;0;73463.30846101046
/home/asm140830/Documents/benchmarks/google_play/results/amandroid/repetition_1/com.fitbit.FitbitMobile.apk;config_Amandroid_kcontext8.xml;0;146748.96888597868
/home/asm140830/Documents/benchmarks/google_play/results/amandroid/repetition_1/com.fitbit.FitbitMobile.apk;config_Amandroid_kcontext4.xml;0;53504.45534498431
/home/asm140830/Documents/benchmarks/google_play/results/amandroid/repetition_1/com.foxsports.android.apk;config_Amandroid_kcontext4.xml;0;78868.19597298745
/home/asm140830/Documents/benchmarks/google_play/results/amandroid/repetition_1/com.google.android.apps.adm.apk;config_Amandroid_kcontext8.xml;0;1924302.2788329981
/home/asm140830/Documents/benchmarks/google_play/results/amandroid/repetition_1/com.fitbit.FitbitMobile.apk;config_Amandroid_kcontext6.xml;0;76407.9210050404
/home/asm140830/Documents/benchmarks/google_play/results/amandroid/repetition_1/com.foxsports.android.apk;config_Amandroid_default.xml;0;2272623.8694461063
/home/asm140830/Documents/benchmarks/google_play/results/amandroid/repetition_1/com.fitbit.FitbitMobile.apk;config_Amandroid_kcontext5.xml;0;691618.4037760831
/home/asm140830/Documents/benchmarks/google_play/results/amandroid/repetition_1/com.foxsports.android.apk;config_Amandroid_kcontext2.xml;0;4212663.431075867
/home/asm140830/Documents/benchmarks/google_play/results/amandroid/repetition_1/com.google.android.apps.classroom.apk;config_Amandroid_default.xml;0;7236363.899201155
/home/asm140830/Documents/benchmarks/google_play/results/amandroid/repetition_1/com.fitbit.FitbitMobile.apk;config_Amandroid_default.xml;0;215146.59824827686
/home/asm140830/Documents/benchmarks/google_play/results/amandroid/repetition_1/com.foxsports.android.apk;config_Amandroid_kcontext6.xml;0;3877204.126914963
/home/asm140830/Documents/benchmarks/google_play/results/amandroid/repetition_1/com.facebook.orca.apk;config_Amandroid_kcontext2.xml;0;49110.340727027506
/home/asm140830/Documents/benchmarks/google_play/results/amandroid/repetition_1/com.google.android.apps.googleassistant.apk;config_Amandroid_kcontext2.xml;3;257796.9078202732
/home/asm140830/Documents/benchmarks/google_play/results/amandroid/repetition_1/com.fitbit.FitbitMobile.apk;config_Amandroid_kcontext7.xml;0;34738.61454986036
/home/asm140830/Documents/benchmarks/google_play/results/amandroid/repetition_1/com.google.android.apps.adm.apk;config_Amandroid_kcontext6.xml;0;1838359.0045908932
/home/asm140830/Documents/benchmarks/google_play/results/amandroid/repetition_1/com.google.android.apps.adm.apk;config_Amandroid_kcontext7.xml;0;34322.02571700327
/home/asm140830/Documents/benchmarks/google_play/results/amandroid/repetition_1/com.google.android.apps.classroom.apk;config_Amandroid_kcontext3.xml;0;38743.17811598303
/home/asm140830/Documents/benchmarks/google_play/results/amandroid/repetition_1/com.foxsports.android.apk;config_Amandroid_kcontext3.xml;0;82388.56529799523
/home/asm140830/Documents/benchmarks/google_play/results/amandroid/repetition_1/com.foxsports.android.apk;config_Amandroid_kcontext8.xml;0;2019065.9465950448
/home/asm140830/Documents/benchmarks/google_play/results/amandroid/repetition_1/com.audible.application.apk;config_Amandroid_kcontext2.xml;0;7207167.173665017
/home/asm140830/Documents/benchmarks/google_play/results/amandroid/repetition_1/com.foxsports.android.apk;config_Amandroid_kcontext10.xml;0;71910.95018293709
/home/asm140830/Documents/benchmarks/google_play/results/amandroid/repetition_1/com.foxsports.android.apk;config_Amandroid_kcontext9.xml;0;144345.11983999982
/home/asm140830/Documents/benchmarks/google_play/results/amandroid/repetition_1/com.google.android.apps.adm.apk;config_Amandroid_kcontext10.xml;0;19679.07213093713
/home/asm140830/Documents/benchmarks/google_play/results/amandroid/repetition_1/com.google.android.apps.adm.apk;config_Amandroid_kcontext2.xml;0;1710529.974248726
/home/asm140830/Documents/benchmarks/google_play/results/amandroid/repetition_1/com.google.android.apps.adm.apk;config_Amandroid_kcontext9.xml;0;32698.902779258788
/home/asm140830/Documents/benchmarks/google_play/results/amandroid/repetition_1/com.expedia.bookings.apk;config_Amandroid_default.xml;0;7213574.510881212
/home/asm140830/Documents/benchmarks/google_play/results/amandroid/repetition_1/com.google.android.apps.adm.apk;config_Amandroid_default.xml;0;5763514.461251907
/home/asm140830/Documents/benchmarks/google_play/results/amandroid/repetition_1/com.google.android.apps.adm.apk;config_Amandroid_kcontext4.xml;0;20365.317639079876
/home/asm140830/Documents/benchmarks/google_play/results/amandroid/repetition_1/com.google.android.apps.classroom.apk;config_Amandroid_kcontext10.xml;0;52337.167794816196
/home/asm140830/Documents/benchmarks/google_play/results/amandroid/repetition_1/com.google.android.apps.classroom.apk;config_Amandroid_kcontext9.xml;0;58668.96940814331
/home/asm140830/Documents/benchmarks/google_play/results/amandroid/repetition_1/com.audiomack.apk;config_Amandroid_kcontext8.xml;0;7219356.478640111
/home/asm140830/Documents/benchmarks/google_play/results/amandroid/repetition_1/com.google.android.apps.classroom.apk;config_Amandroid_kcontext4.xml;0;51410.06108908914
/home/asm140830/Documents/benchmarks/google_play/results/amandroid/repetition_1/com.google.android.apps.googleassistant.apk;config_Amandroid_default.xml;0;1710333.7855609134
/home/asm140830/Documents/benchmarks/google_play/results/amandroid/repetition_1/com.google.android.apps.googleassistant.apk;config_Amandroid_kcontext10.xml;0;19318.577954079956
/home/asm140830/Documents/benchmarks/google_play/results/amandroid/repetition_1/com.google.android.apps.classroom.apk;config_Amandroid_kcontext6.xml;0;53234.297345159575
/home/asm140830/Documents/benchmarks/google_play/results/amandroid/repetition_1/com.google.android.apps.classroom.apk;config_Amandroid_kcontext7.xml;0;31218.282114947215
/home/asm140830/Documents/benchmarks/google_play/results/amandroid/repetition_1/com.google.android.apps.googleassistant.apk;config_Amandroid_kcontext5.xml;0;46474.715927033685
/home/asm140830/Documents/benchmarks/google_play/results/amandroid/repetition_1/com.google.android.apps.adm.apk;config_Amandroid_kcontext3.xml;0;27876.02413096465
/home/asm140830/Documents/benchmarks/google_play/results/amandroid/repetition_1/com.google.android.apps.googleassistant.apk;config_Amandroid_kcontext9.xml;0;32702.861982863396
/home/asm140830/Documents/benchmarks/google_play/results/amandroid/repetition_1/com.google.android.apps.youtube.kids.apk;config_Amandroid_default.xml;0;7235837.129577994
/home/asm140830/Documents/benchmarks/google_play/results/amandroid/repetition_1/com.google.android.apps.youtube.kids.apk;config_Amandroid_kcontext10.xml;0;59329.6618280001
/home/asm140830/Documents/benchmarks/google_play/results/amandroid/repetition_1/com.google.android.apps.classroom.apk;config_Amandroid_kcontext2.xml;0;7215402.569487691
/home/asm140830/Documents/benchmarks/google_play/results/amandroid/repetition_1/com.hulu.plus.apk;config_Amandroid_default.xml;0;7217642.546629999
/home/asm140830/Documents/benchmarks/google_play/results/amandroid/repetition_1/com.google.android.apps.youtube.kids.apk;config_Amandroid_kcontext3.xml;0;34589.71195301274
/home/asm140830/Documents/benchmarks/google_play/results/amandroid/repetition_1/com.google.android.apps.youtube.kids.apk;config_Amandroid_kcontext4.xml;0;28471.232577925548
/home/asm140830/Documents/benchmarks/google_play/results/amandroid/repetition_1/com.google.android.apps.youtube.kids.apk;config_Amandroid_kcontext5.xml;0;691670.9983980982
/home/asm140830/Documents/benchmarks/google_play/results/amandroid/repetition_1/com.google.android.apps.youtube.kids.apk;config_Amandroid_kcontext6.xml;0;7221744.877289981
/home/asm140830/Documents/benchmarks/google_play/results/amandroid/repetition_1/com.google.android.apps.youtube.kids.apk;config_Amandroid_kcontext7.xml;0;26018.214953131974
/home/asm140830/Documents/benchmarks/google_play/results/amandroid/repetition_1/com.google.android.apps.youtube.kids.apk;config_Amandroid_kcontext8.xml;0;7229555.772896158
/home/asm140830/Documents/benchmarks/google_play/results/amandroid/repetition_1/com.google.android.apps.youtube.music.apk;config_Amandroid_default.xml;0;70219.00229807943
/home/asm140830/Documents/benchmarks/google_play/results/amandroid/repetition_1/com.google.android.apps.classroom.apk;config_Amandroid_kcontext5.xml;0;1125563.4484470356
/home/asm140830/Documents/benchmarks/google_play/results/amandroid/repetition_1/com.google.android.apps.googleassistant.apk;config_Amandroid_kcontext8.xml;3;235907.6266011689
/home/asm140830/Documents/benchmarks/google_play/results/amandroid/repetition_1/com.google.android.apps.youtube.music.apk;config_Amandroid_kcontext2.xml;0;29932.107425294816
/home/asm140830/Documents/benchmarks/google_play/results/amandroid/repetition_1/com.google.android.apps.youtube.music.apk;config_Amandroid_kcontext3.xml;0;27861.581286008004
/home/asm140830/Documents/benchmarks/google_play/results/amandroid/repetition_1/com.google.android.apps.youtube.music.apk;config_Amandroid_kcontext5.xml;0;31181.01604504045
/home/asm140830/Documents/benchmarks/google_play/results/amandroid/repetition_1/com.google.android.apps.youtube.music.apk;config_Amandroid_kcontext6.xml;0;31290.697696851566
/home/asm140830/Documents/benchmarks/google_play/results/amandroid/repetition_1/com.google.android.apps.youtube.music.apk;config_Amandroid_kcontext7.xml;0;18149.491789052263
/home/asm140830/Documents/benchmarks/google_play/results/amandroid/repetition_1/com.google.android.apps.youtube.music.apk;config_Amandroid_kcontext8.xml;0;38098.30572316423
/home/asm140830/Documents/benchmarks/google_play/results/amandroid/repetition_1/com.google.android.apps.youtube.kids.apk;config_Amandroid_kcontext9.xml;0;71214.45152815431
/home/asm140830/Documents/benchmarks/google_play/results/amandroid/repetition_1/com.google.android.apps.youtube.music.apk;config_Amandroid_kcontext4.xml;0;24428.428295068443
/home/asm140830/Documents/benchmarks/google_play/results/amandroid/repetition_1/com.expedia.bookings.apk;config_Amandroid_kcontext2.xml;0;7206775.200032629
/home/asm140830/Documents/benchmarks/google_play/results/amandroid/repetition_1/com.google.android.apps.youtube.music.apk;config_Amandroid_kcontext9.xml;0;46302.77697974816
/home/asm140830/Documents/benchmarks/google_play/results/amandroid/repetition_1/com.google.android.apps.youtube.kids.apk;config_Amandroid_kcontext2.xml;0;7229379.66146227
/home/asm140830/Documents/benchmarks/google_play/results/amandroid/repetition_1/com.google.android.play.games.apk;config_Amandroid_default.xml;0;68256.9670076482
/home/asm140830/Documents/benchmarks/google_play/results/amandroid/repetition_1/com.google.android.play.games.apk;config_Amandroid_kcontext4.xml;0;41544.96295703575
/home/asm140830/Documents/benchmarks/google_play/results/amandroid/repetition_1/com.google.android.apps.youtube.music.apk;config_Amandroid_kcontext10.xml;0;30912.42583980784
/home/asm140830/Documents/benchmarks/google_play/results/amandroid/repetition_1/com.ebay.mobile.apk;config_Amandroid_kcontext10.xml;0;51171.59897321835
/home/asm140830/Documents/benchmarks/google_play/results/amandroid/repetition_1/com.google.android.play.games.apk;config_Amandroid_kcontext10.xml;0;36376.18166813627
/home/asm140830/Documents/benchmarks/google_play/results/amandroid/repetition_1/com.google.android.play.games.apk;config_Amandroid_kcontext3.xml;0;27287.4864829937
/home/asm140830/Documents/benchmarks/google_play/results/amandroid/repetition_1/com.google.android.projection.gearhead.apk;config_Amandroid_kcontext10.xml;0;36522.79388019815
/home/asm140830/Documents/benchmarks/google_play/results/amandroid/repetition_1/com.google.android.play.games.apk;config_Amandroid_kcontext7.xml;0;30278.415438951924
/home/asm140830/Documents/benchmarks/google_play/results/amandroid/repetition_1/com.google.android.play.games.apk;config_Amandroid_kcontext2.xml;0;57748.87505592778
/home/asm140830/Documents/benchmarks/google_play/results/amandroid/repetition_1/com.google.android.play.games.apk;config_Amandroid_kcontext5.xml;0;659053.4196470398
/home/asm140830/Documents/benchmarks/google_play/results/amandroid/repetition_1/com.audiomack.apk;config_Amandroid_kcontext5.xml;0;361698.98332701996
/home/asm140830/Documents/benchmarks/google_play/results/amandroid/repetition_1/com.creditkarma.mobile.apk;config_Amandroid_kcontext5.xml;0;691975.5510630785
/home/asm140830/Documents/benchmarks/google_play/results/amandroid/repetition_1/com.google.android.play.games.apk;config_Amandroid_kcontext9.xml;0;50154.74362298846
/home/asm140830/Documents/benchmarks/google_play/results/amandroid/repetition_1/com.google.android.play.games.apk;config_Amandroid_kcontext8.xml;0;68700.28301677667
/home/asm140830/Documents/benchmarks/google_play/results/amandroid/repetition_1/com.google.android.projection.gearhead.apk;config_Amandroid_kcontext4.xml;0;26994.44268795196
/home/asm140830/Documents/benchmarks/google_play/results/amandroid/repetition_1/com.google.android.play.games.apk;config_Amandroid_kcontext6.xml;0;26374.676421983168
/home/asm140830/Documents/benchmarks/google_play/results/amandroid/repetition_1/com.google.android.projection.gearhead.apk;config_Amandroid_kcontext9.xml;0;58564.806839916855
/home/asm140830/Documents/benchmarks/google_play/results/amandroid/repetition_1/com.google.android.projection.gearhead.apk;config_Amandroid_kcontext8.xml;0;7213860.112900846
/home/asm140830/Documents/benchmarks/google_play/results/amandroid/repetition_1/com.google.android.projection.gearhead.apk;config_Amandroid_kcontext6.xml;0;7213450.678954134
/home/asm140830/Documents/benchmarks/google_play/results/amandroid/repetition_1/com.google.android.projection.gearhead.apk;config_Amandroid_default.xml;0;7221576.404951047
/home/asm140830/Documents/benchmarks/google_play/results/amandroid/repetition_1/com.google.android.webview.apk;config_Amandroid_kcontext7.xml;0;26014.167063171044
/home/asm140830/Documents/benchmarks/google_play/results/amandroid/repetition_1/com.google.android.webview.apk;config_Amandroid_kcontext3.xml;0;38267.78176397784
/home/asm140830/Documents/benchmarks/google_play/results/amandroid/repetition_1/com.google.android.projection.gearhead.apk;config_Amandroid_kcontext5.xml;0;691889.8950009607
/home/asm140830/Documents/benchmarks/google_play/results/amandroid/repetition_1/com.google.android.projection.gearhead.apk;config_Amandroid_kcontext7.xml;0;21712.252459023148
/home/asm140830/Documents/benchmarks/google_play/results/amandroid/repetition_1/com.google.android.webview.apk;config_Amandroid_kcontext4.xml;0;53503.613946028054
/home/asm140830/Documents/benchmarks/google_play/results/amandroid/repetition_1/com.google.android.webview.apk;config_Amandroid_kcontext6.xml;1;1592596.2677790085
/home/asm140830/Documents/benchmarks/google_play/results/amandroid/repetition_1/com.hulu.plus.apk;config_Amandroid_kcontext2.xml;0;249093.82922388613
/home/asm140830/Documents/benchmarks/google_play/results/amandroid/repetition_1/com.google.android.webview.apk;config_Amandroid_kcontext5.xml;0;691663.4226180613
/home/asm140830/Documents/benchmarks/google_play/results/amandroid/repetition_1/com.hulu.plus.apk;config_Amandroid_kcontext10.xml;0;30493.798275943846
/home/asm140830/Documents/benchmarks/google_play/results/amandroid/repetition_1/com.hulu.plus.apk;config_Amandroid_kcontext6.xml;0;260253.72219108976
/home/asm140830/Documents/benchmarks/google_play/results/amandroid/repetition_1/com.google.android.webview.apk;config_Amandroid_kcontext8.xml;1;1832624.6970740613
/home/asm140830/Documents/benchmarks/google_play/results/amandroid/repetition_1/com.instagram.android.apk;config_Amandroid_kcontext2.xml;0;7243533.17156015
/home/asm140830/Documents/benchmarks/google_play/results/amandroid/repetition_1/com.google.android.webview.apk;config_Amandroid_kcontext2.xml;1;1438639.1019988805
/home/asm140830/Documents/benchmarks/google_play/results/amandroid/repetition_1/com.google.android.projection.gearhead.apk;config_Amandroid_kcontext2.xml;0;7219369.913540315
/home/asm140830/Documents/benchmarks/google_play/results/amandroid/repetition_1/com.hulu.plus.apk;config_Amandroid_kcontext4.xml;0;22254.12584503647
/home/asm140830/Documents/benchmarks/google_play/results/amandroid/repetition_1/com.google.android.apps.adm.apk;config_Amandroid_kcontext5.xml;0;46470.91831499711
/home/asm140830/Documents/benchmarks/google_play/results/amandroid/repetition_1/com.google.android.projection.gearhead.apk;config_Amandroid_kcontext3.xml;0;30136.571257957257
/home/asm140830/Documents/benchmarks/google_play/results/amandroid/repetition_1/com.google.android.webview.apk;config_Amandroid_kcontext10.xml;0;67110.48781592399
/home/asm140830/Documents/benchmarks/google_play/results/amandroid/repetition_1/com.instagram.android.apk;config_Amandroid_kcontext10.xml;0;59249.46270789951
/home/asm140830/Documents/benchmarks/google_play/results/amandroid/repetition_1/com.instagram.android.apk;config_Amandroid_default.xml;0;7228034.3238892965
/home/asm140830/Documents/benchmarks/google_play/results/amandroid/repetition_1/com.google.android.apps.googleassistant.apk;config_Amandroid_kcontext4.xml;0;20078.247857047245
/home/asm140830/Documents/benchmarks/google_play/results/amandroid/repetition_1/com.google.android.webview.apk;config_Amandroid_default.xml;1;3991047.6302769966
/home/asm140830/Documents/benchmarks/google_play/results/amandroid/repetition_1/com.google.android.apps.googleassistant.apk;config_Amandroid_kcontext6.xml;3;380223.6337340437
/home/asm140830/Documents/benchmarks/google_play/results/amandroid/repetition_1/com.instagram.android.apk;config_Amandroid_kcontext8.xml;0;7224537.144379923
/home/asm140830/Documents/benchmarks/google_play/results/amandroid/repetition_1/com.intuit.turbo.apk;config_Amandroid_kcontext10.xml;0;60654.574513901025
/home/asm140830/Documents/benchmarks/google_play/results/amandroid/repetition_1/com.facebook.katana.apk;config_Amandroid_kcontext7.xml;0;36749.94396301918
/home/asm140830/Documents/benchmarks/google_play/results/amandroid/repetition_1/com.google.android.webview.apk;config_Amandroid_kcontext9.xml;0;107230.80434231088
/home/asm140830/Documents/benchmarks/google_play/results/amandroid/repetition_1/com.instagram.android.apk;config_Amandroid_kcontext9.xml;0;64768.72692909092
/home/asm140830/Documents/benchmarks/google_play/results/amandroid/repetition_1/com.intuit.turbo.apk;config_Amandroid_kcontext2.xml;0;7224603.225890081
/home/asm140830/Documents/benchmarks/google_play/results/amandroid/repetition_1/com.intuit.turbo.apk;config_Amandroid_kcontext4.xml;0;41544.91553490516
/home/asm140830/Documents/benchmarks/google_play/results/amandroid/repetition_1/com.intuit.turbo.apk;config_Amandroid_kcontext8.xml;0;7233831.444790121
/home/asm140830/Documents/benchmarks/google_play/results/amandroid/repetition_1/com.instagram.android.apk;config_Amandroid_kcontext3.xml;0;54630.91965398053
/home/asm140830/Documents/benchmarks/google_play/results/amandroid/repetition_1/com.instagram.android.apk;config_Amandroid_kcontext5.xml;0;382698.00019206014
/home/asm140830/Documents/benchmarks/google_play/results/amandroid/repetition_1/com.intuit.turbo.apk;config_Amandroid_kcontext5.xml;0;656014.2198889516
/home/asm140830/Documents/benchmarks/google_play/results/amandroid/repetition_1/com.intuit.turbo.apk;config_Amandroid_kcontext3.xml;0;35681.74997996539
/home/asm140830/Documents/benchmarks/google_play/results/amandroid/repetition_1/com.instagram.android.apk;config_Amandroid_kcontext6.xml;0;83476.5430840198
/home/asm140830/Documents/benchmarks/google_play/results/amandroid/repetition_1/com.instagram.android.apk;config_Amandroid_kcontext7.xml;0;35356.3736109063
/home/asm140830/Documents/benchmarks/google_play/results/amandroid/repetition_1/com.hulu.plus.apk;config_Amandroid_kcontext3.xml;0;27208.39565503411
/home/asm140830/Documents/benchmarks/google_play/results/amandroid/repetition_1/com.intuit.turbo.apk;config_Amandroid_default.xml;0;7249673.775785137
/home/asm140830/Documents/benchmarks/google_play/results/amandroid/repetition_1/com.intuit.turbo.apk;config_Amandroid_kcontext6.xml;0;7204909.732492873
/home/asm140830/Documents/benchmarks/google_play/results/amandroid/repetition_1/com.intuit.turbo.apk;config_Amandroid_kcontext7.xml;0;33466.32414590567
/home/asm140830/Documents/benchmarks/google_play/results/amandroid/repetition_1/com.intuit.turbo.apk;config_Amandroid_kcontext9.xml;0;64733.309072908014
/home/asm140830/Documents/benchmarks/google_play/results/amandroid/repetition_1/com.intuit.turbotax.mobile.apk;config_Amandroid_default.xml;0;7311583.437365014
/home/asm140830/Documents/benchmarks/google_play/results/amandroid/repetition_1/com.intuit.turbotax.mobile.apk;config_Amandroid_kcontext10.xml;0;81249.29102975875
/home/asm140830/Documents/benchmarks/google_play/results/amandroid/repetition_1/com.intuit.turbotax.mobile.apk;config_Amandroid_kcontext2.xml;0;7217174.346940592
/home/asm140830/Documents/benchmarks/google_play/results/amandroid/repetition_1/com.intuit.turbotax.mobile.apk;config_Amandroid_kcontext3.xml;0;38318.31335200695
/home/asm140830/Documents/benchmarks/google_play/results/amandroid/repetition_1/com.intuit.turbotax.mobile.apk;config_Amandroid_kcontext4.xml;0;53754.65489493217
/home/asm140830/Documents/benchmarks/google_play/results/amandroid/repetition_1/com.intuit.turbotax.mobile.apk;config_Amandroid_kcontext8.xml;0;7214040.919813095
/home/asm140830/Documents/benchmarks/google_play/results/amandroid/repetition_1/com.intuit.turbotax.mobile.apk;config_Amandroid_kcontext5.xml;0;691767.7032309584
/home/asm140830/Documents/benchmarks/google_play/results/amandroid/repetition_1/com.intuit.turbotax.mobile.apk;config_Amandroid_kcontext9.xml;0;120633.58792802319
/home/asm140830/Documents/benchmarks/google_play/results/amandroid/repetition_1/com.mcdonalds.app.apk;config_Amandroid_kcontext10.xml;0;88592.64765819535
/home/asm140830/Documents/benchmarks/google_play/results/amandroid/repetition_1/com.mcdonalds.app.apk;config_Amandroid_kcontext4.xml;0;53564.853063900955
/home/asm140830/Documents/benchmarks/google_play/results/amandroid/repetition_1/com.mcdonalds.app.apk;config_Amandroid_kcontext7.xml;0;28387.818234041333
/home/asm140830/Documents/benchmarks/google_play/results/amandroid/repetition_1/com.hulu.plus.apk;config_Amandroid_kcontext8.xml;0;406350.57515394874
/home/asm140830/Documents/benchmarks/google_play/results/amandroid/repetition_1/com.mcdonalds.app.apk;config_Amandroid_kcontext8.xml;0;7230784.660406876
/home/asm140830/Documents/benchmarks/google_play/results/amandroid/repetition_1/com.hulu.plus.apk;config_Amandroid_kcontext7.xml;0;34730.99825694226
/home/asm140830/Documents/benchmarks/google_play/results/amandroid/repetition_1/com.intuit.turbotax.mobile.apk;config_Amandroid_kcontext7.xml;0;28849.774836096913
/home/asm140830/Documents/benchmarks/google_play/results/amandroid/repetition_1/com.mercariapp.mercari.apk;config_Amandroid_kcontext2.xml;0;7211171.791052911
/home/asm140830/Documents/benchmarks/google_play/results/amandroid/repetition_1/com.hulu.plus.apk;config_Amandroid_kcontext5.xml;0;326541.43356194254
/home/asm140830/Documents/benchmarks/google_play/results/amandroid/repetition_1/com.mcdonalds.app.apk;config_Amandroid_kcontext5.xml;0;691732.0216589142
/home/asm140830/Documents/benchmarks/google_play/results/amandroid/repetition_1/com.mercariapp.mercari.apk;config_Amandroid_kcontext3.xml;0;27170.94989598263
/home/asm140830/Documents/benchmarks/google_play/results/amandroid/repetition_1/com.mercariapp.mercari.apk;config_Amandroid_kcontext6.xml;0;7214511.307175038
/home/asm140830/Documents/benchmarks/google_play/results/amandroid/repetition_1/com.hulu.plus.apk;config_Amandroid_kcontext9.xml;0;46483.30339696258
/home/asm140830/Documents/benchmarks/google_play/results/amandroid/repetition_1/com.mercariapp.mercari.apk;config_Amandroid_kcontext10.xml;0;36388.14823515713
/home/asm140830/Documents/benchmarks/google_play/results/amandroid/repetition_1/com.mercariapp.mercari.apk;config_Amandroid_kcontext9.xml;0;46231.000238098204
/home/asm140830/Documents/benchmarks/google_play/results/amandroid/repetition_1/com.mcdonalds.app.apk;config_Amandroid_kcontext3.xml;0;46172.547816997394
/home/asm140830/Documents/benchmarks/google_play/results/amandroid/repetition_1/com.intuit.turbotax.mobile.apk;config_Amandroid_kcontext6.xml;0;7229124.17649501
/home/asm140830/Documents/benchmarks/google_play/results/amandroid/repetition_1/com.microsoft.appmanager.apk;config_Amandroid_kcontext10.xml;0;30663.940388243645
/home/asm140830/Documents/benchmarks/google_play/results/amandroid/repetition_1/com.microsoft.appmanager.apk;config_Amandroid_kcontext6.xml;0;53941.01404794492
/home/asm140830/Documents/benchmarks/google_play/results/amandroid/repetition_1/com.mercariapp.mercari.apk;config_Amandroid_default.xml;0;7224015.40931873
/home/asm140830/Documents/benchmarks/google_play/results/amandroid/repetition_1/com.microsoft.appmanager.apk;config_Amandroid_kcontext9.xml;0;64670.71095388383
/home/asm140830/Documents/benchmarks/google_play/results/amandroid/repetition_1/com.netflix.mediaclient.apk;config_Amandroid_kcontext10.xml;0;51622.06095503643
/home/asm140830/Documents/benchmarks/google_play/results/amandroid/repetition_1/com.audiomack.apk;config_Amandroid_kcontext9.xml;0;46188.668557908386
/home/asm140830/Documents/benchmarks/google_play/results/amandroid/repetition_1/com.google.android.apps.googleassistant.apk;config_Amandroid_kcontext3.xml;0;27883.59288003994
/home/asm140830/Documents/benchmarks/google_play/results/amandroid/repetition_1/com.mcdonalds.app.apk;config_Amandroid_kcontext2.xml;0;7225206.2920057215
/home/asm140830/Documents/benchmarks/google_play/results/amandroid/repetition_1/com.mcdonalds.app.apk;config_Amandroid_kcontext6.xml;0;7236271.863445872
/home/asm140830/Documents/benchmarks/google_play/results/amandroid/repetition_1/com.microsoft.appmanager.apk;config_Amandroid_default.xml;0;118091.88355505466
/home/asm140830/Documents/benchmarks/google_play/results/amandroid/repetition_1/com.google.android.apps.classroom.apk;config_Amandroid_kcontext8.xml;0;7212791.437807959
/home/asm140830/Documents/benchmarks/google_play/results/amandroid/repetition_1/com.instagram.android.apk;config_Amandroid_kcontext4.xml;0;43304.8619980691
/home/asm140830/Documents/benchmarks/google_play/results/amandroid/repetition_1/com.mcdonalds.app.apk;config_Amandroid_kcontext9.xml;0;107085.71569435298
/home/asm140830/Documents/benchmarks/google_play/results/amandroid/repetition_1/com.mercariapp.mercari.apk;config_Amandroid_kcontext4.xml;0;53745.573603897355
/home/asm140830/Documents/benchmarks/google_play/results/amandroid/repetition_1/com.google.android.apps.googleassistant.apk;config_Amandroid_kcontext7.xml;0;34335.072997026145
/home/asm140830/Documents/benchmarks/google_play/results/amandroid/repetition_1/com.mercariapp.mercari.apk;config_Amandroid_kcontext8.xml;0;7206066.442935029
/home/asm140830/Documents/benchmarks/google_play/results/amandroid/repetition_1/com.microsoft.appmanager.apk;config_Amandroid_kcontext2.xml;0;35804.427998606116
/home/asm140830/Documents/benchmarks/google_play/results/amandroid/repetition_1/com.mercariapp.mercari.apk;config_Amandroid_kcontext7.xml;0;34849.7472810559
/home/asm140830/Documents/benchmarks/google_play/results/amandroid/repetition_1/com.netflix.mediaclient.apk;config_Amandroid_kcontext6.xml;0;66482.53146489151
/home/asm140830/Documents/benchmarks/google_play/results/amandroid/repetition_1/com.microsoft.appmanager.apk;config_Amandroid_kcontext7.xml;0;21756.842226022854
/home/asm140830/Documents/benchmarks/google_play/results/amandroid/repetition_1/com.microsoft.appmanager.apk;config_Amandroid_kcontext4.xml;0;26993.07210801635
/home/asm140830/Documents/benchmarks/google_play/results/amandroid/repetition_1/com.microsoft.office.outlook.apk;config_Amandroid_kcontext4.xml;0;64461.64216694888
/home/asm140830/Documents/benchmarks/google_play/results/amandroid/repetition_1/com.microsoft.office.outlook.apk;config_Amandroid_kcontext10.xml;0;97980.14706373215
/home/asm140830/Documents/benchmarks/google_play/results/amandroid/repetition_1/com.microsoft.office.outlook.apk;config_Amandroid_kcontext7.xml;0;59495.39787787944
/home/asm140830/Documents/benchmarks/google_play/results/amandroid/repetition_1/com.microsoft.appmanager.apk;config_Amandroid_kcontext5.xml;0;30969.554921030067
/home/asm140830/Documents/benchmarks/google_play/results/amandroid/repetition_1/com.particlenews.newsbreak.apk;config_Amandroid_kcontext5.xml;0;1273433.614109992
/home/asm140830/Documents/benchmarks/google_play/results/amandroid/repetition_1/com.netflix.mediaclient.apk;config_Amandroid_kcontext3.xml;0;34573.51095601916
/home/asm140830/Documents/benchmarks/google_play/results/amandroid/repetition_1/com.microsoft.appmanager.apk;config_Amandroid_kcontext3.xml;0;34711.32117899833
/home/asm140830/Documents/benchmarks/google_play/results/amandroid/repetition_1/com.particlenews.newsbreak.apk;config_Amandroid_kcontext3.xml;0;34151.27603098517
/home/asm140830/Documents/benchmarks/google_play/results/amandroid/repetition_1/com.microsoft.office.outlook.apk;config_Amandroid_kcontext2.xml;0;7265703.867106698
/home/asm140830/Documents/benchmarks/google_play/results/amandroid/repetition_1/com.creditkarma.mobile.apk;config_Amandroid_default.xml;0;7240827.531690709
/home/asm140830/Documents/benchmarks/google_play/results/amandroid/repetition_1/com.microsoft.office.outlook.apk;config_Amandroid_kcontext3.xml;0;89122.5541010499
/home/asm140830/Documents/benchmarks/google_play/results/amandroid/repetition_1/com.bitstrips.imoji.apk;config_Amandroid_kcontext5.xml;0;33706.20304509066
/home/asm140830/Documents/benchmarks/google_play/results/amandroid/repetition_1/com.particlenews.newsbreak.apk;config_Amandroid_kcontext9.xml;0;46382.25157512352
/home/asm140830/Documents/benchmarks/google_play/results/amandroid/repetition_1/com.microsoft.office.outlook.apk;config_Amandroid_kcontext8.xml;0;7272780.68983811
/home/asm140830/Documents/benchmarks/google_play/results/amandroid/repetition_1/com.particlenews.newsbreak.apk;config_Amandroid_kcontext7.xml;0;29835.520721040666
/home/asm140830/Documents/benchmarks/google_play/results/amandroid/repetition_1/com.particlenews.newsbreak.apk;config_Amandroid_kcontext6.xml;0;7203113.968091086
/home/asm140830/Documents/benchmarks/google_play/results/amandroid/repetition_1/com.paypal.android.p2pmobile.apk;config_Amandroid_default.xml;0;7256798.2441200875
/home/asm140830/Documents/benchmarks/google_play/results/amandroid/repetition_1/com.mcdonalds.app.apk;config_Amandroid_default.xml;0;7252898.784236982
/home/asm140830/Documents/benchmarks/google_play/results/amandroid/repetition_1/com.particlenews.newsbreak.apk;config_Amandroid_kcontext2.xml;0;7211471.210265998
/home/asm140830/Documents/benchmarks/google_play/results/amandroid/repetition_1/com.particlenews.newsbreak.apk;config_Amandroid_kcontext10.xml;0;30516.204424202442
/home/asm140830/Documents/benchmarks/google_play/results/amandroid/repetition_1/com.particlenews.newsbreak.apk;config_Amandroid_kcontext4.xml;0;34978.22504804935
/home/asm140830/Documents/benchmarks/google_play/results/amandroid/repetition_1/com.particlenews.newsbreak.apk;config_Amandroid_kcontext8.xml;0;7209469.932368025
/home/asm140830/Documents/benchmarks/google_play/results/amandroid/repetition_1/com.paypal.android.p2pmobile.apk;config_Amandroid_kcontext10.xml;0;63973.32206880674
/home/asm140830/Documents/benchmarks/google_play/results/amandroid/repetition_1/com.paypal.android.p2pmobile.apk;config_Amandroid_kcontext4.xml;0;49088.58331304509
/home/asm140830/Documents/benchmarks/google_play/results/amandroid/repetition_1/com.paypal.android.p2pmobile.apk;config_Amandroid_kcontext3.xml;0;93106.1969739967
/home/asm140830/Documents/benchmarks/google_play/results/amandroid/repetition_1/com.paypal.android.p2pmobile.apk;config_Amandroid_kcontext5.xml;0;382647.68319693394
/home/asm140830/Documents/benchmarks/google_play/results/amandroid/repetition_1/com.paypal.android.p2pmobile.apk;config_Amandroid_kcontext6.xml;0;127371.54926802032
/home/asm140830/Documents/benchmarks/google_play/results/amandroid/repetition_1/com.particlenews.newsbreak.apk;config_Amandroid_default.xml;0;7215812.603163999
/home/asm140830/Documents/benchmarks/google_play/results/amandroid/repetition_1/com.paypal.android.p2pmobile.apk;config_Amandroid_kcontext7.xml;0;39818.79931106232
/home/asm140830/Documents/benchmarks/google_play/results/amandroid/repetition_1/com.paypal.android.p2pmobile.apk;config_Amandroid_kcontext8.xml;0;7313681.042254902
/home/asm140830/Documents/benchmarks/google_play/results/amandroid/repetition_1/com.paypal.android.p2pmobile.apk;config_Amandroid_kcontext9.xml;0;115623.91283828765
/home/asm140830/Documents/benchmarks/google_play/results/amandroid/repetition_1/com.paypal.android.p2pmobile.apk;config_Amandroid_kcontext2.xml;0;7245805.837076157
/home/asm140830/Documents/benchmarks/google_play/results/amandroid/repetition_1/com.pinterest.apk;config_Amandroid_default.xml;0;180815.05921995267
/home/asm140830/Documents/benchmarks/google_play/results/amandroid/repetition_1/com.microsoft.office.outlook.apk;config_Amandroid_kcontext9.xml;0;169803.7628917955
/home/asm140830/Documents/benchmarks/google_play/results/amandroid/repetition_1/com.pinterest.apk;config_Amandroid_kcontext10.xml;0;52912.18442842364
/home/asm140830/Documents/benchmarks/google_play/results/amandroid/repetition_1/com.microsoft.appmanager.apk;config_Amandroid_kcontext8.xml;0;52698.78837815486
/home/asm140830/Documents/benchmarks/google_play/results/amandroid/repetition_1/com.microsoft.office.outlook.apk;config_Amandroid_kcontext6.xml;0;7207109.882402001
/home/asm140830/Documents/benchmarks/google_play/results/amandroid/repetition_1/com.pinterest.apk;config_Amandroid_kcontext2.xml;0;35666.33435478434
/home/asm140830/Documents/benchmarks/google_play/results/amandroid/repetition_1/com.netflix.mediaclient.apk;config_Amandroid_default.xml;0;7235026.950896252
/home/asm140830/Documents/benchmarks/google_play/results/amandroid/repetition_1/com.pinterest.apk;config_Amandroid_kcontext3.xml;0;27890.870653034654
/home/asm140830/Documents/benchmarks/google_play/results/amandroid/repetition_1/com.pinterest.apk;config_Amandroid_kcontext4.xml;0;24115.698739071377
/home/asm140830/Documents/benchmarks/google_play/results/amandroid/repetition_1/com.pinterest.apk;config_Amandroid_kcontext7.xml;0;21929.12425007671
/home/asm140830/Documents/benchmarks/google_play/results/amandroid/repetition_1/com.pinterest.apk;config_Amandroid_kcontext9.xml;0;58865.97350006923
/home/asm140830/Documents/benchmarks/google_play/results/amandroid/repetition_1/com.pinterest.apk;config_Amandroid_kcontext6.xml;0;47504.16267896071
/home/asm140830/Documents/benchmarks/google_play/results/amandroid/repetition_1/com.remind101.apk;config_Amandroid_default.xml;0;138116.31487077102
/home/asm140830/Documents/benchmarks/google_play/results/amandroid/repetition_1/com.remind101.apk;config_Amandroid_kcontext2.xml;0;73107.92638082057
/home/asm140830/Documents/benchmarks/google_play/results/amandroid/repetition_1/com.remind101.apk;config_Amandroid_kcontext10.xml;0;59297.347760759294
/home/asm140830/Documents/benchmarks/google_play/results/amandroid/repetition_1/com.pinterest.apk;config_Amandroid_kcontext5.xml;0;31076.69529505074
/home/asm140830/Documents/benchmarks/google_play/results/amandroid/repetition_1/com.microsoft.office.outlook.apk;config_Amandroid_default.xml;0;7276632.68243894
/home/asm140830/Documents/benchmarks/google_play/results/amandroid/repetition_1/com.pinterest.apk;config_Amandroid_kcontext8.xml;0;31296.20017996058
/home/asm140830/Documents/benchmarks/google_play/results/amandroid/repetition_1/com.remind101.apk;config_Amandroid_kcontext9.xml;0;64518.132948316634
/home/asm140830/Documents/benchmarks/google_play/results/amandroid/repetition_1/com.remind101.apk;config_Amandroid_kcontext6.xml;0;103756.33172201924
/home/asm140830/Documents/benchmarks/google_play/results/amandroid/repetition_1/com.remind101.apk;config_Amandroid_kcontext5.xml;0;30971.418768982403
/home/asm140830/Documents/benchmarks/google_play/results/amandroid/repetition_1/com.microsoft.office.outlook.apk;config_Amandroid_kcontext5.xml;0;666323.5610580305
/home/asm140830/Documents/benchmarks/google_play/results/amandroid/repetition_1/com.mercariapp.mercari.apk;config_Amandroid_kcontext5.xml;0;400137.71161297336
/home/asm140830/Documents/benchmarks/google_play/results/amandroid/repetition_1/com.remind101.apk;config_Amandroid_kcontext3.xml;0;34627.84531299258
/home/asm140830/Documents/benchmarks/google_play/results/amandroid/repetition_1/com.netflix.mediaclient.apk;config_Amandroid_kcontext5.xml;0;636769.2435500212
/home/asm140830/Documents/benchmarks/google_play/results/amandroid/repetition_1/com.remind101.apk;config_Amandroid_kcontext4.xml;0;28469.49965308886
/home/asm140830/Documents/benchmarks/google_play/results/amandroid/repetition_1/com.roku.remote.apk;config_Amandroid_kcontext6.xml;0;7213252.453492023
/home/asm140830/Documents/benchmarks/google_play/results/amandroid/repetition_1/com.roku.remote.apk;config_Amandroid_kcontext9.xml;0;58597.552669234574
/home/asm140830/Documents/benchmarks/google_play/results/amandroid/repetition_1/com.remind101.apk;config_Amandroid_kcontext7.xml;0;26010.801201919094
/home/asm140830/Documents/benchmarks/google_play/results/amandroid/repetition_1/com.roku.remote.apk;config_Amandroid_kcontext2.xml;0;7231234.43725612
/home/asm140830/Documents/benchmarks/google_play/results/amandroid/repetition_1/com.roku.remote.apk;config_Amandroid_default.xml;0;7211796.296118293
/home/asm140830/Documents/benchmarks/google_play/results/amandroid/repetition_1/com.roku.remote.apk;config_Amandroid_kcontext8.xml;0;7213105.532205896
/home/asm140830/Documents/benchmarks/google_play/results/amandroid/repetition_1/com.netflix.mediaclient.apk;config_Amandroid_kcontext2.xml;0;7225691.39023032
/home/asm140830/Documents/benchmarks/google_play/results/amandroid/repetition_1/com.shopify.arrive.apk;config_Amandroid_kcontext2.xml;0;2058963.5734339245
/home/asm140830/Documents/benchmarks/google_play/results/amandroid/repetition_1/com.netflix.mediaclient.apk;config_Amandroid_kcontext4.xml;0;51741.61706503946
/home/asm140830/Documents/benchmarks/google_play/results/amandroid/repetition_1/com.shopify.arrive.apk;config_Amandroid_kcontext7.xml;0;44888.27191200107
/home/asm140830/Documents/benchmarks/google_play/results/amandroid/repetition_1/com.roku.remote.apk;config_Amandroid_kcontext5.xml;0;692059.1402159771
/home/asm140830/Documents/benchmarks/google_play/results/amandroid/repetition_1/com.shopify.arrive.apk;config_Amandroid_kcontext10.xml;0;36431.74762930721
/home/asm140830/Documents/benchmarks/google_play/results/amandroid/repetition_1/com.netflix.mediaclient.apk;config_Amandroid_kcontext7.xml;0;33609.13682403043
/home/asm140830/Documents/benchmarks/google_play/results/amandroid/repetition_1/com.snapchat.android.apk;config_Amandroid_kcontext6.xml;0;35843.75782706775
/home/asm140830/Documents/benchmarks/google_play/results/amandroid/repetition_1/com.roku.remote.apk;config_Amandroid_kcontext3.xml;0;27428.995345020667
/home/asm140830/Documents/benchmarks/google_play/results/amandroid/repetition_1/com.shopify.arrive.apk;config_Amandroid_kcontext4.xml;0;53794.74134393968
/home/asm140830/Documents/benchmarks/google_play/results/amandroid/repetition_1/com.roku.remote.apk;config_Amandroid_kcontext10.xml;0;30456.607989035547
/home/asm140830/Documents/benchmarks/google_play/results/amandroid/repetition_1/com.snapchat.android.apk;config_Amandroid_kcontext10.xml;0;74406.78929630667
/home/asm140830/Documents/benchmarks/google_play/results/amandroid/repetition_1/com.snapchat.android.apk;config_Amandroid_default.xml;0;113665.45032290742
/home/asm140830/Documents/benchmarks/google_play/results/amandroid/repetition_1/com.shopify.arrive.apk;config_Amandroid_kcontext8.xml;0;1255803.2668191008
/home/asm140830/Documents/benchmarks/google_play/results/amandroid/repetition_1/com.shopify.arrive.apk;config_Amandroid_default.xml;0;2870767.690815963
/home/asm140830/Documents/benchmarks/google_play/results/amandroid/repetition_1/com.squareup.cash.apk;config_Amandroid_kcontext3.xml;0;38742.32135299826
/home/asm140830/Documents/benchmarks/google_play/results/amandroid/repetition_1/com.shopify.arrive.apk;config_Amandroid_kcontext3.xml;0;35812.58403102402
/home/asm140830/Documents/benchmarks/google_play/results/amandroid/repetition_1/com.snapchat.android.apk;config_Amandroid_kcontext2.xml;0;134213.06862588972
/home/asm140830/Documents/benchmarks/google_play/results/amandroid/repetition_1/com.snapchat.android.apk;config_Amandroid_kcontext3.xml;0;35475.032283051405
/home/asm140830/Documents/benchmarks/google_play/results/amandroid/repetition_1/com.roku.remote.apk;config_Amandroid_kcontext4.xml;0;23959.51499894727
/home/asm140830/Documents/benchmarks/google_play/results/amandroid/repetition_1/com.squareup.cash.apk;config_Amandroid_kcontext8.xml;0;7224710.173950996
/home/asm140830/Documents/benchmarks/google_play/results/amandroid/repetition_1/com.snapchat.android.apk;config_Amandroid_kcontext4.xml;0;47478.815443930216
/home/asm140830/Documents/benchmarks/google_play/results/amandroid/repetition_1/com.shopify.arrive.apk;config_Amandroid_kcontext6.xml;0;1526904.4414591044
/home/asm140830/Documents/benchmarks/google_play/results/amandroid/repetition_1/com.subway.mobile.subwayapp03.apk;config_Amandroid_kcontext3.xml;0;49003.349891048856
/home/asm140830/Documents/benchmarks/google_play/results/amandroid/repetition_1/com.squareup.cash.apk;config_Amandroid_kcontext5.xml;0;391379.2015409563
/home/asm140830/Documents/benchmarks/google_play/results/amandroid/repetition_1/com.squareup.cash.apk;config_Amandroid_kcontext2.xml;0;7229198.529195972
/home/asm140830/Documents/benchmarks/google_play/results/amandroid/repetition_1/com.snapchat.android.apk;config_Amandroid_kcontext8.xml;0;84092.3169220332
/home/asm140830/Documents/benchmarks/google_play/results/amandroid/repetition_1/com.remind101.apk;config_Amandroid_kcontext8.xml;0;66349.69642106444
/home/asm140830/Documents/benchmarks/google_play/results/amandroid/repetition_1/com.squareup.cash.apk;config_Amandroid_kcontext9.xml;0;58584.37183499336
/home/asm140830/Documents/benchmarks/google_play/results/amandroid/repetition_1/com.subway.mobile.subwayapp03.apk;config_Amandroid_kcontext10.xml;0;60745.835463982075
/home/asm140830/Documents/benchmarks/google_play/results/amandroid/repetition_1/com.tubitv.apk;config_Amandroid_kcontext10.xml;0;36488.310233689845
/home/asm140830/Documents/benchmarks/google_play/results/amandroid/repetition_1/com.squareup.cash.apk;config_Amandroid_kcontext7.xml;0;22066.8313219212
/home/asm140830/Documents/benchmarks/google_play/results/amandroid/repetition_1/com.shopify.arrive.apk;config_Amandroid_kcontext5.xml;0;691736.9835650316
/home/asm140830/Documents/benchmarks/google_play/results/amandroid/repetition_1/com.snapchat.android.apk;config_Amandroid_kcontext5.xml;0;659111.6489910055
/home/asm140830/Documents/benchmarks/google_play/results/amandroid/repetition_1/com.roku.remote.apk;config_Amandroid_kcontext7.xml;0;21546.7992790509
/home/asm140830/Documents/benchmarks/google_play/results/amandroid/repetition_1/com.twitter.android.apk;config_Amandroid_kcontext6.xml;0;7214793.682446005
/home/asm140830/Documents/benchmarks/google_play/results/amandroid/repetition_1/com.squareup.cash.apk;config_Amandroid_default.xml;0;7239531.483377796
/home/asm140830/Documents/benchmarks/google_play/results/amandroid/repetition_1/com.twitter.android.apk;config_Amandroid_kcontext7.xml;0;41985.02203403041
/home/asm140830/Documents/benchmarks/google_play/results/amandroid/repetition_1/com.snapchat.android.apk;config_Amandroid_kcontext7.xml;0;42010.43273601681
/home/asm140830/Documents/benchmarks/google_play/results/amandroid/repetition_1/com.squareup.cash.apk;config_Amandroid_kcontext6.xml;0;149193.37502215058
/home/asm140830/Documents/benchmarks/google_play/results/amandroid/repetition_1/com.subway.mobile.subwayapp03.apk;config_Amandroid_default.xml;0;183410.97873728722
/home/asm140830/Documents/benchmarks/google_play/results/amandroid/repetition_1/com.squareup.cash.apk;config_Amandroid_kcontext10.xml;0;36437.67084693536
/home/asm140830/Documents/benchmarks/google_play/results/amandroid/repetition_1/com.subway.mobile.subwayapp03.apk;config_Amandroid_kcontext6.xml;0;77883.63230600953
/home/asm140830/Documents/benchmarks/google_play/results/amandroid/repetition_1/com.subway.mobile.subwayapp03.apk;config_Amandroid_kcontext7.xml;0;23988.88210207224
/home/asm140830/Documents/benchmarks/google_play/results/amandroid/repetition_1/com.snapchat.android.apk;config_Amandroid_kcontext9.xml;0;102228.51981408894
/home/asm140830/Documents/benchmarks/google_play/results/amandroid/repetition_1/com.tubitv.apk;config_Amandroid_kcontext7.xml;0;17483.718475094065
/home/asm140830/Documents/benchmarks/google_play/results/amandroid/repetition_1/com.twitter.android.apk;config_Amandroid_kcontext8.xml;0;7251107.644672971
/home/asm140830/Documents/benchmarks/google_play/results/amandroid/repetition_1/com.tubitv.apk;config_Amandroid_kcontext2.xml;0;39716.09071502462
/home/asm140830/Documents/benchmarks/google_play/results/amandroid/repetition_1/com.ubercab.apk;config_Amandroid_default.xml;0;7229365.645172074
/home/asm140830/Documents/benchmarks/google_play/results/amandroid/repetition_1/com.shopify.arrive.apk;config_Amandroid_kcontext9.xml;0;64704.45294631645
/home/asm140830/Documents/benchmarks/google_play/results/amandroid/repetition_1/com.subway.mobile.subwayapp03.apk;config_Amandroid_kcontext2.xml;0;147420.33371096477
/home/asm140830/Documents/benchmarks/google_play/results/amandroid/repetition_1/com.venmo.apk;config_Amandroid_kcontext2.xml;0;84149.44528182968
/home/asm140830/Documents/benchmarks/google_play/results/amandroid/repetition_1/com.squareup.cash.apk;config_Amandroid_kcontext4.xml;0;50204.85809806269
/home/asm140830/Documents/benchmarks/google_play/results/amandroid/repetition_1/com.twitter.android.apk;config_Amandroid_kcontext10.xml;0;51789.5065410994
/home/asm140830/Documents/benchmarks/google_play/results/amandroid/repetition_1/com.tubitv.apk;config_Amandroid_kcontext3.xml;0;27444.616966997273
/home/asm140830/Documents/benchmarks/google_play/results/amandroid/repetition_1/com.subway.mobile.subwayapp03.apk;config_Amandroid_kcontext5.xml;0;382788.48619107157
/home/asm140830/Documents/benchmarks/google_play/results/amandroid/repetition_1/com.tubitv.apk;config_Amandroid_kcontext8.xml;0;45013.223099987954
/home/asm140830/Documents/benchmarks/google_play/results/amandroid/repetition_1/com.tubitv.apk;config_Amandroid_kcontext6.xml;0;29186.353374971077
/home/asm140830/Documents/benchmarks/google_play/results/amandroid/repetition_1/com.subway.mobile.subwayapp03.apk;config_Amandroid_kcontext4.xml;0;43379.89695800934
/home/asm140830/Documents/benchmarks/google_play/results/amandroid/repetition_1/com.tubitv.apk;config_Amandroid_kcontext5.xml;0;25654.8078879714
/home/asm140830/Documents/benchmarks/google_play/results/amandroid/repetition_1/com.twitter.android.apk;config_Amandroid_kcontext4.xml;0;41544.452680973336
/home/asm140830/Documents/benchmarks/google_play/results/amandroid/repetition_1/com.ubercab.apk;config_Amandroid_kcontext2.xml;0;7259351.772333961
/home/asm140830/Documents/benchmarks/google_play/results/amandroid/repetition_1/com.venmo.apk;config_Amandroid_kcontext5.xml;0;33587.369168992154
/home/asm140830/Documents/benchmarks/google_play/results/amandroid/repetition_1/com.ubercab.apk;config_Amandroid_kcontext4.xml;0;53543.89021208044
/home/asm140830/Documents/benchmarks/google_play/results/amandroid/repetition_1/com.venmo.apk;config_Amandroid_kcontext4.xml;0;26992.961833020672
/home/asm140830/Documents/benchmarks/google_play/results/amandroid/repetition_1/com.subway.mobile.subwayapp03.apk;config_Amandroid_kcontext9.xml;0;92405.79272992909
/home/asm140830/Documents/benchmarks/google_play/results/amandroid/repetition_1/com.twitter.android.apk;config_Amandroid_kcontext9.xml;0;58507.70719302818
/home/asm140830/Documents/benchmarks/google_play/results/amandroid/repetition_1/com.ubercab.apk;config_Amandroid_kcontext10.xml;0;89832.65074621886
/home/asm140830/Documents/benchmarks/google_play/results/amandroid/repetition_1/com.whatsapp.apk;config_Amandroid_kcontext10.xml;0;36376.11951259896
/home/asm140830/Documents/benchmarks/google_play/results/amandroid/repetition_1/com.whatsapp.apk;config_Amandroid_kcontext4.xml;0;43424.798451014794
/home/asm140830/Documents/benchmarks/google_play/results/amandroid/repetition_1/com.whatsapp.apk;config_Amandroid_default.xml;0;88144.3856828846
/home/asm140830/Documents/benchmarks/google_play/results/amandroid/repetition_1/com.ubercab.apk;config_Amandroid_kcontext5.xml;0;691488.0284799729
/home/asm140830/Documents/benchmarks/google_play/results/amandroid/repetition_1/com.whatsapp.apk;config_Amandroid_kcontext5.xml;0;655902.5289949495
/home/asm140830/Documents/benchmarks/google_play/results/amandroid/repetition_1/com.whatsapp.apk;config_Amandroid_kcontext6.xml;0;29478.058794047683
/home/asm140830/Documents/benchmarks/google_play/results/amandroid/repetition_1/com.netflix.mediaclient.apk;config_Amandroid_kcontext9.xml;0;71173.96376142278
/home/asm140830/Documents/benchmarks/google_play/results/amandroid/repetition_1/com.yelp.android.apk;config_Amandroid_kcontext10.xml;0;65816.6026622057
/home/asm140830/Documents/benchmarks/google_play/results/amandroid/repetition_1/com.yelp.android.apk;config_Amandroid_default.xml;0;7263678.109978791
/home/asm140830/Documents/benchmarks/google_play/results/amandroid/repetition_1/com.tubitv.apk;config_Amandroid_kcontext4.xml;0;22256.428722990677
/home/asm140830/Documents/benchmarks/google_play/results/amandroid/repetition_1/com.venmo.apk;config_Amandroid_kcontext3.xml;0;35458.1346840132
/home/asm140830/Documents/benchmarks/google_play/results/amandroid/repetition_1/com.ubercab.apk;config_Amandroid_kcontext3.xml;0;59483.742837037425
/home/asm140830/Documents/benchmarks/google_play/results/amandroid/repetition_1/com.yelp.android.apk;config_Amandroid_kcontext3.xml;0;46207.3199559818
/home/asm140830/Documents/benchmarks/google_play/results/amandroid/repetition_1/gov.irs.apk;config_Amandroid_kcontext3.xml;0;27534.143208991736
/home/asm140830/Documents/benchmarks/google_play/results/amandroid/repetition_1/com.whatsapp.apk;config_Amandroid_kcontext8.xml;0;81004.03678999282
/home/asm140830/Documents/benchmarks/google_play/results/amandroid/repetition_1/com.yelp.android.apk;config_Amandroid_kcontext9.xml;0;102426.38696683571
/home/asm140830/Documents/benchmarks/google_play/results/amandroid/repetition_1/com.ubercab.apk;config_Amandroid_kcontext9.xml;0;123440.11922180653
/home/asm140830/Documents/benchmarks/google_play/results/amandroid/repetition_1/com.yelp.android.apk;config_Amandroid_kcontext4.xml;0;53716.122447978705
/home/asm140830/Documents/benchmarks/google_play/results/amandroid/repetition_1/com.yelp.android.apk;config_Amandroid_kcontext6.xml;0;7213802.567631938
/home/asm140830/Documents/benchmarks/google_play/results/amandroid/repetition_1/com.venmo.apk;config_Amandroid_kcontext7.xml;0;25626.794466981664
/home/asm140830/Documents/benchmarks/google_play/results/amandroid/repetition_1/com.bitstrips.imoji.apk;config_Amandroid_kcontext4.xml;0;28469.644999946468
/home/asm140830/Documents/benchmarks/google_play/results/amandroid/repetition_1/com.subway.mobile.subwayapp03.apk;config_Amandroid_kcontext8.xml;0;307787.34508599155
/home/asm140830/Documents/benchmarks/google_play/results/amandroid/repetition_1/com.whatsapp.apk;config_Amandroid_kcontext3.xml;0;30436.640629952308
/home/asm140830/Documents/benchmarks/google_play/results/amandroid/repetition_1/com.whatsapp.apk;config_Amandroid_kcontext7.xml;0;30938.34303296171
/home/asm140830/Documents/benchmarks/google_play/results/amandroid/repetition_1/com.venmo.apk;config_Amandroid_kcontext8.xml;0;57271.92215807736
/home/asm140830/Documents/benchmarks/google_play/results/amandroid/repetition_1/com.ubercab.apk;config_Amandroid_kcontext7.xml;0;34680.19136087969
/home/asm140830/Documents/benchmarks/google_play/results/amandroid/repetition_1/com.ubercab.apk;config_Amandroid_kcontext6.xml;0;7219425.563430181
/home/asm140830/Documents/benchmarks/google_play/results/amandroid/repetition_1/com.netflix.mediaclient.apk;config_Amandroid_kcontext8.xml;0;730374.0689379629
/home/asm140830/Documents/benchmarks/google_play/results/amandroid/repetition_1/me.lyft.android.apk;config_Amandroid_kcontext10.xml;0;36375.04066107795
/home/asm140830/Documents/benchmarks/google_play/results/amandroid/repetition_1/gov.irs.apk;config_Amandroid_kcontext10.xml;0;30816.425542812794
/home/asm140830/Documents/benchmarks/google_play/results/amandroid/repetition_1/com.yelp.android.apk;config_Amandroid_kcontext2.xml;0;7218925.789943896
/home/asm140830/Documents/benchmarks/google_play/results/amandroid/repetition_1/com.venmo.apk;config_Amandroid_kcontext10.xml;0;59435.54090382531
/home/asm140830/Documents/benchmarks/google_play/results/amandroid/repetition_1/com.twitter.android.apk;config_Amandroid_default.xml;0;7237616.730976384
/home/asm140830/Documents/benchmarks/google_play/results/amandroid/repetition_1/gov.irs.apk;config_Amandroid_default.xml;0;7234387.283375021
/home/asm140830/Documents/benchmarks/google_play/results/amandroid/repetition_1/com.yelp.android.apk;config_Amandroid_kcontext8.xml;0;7218418.110005092
/home/asm140830/Documents/benchmarks/google_play/results/amandroid/repetition_1/gov.irs.apk;config_Amandroid_kcontext8.xml;1;992626.4176918194
/home/asm140830/Documents/benchmarks/google_play/results/amandroid/repetition_1/com.venmo.apk;config_Amandroid_kcontext6.xml;0;97560.8272550162
/home/asm140830/Documents/benchmarks/google_play/results/amandroid/repetition_1/com.venmo.apk;config_Amandroid_kcontext9.xml;0;72100.84406286478
/home/asm140830/Documents/benchmarks/google_play/results/amandroid/repetition_1/com.twitter.android.apk;config_Amandroid_kcontext2.xml;0;7225091.885603964
/home/asm140830/Documents/benchmarks/google_play/results/amandroid/repetition_1/com.whatsapp.apk;config_Amandroid_kcontext9.xml;0;46702.80840201303
/home/asm140830/Documents/benchmarks/google_play/results/amandroid/repetition_1/me.lyft.android.apk;config_Amandroid_kcontext9.xml;0;86537.09717839956
/home/asm140830/Documents/benchmarks/google_play/results/amandroid/repetition_1/com.ubercab.apk;config_Amandroid_kcontext8.xml;0;7224174.008870032
/home/asm140830/Documents/benchmarks/google_play/results/amandroid/repetition_1/com.twitter.android.apk;config_Amandroid_kcontext5.xml;0;659220.9270390449
/home/asm140830/Documents/benchmarks/google_play/results/amandroid/repetition_1/gov.irs.apk;config_Amandroid_kcontext9.xml;0;32647.169396746904
/home/asm140830/Documents/benchmarks/google_play/results/amandroid/repetition_1/com.yelp.android.apk;config_Amandroid_kcontext7.xml;0;28713.29785697162
/home/asm140830/Documents/benchmarks/google_play/results/amandroid/repetition_1/com.venmo.apk;config_Amandroid_default.xml;0;59437.47193692252
/home/asm140830/Documents/benchmarks/google_play/results/amandroid/repetition_1/com.audible.application.apk;config_Amandroid_kcontext5.xml;0;46471.262397943065
/home/asm140830/Documents/benchmarks/google_play/results/amandroid/repetition_1/gov.irs.apk;config_Amandroid_kcontext4.xml;0;20385.739960009232
/home/asm140830/Documents/benchmarks/google_play/results/amandroid/repetition_1/com.yelp.android.apk;config_Amandroid_kcontext5.xml;0;691691.2112029968
/home/asm140830/Documents/benchmarks/google_play/results/amandroid/repetition_1/com.twitter.android.apk;config_Amandroid_kcontext3.xml;0;34637.19267601846
/home/asm140830/Documents/benchmarks/google_play/results/amandroid/repetition_1/tv.twitch.android.app.apk;config_Amandroid_kcontext3.xml;0;50332.08453899715
/home/asm140830/Documents/benchmarks/google_play/results/amandroid/repetition_1/me.lyft.android.apk;config_Amandroid_kcontext6.xml;0;69578.67100695148
/home/asm140830/Documents/benchmarks/google_play/results/amandroid/repetition_1/me.lyft.android.apk;config_Amandroid_kcontext3.xml;0;55810.38946704939
/home/asm140830/Documents/benchmarks/google_play/results/amandroid/repetition_1/tv.twitch.android.app.apk;config_Amandroid_kcontext7.xml;0;27895.878167124465
/home/asm140830/Documents/benchmarks/google_play/results/amandroid/repetition_1/com.whatsapp.apk;config_Amandroid_kcontext2.xml;0;86535.99294787273
/home/asm140830/Documents/benchmarks/google_play/results/amandroid/repetition_1/gov.irs.apk;config_Amandroid_kcontext5.xml;0;46472.906228969805
/home/asm140830/Documents/benchmarks/google_play/results/amandroid/repetition_1/tv.pluto.android.apk;config_Amandroid_default.xml;0;7226069.949252997
/home/asm140830/Documents/benchmarks/google_play/results/amandroid/repetition_1/gov.irs.apk;config_Amandroid_kcontext2.xml;1;1350714.0144170262
/home/asm140830/Documents/benchmarks/google_play/results/amandroid/repetition_1/me.lyft.android.apk;config_Amandroid_kcontext8.xml;0;7263559.4683389645
/home/asm140830/Documents/benchmarks/google_play/results/amandroid/repetition_1/gov.irs.apk;config_Amandroid_kcontext6.xml;1;2309632.043902995
/home/asm140830/Documents/benchmarks/google_play/results/amandroid/repetition_1/tv.pluto.android.apk;config_Amandroid_kcontext2.xml;0;7215680.331179872
/home/asm140830/Documents/benchmarks/google_play/results/amandroid/repetition_1/me.lyft.android.apk;config_Amandroid_default.xml;0;7244322.74925895
/home/asm140830/Documents/benchmarks/google_play/results/amandroid/repetition_1/tv.pluto.android.apk;config_Amandroid_kcontext3.xml;0;27965.740154962987
/home/asm140830/Documents/benchmarks/google_play/results/amandroid/repetition_1/gov.irs.apk;config_Amandroid_kcontext7.xml;0;34321.76215481013
/home/asm140830/Documents/benchmarks/google_play/results/amandroid/repetition_1/tv.pluto.android.apk;config_Amandroid_kcontext6.xml;0;7209143.291088054
/home/asm140830/Documents/benchmarks/google_play/results/amandroid/repetition_1/tv.pluto.android.apk;config_Amandroid_kcontext4.xml;0;24088.375051040202
/home/asm140830/Documents/benchmarks/google_play/results/amandroid/repetition_1/me.lyft.android.apk;config_Amandroid_kcontext2.xml;0;7288031.564726029
/home/asm140830/Documents/benchmarks/google_play/results/amandroid/repetition_1/tv.pluto.android.apk;config_Amandroid_kcontext8.xml;0;7217049.948177068
/home/asm140830/Documents/benchmarks/google_play/results/amandroid/repetition_1/com.tubitv.apk;config_Amandroid_kcontext9.xml;0;32654.10899417475
/home/asm140830/Documents/benchmarks/google_play/results/amandroid/repetition_1/tv.pluto.android.apk;config_Amandroid_kcontext5.xml;0;691817.413196899
/home/asm140830/Documents/benchmarks/google_play/results/amandroid/repetition_1/me.lyft.android.apk;config_Amandroid_kcontext5.xml;0;7206129.150518915
/home/asm140830/Documents/benchmarks/google_play/results/amandroid/repetition_1/me.lyft.android.apk;config_Amandroid_kcontext4.xml;0;43261.19952904992
/home/asm140830/Documents/benchmarks/google_play/results/amandroid/repetition_1/tv.twitch.android.app.apk;config_Amandroid_kcontext4.xml;0;43381.74788502511
/home/asm140830/Documents/benchmarks/google_play/results/amandroid/repetition_1/tv.pluto.android.apk;config_Amandroid_kcontext7.xml;0;44698.4530990012
/home/asm140830/Documents/benchmarks/google_play/results/amandroid/repetition_1/tv.twitch.android.app.apk;config_Amandroid_kcontext6.xml;0;64921.780893113464
/home/asm140830/Documents/benchmarks/google_play/results/amandroid/repetition_1/me.lyft.android.apk;config_Amandroid_kcontext7.xml;0;27630.029384046793
/home/asm140830/Documents/benchmarks/google_play/results/amandroid/repetition_1/videoeditor.videorecorder.screenrecorder.apk;config_Amandroid_kcontext7.xml;0;34340.62645002268
/home/asm140830/Documents/benchmarks/google_play/results/amandroid/repetition_1/tv.twitch.android.app.apk;config_Amandroid_kcontext8.xml;0;7230548.4980959445
/home/asm140830/Documents/benchmarks/google_play/results/amandroid/repetition_1/tv.pluto.android.apk;config_Amandroid_kcontext9.xml;0;32638.749756850302
/home/asm140830/Documents/benchmarks/google_play/results/amandroid/repetition_1/tv.twitch.android.app.apk;config_Amandroid_kcontext10.xml;0;51605.57577526197
/home/asm140830/Documents/benchmarks/google_play/results/amandroid/repetition_1/videoeditor.videorecorder.screenrecorder.apk;config_Amandroid_default.xml;0;7250800.505033229
/home/asm140830/Documents/benchmarks/google_play/results/amandroid/repetition_1/tv.pluto.android.apk;config_Amandroid_kcontext10.xml;0;30357.309937942773
/home/asm140830/Documents/benchmarks/google_play/results/amandroid/repetition_1/videoeditor.videorecorder.screenrecorder.apk;config_Amandroid_kcontext2.xml;0;7206842.2882598825
/home/asm140830/Documents/benchmarks/google_play/results/amandroid/repetition_1/tv.twitch.android.app.apk;config_Amandroid_default.xml;0;7227638.018632773
/home/asm140830/Documents/benchmarks/google_play/results/amandroid/repetition_1/videoeditor.videorecorder.screenrecorder.apk;config_Amandroid_kcontext4.xml;0;20473.375978996046
/home/asm140830/Documents/benchmarks/google_play/results/amandroid/repetition_1/tv.twitch.android.app.apk;config_Amandroid_kcontext2.xml;0;7231123.145170044
/home/asm140830/Documents/benchmarks/google_play/results/amandroid/repetition_1/videoeditor.videorecorder.screenrecorder.apk;config_Amandroid_kcontext6.xml;0;7207692.763553932
/home/asm140830/Documents/benchmarks/google_play/results/amandroid/repetition_1/videoeditor.videorecorder.screenrecorder.apk;config_Amandroid_kcontext5.xml;0;691798.8981079543
/home/asm140830/Documents/benchmarks/google_play/results/amandroid/repetition_1/videoeditor.videorecorder.screenrecorder.apk;config_Amandroid_kcontext3.xml;0;27240.538117999677
/home/asm140830/Documents/benchmarks/google_play/results/amandroid/repetition_1/tv.twitch.android.app.apk;config_Amandroid_kcontext5.xml;0;382702.99394999165
/home/asm140830/Documents/benchmarks/google_play/results/amandroid/repetition_1/videoeditor.videorecorder.screenrecorder.apk;config_Amandroid_kcontext10.xml;0;30392.839435022324
/home/asm140830/Documents/benchmarks/google_play/results/amandroid/repetition_1/videoeditor.videorecorder.screenrecorder.apk;config_Amandroid_kcontext8.xml;0;7208735.910924152
/home/asm140830/Documents/benchmarks/google_play/results/amandroid/repetition_1/videoeditor.videorecorder.screenrecorder.apk;config_Amandroid_kcontext9.xml;0;32667.22936090082
/home/asm140830/Documents/benchmarks/google_play/results/amandroid/repetition_1/tv.twitch.android.app.apk;config_Amandroid_kcontext9.xml;0;81027.50171301886
